COMUNA,BARRIO,COMPORTAMIENTO,Count of comportamiento
01. NORTE,ALTOS DEL KENNEDY,Lit. e,1
01. NORTE,ALTOS DEL KENNEDY,Num. 1,16
01. NORTE,ALTOS DEL KENNEDY,Num. 16,2
01. NORTE,ALTOS DEL KENNEDY,Num. 2,102
01. NORTE,ALTOS DEL KENNEDY,Num. 3,2
01. NORTE,ALTOS DEL KENNEDY,Num. 4,4
01. NORTE,ALTOS DEL KENNEDY,Num. 6,16
01. NORTE,ALTOS DEL KENNEDY,Num. 7,26
01. NORTE,ALTOS DEL PROGRESO,Lit. c,1
01. NORTE,ALTOS DEL PROGRESO,Num. 1,21
01. NORTE,ALTOS DEL PROGRESO,Num. 11,2
01. NORTE,ALTOS DEL PROGRESO,Num. 16,4
01. NORTE,ALTOS DEL PROGRESO,Num. 2,19
01. NORTE,ALTOS DEL PROGRESO,Num. 3,12
01. NORTE,ALTOS DEL PROGRESO,Num. 4,2
01. NORTE,ALTOS DEL PROGRESO,Num. 5,1
01. NORTE,ALTOS DEL PROGRESO,Num. 6,57
01. NORTE,ALTOS DEL PROGRESO,Num. 7,8
01. NORTE,ALTOS DEL PROGRESO,Num. 8,3
01. NORTE,ASENTAMIENTO CAMINO DE PAZ I,Num. 6,2
01. NORTE,ASENTAMIENTO CERVUNION,Num. 2,1
01. NORTE,ASENTAMIENTO CERVUNION,Num. 6,2
01. NORTE,ASENTAMIENTO DIVINO NINO,Num. 1,19
01. NORTE,ASENTAMIENTO DIVINO NINO,Num. 2,5
01. NORTE,ASENTAMIENTO DIVINO NINO,Num. 3,2
01. NORTE,ASENTAMIENTO DIVINO NINO,Num. 4,2
01. NORTE,ASENTAMIENTO DIVINO NINO,Num. 6,19
01. NORTE,ASENTAMIENTO DIVINO NINO,Num. 7,8
01. NORTE,ASENTAMIENTO DIVINO NINO,Num. 8,2
01. NORTE,BALCONES DEL KENEDY,Lit. a,2
01. NORTE,BALCONES DEL KENEDY,Num. 1,5
01. NORTE,BALCONES DEL KENEDY,Num. 2,8
01. NORTE,BALCONES DEL KENEDY,Num. 3,1
01. NORTE,BALCONES DEL KENEDY,Num. 6,10
01. NORTE,BARRIO NUEVO,Num. 6,4
01. NORTE,BETANIA,Lit. a,1
01. NORTE,BETANIA,Num. 1,50
01. NORTE,BETANIA,Num. 11,2
01. NORTE,BETANIA,Num. 16,2
01. NORTE,BETANIA,Num. 2,151
01. NORTE,BETANIA,Num. 3,14
01. NORTE,BETANIA,Num. 4,13
01. NORTE,BETANIA,Num. 5,2
01. NORTE,BETANIA,Num. 6,224
01. NORTE,BETANIA,Num. 7,8
01. NORTE,BETANIA,Num. 8,4
01. NORTE,CAFE MADRID,Lit. a,9
01. NORTE,CAFE MADRID,Lit. b,12
01. NORTE,CAFE MADRID,Lit. c,4
01. NORTE,CAFE MADRID,Lit. e,5
01. NORTE,CAFE MADRID,Num. 1,352
01. NORTE,CAFE MADRID,Num. 10,2
01. NORTE,CAFE MADRID,Num. 11,1
01. NORTE,CAFE MADRID,Num. 16,43
01. NORTE,CAFE MADRID,Num. 2,328
01. NORTE,CAFE MADRID,Num. 3,55
01. NORTE,CAFE MADRID,Num. 4,83
01. NORTE,CAFE MADRID,Num. 5,16
01. NORTE,CAFE MADRID,Num. 6,558
01. NORTE,CAFE MADRID,Num. 7,93
01. NORTE,CAFE MADRID,Num. 8,29
01. NORTE,CAFE MADRID,Num. 9,1
01. NORTE,CAMPESTRE NORTE (GETSEMANI / LOS CERROS / LA FORTUNA),Num. 1,7
01. NORTE,CAMPESTRE NORTE (GETSEMANI / LOS CERROS / LA FORTUNA),Num. 13,1
01. NORTE,CAMPESTRE NORTE (GETSEMANI / LOS CERROS / LA FORTUNA),Num. 16,2
01. NORTE,CAMPESTRE NORTE (GETSEMANI / LOS CERROS / LA FORTUNA),Num. 2,19
01. NORTE,CAMPESTRE NORTE (GETSEMANI / LOS CERROS / LA FORTUNA),Num. 3,2
01. NORTE,CAMPESTRE NORTE (GETSEMANI / LOS CERROS / LA FORTUNA),Num. 4,2
01. NORTE,CAMPESTRE NORTE (GETSEMANI / LOS CERROS / LA FORTUNA),Num. 6,52
01. NORTE,CAMPESTRE NORTE (GETSEMANI / LOS CERROS / LA FORTUNA),Num. 7,3
01. NORTE,CLAVERIANO,Lit. b,1
01. NORTE,CLAVERIANO,Num. 1,15
01. NORTE,CLAVERIANO,Num. 2,14
01. NORTE,CLAVERIANO,Num. 3,2
01. NORTE,CLAVERIANO,Num. 4,1
01. NORTE,CLAVERIANO,Num. 6,52
01. NORTE,CLAVERIANO,Num. 7,5
01. NORTE,CLAVERIANO,Num. 8,3
01. NORTE,COLORADOS,Lit. a,5
01. NORTE,COLORADOS,Lit. c,1
01. NORTE,COLORADOS,Lit. e,1
01. NORTE,COLORADOS,Lit. f,1
01. NORTE,COLORADOS,Num. 1,219
01. NORTE,COLORADOS,Num. 10,2
01. NORTE,COLORADOS,Num. 11,3
01. NORTE,COLORADOS,Num. 12,1
01. NORTE,COLORADOS,Num. 14,1
01. NORTE,COLORADOS,Num. 15,1
01. NORTE,COLORADOS,Num. 16,16
01. NORTE,COLORADOS,Num. 2,203
01. NORTE,COLORADOS,Num. 3,55
01. NORTE,COLORADOS,Num. 4,16
01. NORTE,COLORADOS,Num. 5,13
01. NORTE,COLORADOS,Num. 6,437
01. NORTE,COLORADOS,Num. 7,43
01. NORTE,COLORADOS,Num. 8,13
01. NORTE,COLSEGUROS NORTE,Lit. a,1
01. NORTE,COLSEGUROS NORTE,Lit. c,1
01. NORTE,COLSEGUROS NORTE,Num. 1,26
01. NORTE,COLSEGUROS NORTE,Num. 10,1
01. NORTE,COLSEGUROS NORTE,Num. 11,1
01. NORTE,COLSEGUROS NORTE,Num. 16,3
01. NORTE,COLSEGUROS NORTE,Num. 2,24
01. NORTE,COLSEGUROS NORTE,Num. 3,10
01. NORTE,COLSEGUROS NORTE,Num. 4,2
01. NORTE,COLSEGUROS NORTE,Num. 5,31
01. NORTE,COLSEGUROS NORTE,Num. 6,47
01. NORTE,COLSEGUROS NORTE,Num. 7,5
01. NORTE,COLSEGUROS NORTE,Num. 8,1
01. NORTE,EL PABLÓN,Num. 1,33
01. NORTE,EL PABLÓN,Num. 12,1
01. NORTE,EL PABLÓN,Num. 16,2
01. NORTE,EL PABLÓN,Num. 2,19
01. NORTE,EL PABLÓN,Num. 3,5
01. NORTE,EL PABLÓN,Num. 4,3
01. NORTE,EL PABLÓN,Num. 6,89
01. NORTE,EL PABLÓN,Num. 7,15
01. NORTE,EL PABLÓN,Num. 8,1
01. NORTE,EL ROSAL,Num. 1,13
01. NORTE,EL ROSAL,Num. 2,24
01. NORTE,EL ROSAL,Num. 3,2
01. NORTE,EL ROSAL,Num. 4,1
01. NORTE,EL ROSAL,Num. 6,18
01. NORTE,EL ROSAL,Num. 7,2
01. NORTE,KENNEDY,Lit. a,4
01. NORTE,KENNEDY,Lit. b,9
01. NORTE,KENNEDY,Lit. c,4
01. NORTE,KENNEDY,Lit. e,5
01. NORTE,KENNEDY,Num. 1,245
01. NORTE,KENNEDY,Num. 10,1
01. NORTE,KENNEDY,Num. 11,25
01. NORTE,KENNEDY,Num. 12,4
01. NORTE,KENNEDY,Num. 13,1
01. NORTE,KENNEDY,Num. 16,16
01. NORTE,KENNEDY,Num. 2,491
01. NORTE,KENNEDY,Num. 3,72
01. NORTE,KENNEDY,Num. 4,83
01. NORTE,KENNEDY,Num. 5,9
01. NORTE,KENNEDY,Num. 6,455
01. NORTE,KENNEDY,Num. 7,248
01. NORTE,KENNEDY,Num. 8,45
01. NORTE,LAS HAMACAS,Lit. c,1
01. NORTE,LAS HAMACAS,Num. 1,20
01. NORTE,LAS HAMACAS,Num. 16,1
01. NORTE,LAS HAMACAS,Num. 2,37
01. NORTE,LAS HAMACAS,Num. 3,5
01. NORTE,LAS HAMACAS,Num. 5,2
01. NORTE,LAS HAMACAS,Num. 6,46
01. NORTE,LAS HAMACAS,Num. 7,11
01. NORTE,LAS HAMACAS,Num. 8,2
01. NORTE,MARIA PAZ,Lit. e,1
01. NORTE,MARIA PAZ,Num. 1,42
01. NORTE,MARIA PAZ,Num. 16,2
01. NORTE,MARIA PAZ,Num. 2,72
01. NORTE,MARIA PAZ,Num. 3,13
01. NORTE,MARIA PAZ,Num. 4,9
01. NORTE,MARIA PAZ,Num. 5,4
01. NORTE,MARIA PAZ,Num. 6,71
01. NORTE,MARIA PAZ,Num. 7,32
01. NORTE,MARIA PAZ,Num. 8,5
01. NORTE,MARIA PAZ,Num. 9,1
01. NORTE,MINUTO DE DIOS,Lit. c,1
01. NORTE,MINUTO DE DIOS,Num. 1,19
01. NORTE,MINUTO DE DIOS,Num. 10,3
01. NORTE,MINUTO DE DIOS,Num. 12,2
01. NORTE,MINUTO DE DIOS,Num. 2,17
01. NORTE,MINUTO DE DIOS,Num. 3,3
01. NORTE,MINUTO DE DIOS,Num. 4,3
01. NORTE,MINUTO DE DIOS,Num. 5,3
01. NORTE,MINUTO DE DIOS,Num. 6,14
01. NORTE,MINUTO DE DIOS,Num. 7,6
01. NORTE,MINUTO DE DIOS,Num. 8,1
01. NORTE,MIRADOR DEL KENNEDY,Num. 1,6
01. NORTE,MIRADOR DEL KENNEDY,Num. 2,2
01. NORTE,MIRADOR DEL KENNEDY,Num. 3,3
01. NORTE,MIRADOR DEL KENNEDY,Num. 6,8
01. NORTE,MIRADOR DEL KENNEDY,Num. 7,8
01. NORTE,MIRAMAR,Lit. b,2
01. NORTE,MIRAMAR,Num. 1,11
01. NORTE,MIRAMAR,Num. 11,2
01. NORTE,MIRAMAR,Num. 13,1
01. NORTE,MIRAMAR,Num. 2,6
01. NORTE,MIRAMAR,Num. 3,4
01. NORTE,MIRAMAR,Num. 6,16
01. NORTE,MIRAMAR,Num. 7,8
01. NORTE,MIRAMAR,Num. 8,1
01. NORTE,OLAS ALTAS,Lit. c,1
01. NORTE,OLAS ALTAS,Num. 1,5
01. NORTE,OLAS ALTAS,Num. 2,19
01. NORTE,OLAS ALTAS,Num. 4,3
01. NORTE,OLAS ALTAS,Num. 5,1
01. NORTE,OLAS ALTAS,Num. 6,20
01. NORTE,OLAS ALTAS,Num. 7,10
01. NORTE,OLAS ALTAS,Num. 8,2
01. NORTE,OLAS BAJAS,Lit. c,1
01. NORTE,OLAS BAJAS,Num. 1,10
01. NORTE,OLAS BAJAS,Num. 2,10
01. NORTE,OLAS BAJAS,Num. 3,9
01. NORTE,OLAS BAJAS,Num. 4,2
01. NORTE,OLAS BAJAS,Num. 6,24
01. NORTE,OLAS BAJAS,Num. 7,8
01. NORTE,OLAS BAJAS,Num. 8,2
01. NORTE,OMAGA I,Num. 1,2
01. NORTE,OMAGA I,Num. 2,2
01. NORTE,OMAGA I,Num. 4,1
01. NORTE,OMAGA I,Num. 6,9
01. NORTE,OMAGA II,Num. 1,5
01. NORTE,OMAGA II,Num. 2,4
01. NORTE,OMAGA II,Num. 6,4
01. NORTE,OMAGA II,Num. 7,3
01. NORTE,PAISAJES NORTE,Lit. a,1
01. NORTE,PAISAJES NORTE,Num. 1,10
01. NORTE,PAISAJES NORTE,Num. 13,1
01. NORTE,PAISAJES NORTE,Num. 2,14
01. NORTE,PAISAJES NORTE,Num. 6,51
01. NORTE,PAISAJES NORTE,Num. 7,1
01. NORTE,PAISAJES NORTE,Num. 8,2
01. NORTE,PORTAL DE LOS ANGELES (ASOVIPORAN),Num. 2,3
01. NORTE,PORTAL DE LOS ANGELES (ASOVIPORAN),Num. 6,1
01. NORTE,ROSALTA,Num. 1,1
01. NORTE,ROSALTA,Num. 2,1
01. NORTE,ROSALTA,Num. 6,1
01. NORTE,SAN VALENTIN,Num. 1,1
01. NORTE,SAN VALENTIN,Num. 2,1
01. NORTE,SAN VALENTIN,Num. 6,18
01. NORTE,TEJAR NORTE,Lit. a,1
01. NORTE,TEJAR NORTE,Num. 1,35
01. NORTE,TEJAR NORTE,Num. 11,2
01. NORTE,TEJAR NORTE,Num. 16,1
01. NORTE,TEJAR NORTE,Num. 2,29
01. NORTE,TEJAR NORTE,Num. 3,7
01. NORTE,TEJAR NORTE,Num. 4,6
01. NORTE,TEJAR NORTE,Num. 6,32
01. NORTE,TEJAR NORTE,Num. 7,26
01. NORTE,TEJAR NORTE,Num. 8,3
01. NORTE,TEJAR NORTE,Num. 9,1
01. NORTE,TEJARCITO,Num. 1,2
01. NORTE,TEJARCITO,Num. 6,1
01. NORTE,URBANIZACION CAMPO MADRID,Lit. a,1
01. NORTE,URBANIZACION CAMPO MADRID,Num. 1,28
01. NORTE,URBANIZACION CAMPO MADRID,Num. 11,1
01. NORTE,URBANIZACION CAMPO MADRID,Num. 2,40
01. NORTE,URBANIZACION CAMPO MADRID,Num. 3,6
01. NORTE,URBANIZACION CAMPO MADRID,Num. 4,2
01. NORTE,URBANIZACION CAMPO MADRID,Num. 5,1
01. NORTE,URBANIZACION CAMPO MADRID,Num. 6,72
01. NORTE,URBANIZACION CAMPO MADRID,Num. 7,9
01. NORTE,URBANIZACION CAMPO MADRID,Num. 8,3
01. NORTE,VILLA ALEGRIA I,Num. 1,1
01. NORTE,VILLA ALEGRIA I,Num. 2,7
01. NORTE,VILLA ALEGRIA I,Num. 6,7
01. NORTE,VILLA ALEGRIA I,Num. 7,1
01. NORTE,VILLA ALEGRIA II,Num. 1,7
01. NORTE,VILLA ALEGRIA II,Num. 2,10
01. NORTE,VILLA ALEGRIA II,Num. 4,1
01. NORTE,VILLA ALEGRIA II,Num. 6,19
01. NORTE,VILLA MARIA I,Lit. a,1
01. NORTE,VILLA MARIA I,Num. 1,5
01. NORTE,VILLA MARIA I,Num. 2,1
01. NORTE,VILLA MARIA I,Num. 3,4
01. NORTE,VILLA MARIA I,Num. 4,1
01. NORTE,VILLA MARIA I,Num. 6,7
01. NORTE,VILLA MARIA I,Num. 7,2
01. NORTE,VILLA ROSA,Lit. a,5
01. NORTE,VILLA ROSA,Lit. b,2
01. NORTE,VILLA ROSA,Lit. c,3
01. NORTE,VILLA ROSA,Num. 1,107
01. NORTE,VILLA ROSA,Num. 11,1
01. NORTE,VILLA ROSA,Num. 16,8
01. NORTE,VILLA ROSA,Num. 2,130
01. NORTE,VILLA ROSA,Num. 3,39
01. NORTE,VILLA ROSA,Num. 4,10
01. NORTE,VILLA ROSA,Num. 5,5
01. NORTE,VILLA ROSA,Num. 6,336
01. NORTE,VILLA ROSA,Num. 7,81
01. NORTE,VILLA ROSA,Num. 8,12
01. NORTE,VILLAS DE SAN IGNACIO (SECTORES BAVARIA I Y II / BETANIA I Y II / INGESER),Art. 27,1
01. NORTE,VILLAS DE SAN IGNACIO (SECTORES BAVARIA I Y II / BETANIA I Y II / INGESER),Lit. b,4
01. NORTE,VILLAS DE SAN IGNACIO (SECTORES BAVARIA I Y II / BETANIA I Y II / INGESER),Lit. c,1
01. NORTE,VILLAS DE SAN IGNACIO (SECTORES BAVARIA I Y II / BETANIA I Y II / INGESER),Num. 1,56
01. NORTE,VILLAS DE SAN IGNACIO (SECTORES BAVARIA I Y II / BETANIA I Y II / INGESER),Num. 10,2
01. NORTE,VILLAS DE SAN IGNACIO (SECTORES BAVARIA I Y II / BETANIA I Y II / INGESER),Num. 11,1
01. NORTE,VILLAS DE SAN IGNACIO (SECTORES BAVARIA I Y II / BETANIA I Y II / INGESER),Num. 16,5
01. NORTE,VILLAS DE SAN IGNACIO (SECTORES BAVARIA I Y II / BETANIA I Y II / INGESER),Num. 2,133
01. NORTE,VILLAS DE SAN IGNACIO (SECTORES BAVARIA I Y II / BETANIA I Y II / INGESER),Num. 3,20
01. NORTE,VILLAS DE SAN IGNACIO (SECTORES BAVARIA I Y II / BETANIA I Y II / INGESER),Num. 4,9
01. NORTE,VILLAS DE SAN IGNACIO (SECTORES BAVARIA I Y II / BETANIA I Y II / INGESER),Num. 5,1
01. NORTE,VILLAS DE SAN IGNACIO (SECTORES BAVARIA I Y II / BETANIA I Y II / INGESER),Num. 6,250
01. NORTE,VILLAS DE SAN IGNACIO (SECTORES BAVARIA I Y II / BETANIA I Y II / INGESER),Num. 7,29
01. NORTE,VILLAS DE SAN IGNACIO (SECTORES BAVARIA I Y II / BETANIA I Y II / INGESER),Num. 8,9
02. NORORIENTAL,13 DE JUNIO,Num. 1,3
02. NORORIENTAL,13 DE JUNIO,Num. 2,14
02. NORORIENTAL,13 DE JUNIO,Num. 3,1
02. NORORIENTAL,13 DE JUNIO,Num. 5,1
02. NORORIENTAL,13 DE JUNIO,Num. 6,16
02. NORORIENTAL,13 DE JUNIO,Num. 7,7
02. NORORIENTAL,13 DE JUNIO,Num. 8,3
02. NORORIENTAL,ASENTAMIENTO MESETAS DEL SANTUARIO,Num. 4,1
02. NORORIENTAL,ASENTAMIENTO MIRADOR DEL NORTE,Num. 1,20
02. NORORIENTAL,ASENTAMIENTO MIRADOR DEL NORTE,Num. 16,1
02. NORORIENTAL,ASENTAMIENTO MIRADOR DEL NORTE,Num. 2,17
02. NORORIENTAL,ASENTAMIENTO MIRADOR DEL NORTE,Num. 3,4
02. NORORIENTAL,ASENTAMIENTO MIRADOR DEL NORTE,Num. 4,2
02. NORORIENTAL,ASENTAMIENTO MIRADOR DEL NORTE,Num. 6,31
02. NORORIENTAL,ASENTAMIENTO MIRADOR DEL NORTE,Num. 7,5
02. NORORIENTAL,ASENTAMIENTO MIRADOR DEL NORTE,Num. 8,2
02. NORORIENTAL,ASENTAMIENTO PRIMAVERAL,Num. 1,2
02. NORORIENTAL,ASENTAMIENTO PRIMAVERAL,Num. 5,1
02. NORORIENTAL,BOSCONIA,Num. 1,8
02. NORORIENTAL,BOSCONIA,Num. 16,1
02. NORORIENTAL,BOSCONIA,Num. 2,67
02. NORORIENTAL,BOSCONIA,Num. 3,2
02. NORORIENTAL,BOSCONIA,Num. 6,12
02. NORORIENTAL,BOSCONIA,Num. 7,2
02. NORORIENTAL,BOSCONIA,Num. 8,3
02. NORORIENTAL,BOSQUE NORTE,Lit. a,1
02. NORORIENTAL,BOSQUE NORTE,Num. 1,12
02. NORORIENTAL,BOSQUE NORTE,Num. 13,1
02. NORORIENTAL,BOSQUE NORTE,Num. 16,1
02. NORORIENTAL,BOSQUE NORTE,Num. 2,31
02. NORORIENTAL,BOSQUE NORTE,Num. 3,2
02. NORORIENTAL,BOSQUE NORTE,Num. 4,2
02. NORORIENTAL,BOSQUE NORTE,Num. 6,32
02. NORORIENTAL,BOSQUE NORTE,Num. 7,7
02. NORORIENTAL,BOSQUE NORTE,Num. 8,7
02. NORORIENTAL,ESPERANZA I,Lit. a,1
02. NORORIENTAL,ESPERANZA I,Lit. c,1
02. NORORIENTAL,ESPERANZA I,Num. 1,33
02. NORORIENTAL,ESPERANZA I,Num. 16,3
02. NORORIENTAL,ESPERANZA I,Num. 2,34
02. NORORIENTAL,ESPERANZA I,Num. 3,15
02. NORORIENTAL,ESPERANZA I,Num. 4,8
02. NORORIENTAL,ESPERANZA I,Num. 5,4
02. NORORIENTAL,ESPERANZA I,Num. 6,73
02. NORORIENTAL,ESPERANZA I,Num. 7,16
02. NORORIENTAL,ESPERANZA I,Num. 8,4
02. NORORIENTAL,ESPERANZA II,Lit. c,4
02. NORORIENTAL,ESPERANZA II,Num. 1,43
02. NORORIENTAL,ESPERANZA II,Num. 16,2
02. NORORIENTAL,ESPERANZA II,Num. 2,38
02. NORORIENTAL,ESPERANZA II,Num. 3,12
02. NORORIENTAL,ESPERANZA II,Num. 4,4
02. NORORIENTAL,ESPERANZA II,Num. 5,4
02. NORORIENTAL,ESPERANZA II,Num. 6,109
02. NORORIENTAL,ESPERANZA II,Num. 7,18
02. NORORIENTAL,ESPERANZA II,Num. 8,9
02. NORORIENTAL,ESPERANZA III,Num. 1,28
02. NORORIENTAL,ESPERANZA III,Num. 11,1
02. NORORIENTAL,ESPERANZA III,Num. 13,1
02. NORORIENTAL,ESPERANZA III,Num. 16,1
02. NORORIENTAL,ESPERANZA III,Num. 2,21
02. NORORIENTAL,ESPERANZA III,Num. 3,5
02. NORORIENTAL,ESPERANZA III,Num. 5,2
02. NORORIENTAL,ESPERANZA III,Num. 6,38
02. NORORIENTAL,ESPERANZA III,Num. 7,11
02. NORORIENTAL,ESPERANZA III,Num. 8,3
02. NORORIENTAL,JOSE MARIA CORDOBA,Num. 1,10
02. NORORIENTAL,JOSE MARIA CORDOBA,Num. 16,4
02. NORORIENTAL,JOSE MARIA CORDOBA,Num. 2,41
02. NORORIENTAL,JOSE MARIA CORDOBA,Num. 3,3
02. NORORIENTAL,JOSE MARIA CORDOBA,Num. 4,3
02. NORORIENTAL,JOSE MARIA CORDOBA,Num. 6,42
02. NORORIENTAL,JOSE MARIA CORDOBA,Num. 7,3
02. NORORIENTAL,JOSE MARIA CORDOBA,Num. 8,4
02. NORORIENTAL,LA INDEPENDENCIA,Num. 1,38
02. NORORIENTAL,LA INDEPENDENCIA,Num. 13,1
02. NORORIENTAL,LA INDEPENDENCIA,Num. 16,3
02. NORORIENTAL,LA INDEPENDENCIA,Num. 2,54
02. NORORIENTAL,LA INDEPENDENCIA,Num. 3,6
02. NORORIENTAL,LA INDEPENDENCIA,Num. 4,5
02. NORORIENTAL,LA INDEPENDENCIA,Num. 6,105
02. NORORIENTAL,LA INDEPENDENCIA,Num. 7,29
02. NORORIENTAL,LA INDEPENDENCIA,Num. 8,12
02. NORORIENTAL,LA JUVENTUD,Lit. b,1
02. NORORIENTAL,LA JUVENTUD,Lit. c,3
02. NORORIENTAL,LA JUVENTUD,Num. 1,51
02. NORORIENTAL,LA JUVENTUD,Num. 12,1
02. NORORIENTAL,LA JUVENTUD,Num. 13,1
02. NORORIENTAL,LA JUVENTUD,Num. 16,4
02. NORORIENTAL,LA JUVENTUD,Num. 2,103
02. NORORIENTAL,LA JUVENTUD,Num. 3,14
02. NORORIENTAL,LA JUVENTUD,Num. 4,8
02. NORORIENTAL,LA JUVENTUD,Num. 5,7
02. NORORIENTAL,LA JUVENTUD,Num. 6,113
02. NORORIENTAL,LA JUVENTUD,Num. 7,17
02. NORORIENTAL,LA JUVENTUD,Num. 8,13
02. NORORIENTAL,LIZCANO I,Num. 1,6
02. NORORIENTAL,LIZCANO I,Num. 11,1
02. NORORIENTAL,LIZCANO I,Num. 2,12
02. NORORIENTAL,LIZCANO I,Num. 6,13
02. NORORIENTAL,LIZCANO I,Num. 7,2
02. NORORIENTAL,LIZCANO I,Num. 8,3
02. NORORIENTAL,LIZCANO II,Num. 1,5
02. NORORIENTAL,LIZCANO II,Num. 16,5
02. NORORIENTAL,LIZCANO II,Num. 2,4
02. NORORIENTAL,LIZCANO II,Num. 3,4
02. NORORIENTAL,LIZCANO II,Num. 6,9
02. NORORIENTAL,LIZCANO II,Num. 7,1
02. NORORIENTAL,LIZCANO II,Num. 8,1
02. NORORIENTAL,LOS ANGELES,Num. 1,14
02. NORORIENTAL,LOS ANGELES,Num. 10,1
02. NORORIENTAL,LOS ANGELES,Num. 16,1
02. NORORIENTAL,LOS ANGELES,Num. 2,26
02. NORORIENTAL,LOS ANGELES,Num. 3,7
02. NORORIENTAL,LOS ANGELES,Num. 4,5
02. NORORIENTAL,LOS ANGELES,Num. 5,1
02. NORORIENTAL,LOS ANGELES,Num. 6,37
02. NORORIENTAL,LOS ANGELES,Num. 7,8
02. NORORIENTAL,LOS ANGELES,Num. 8,4
02. NORORIENTAL,NUEVA COLOMBIA,Num. 1,5
02. NORORIENTAL,NUEVA COLOMBIA,Num. 14,1
02. NORORIENTAL,NUEVA COLOMBIA,Num. 16,1
02. NORORIENTAL,NUEVA COLOMBIA,Num. 2,13
02. NORORIENTAL,NUEVA COLOMBIA,Num. 3,1
02. NORORIENTAL,NUEVA COLOMBIA,Num. 4,1
02. NORORIENTAL,NUEVA COLOMBIA,Num. 6,9
02. NORORIENTAL,NUEVA COLOMBIA,Num. 7,4
02. NORORIENTAL,NUEVA COLOMBIA,Num. 8,2
02. NORORIENTAL,OLAS II,Lit. a,1
02. NORORIENTAL,OLAS II,Num. 1,14
02. NORORIENTAL,OLAS II,Num. 2,4
02. NORORIENTAL,OLAS II,Num. 3,1
02. NORORIENTAL,OLAS II,Num. 4,1
02. NORORIENTAL,OLAS II,Num. 6,21
02. NORORIENTAL,OLAS II,Num. 7,5
02. NORORIENTAL,OLAS II,Num. 8,2
02. NORORIENTAL,REGADERO NORTE,Num. 1,39
02. NORORIENTAL,REGADERO NORTE,Num. 11,2
02. NORORIENTAL,REGADERO NORTE,Num. 16,2
02. NORORIENTAL,REGADERO NORTE,Num. 2,50
02. NORORIENTAL,REGADERO NORTE,Num. 3,10
02. NORORIENTAL,REGADERO NORTE,Num. 4,3
02. NORORIENTAL,REGADERO NORTE,Num. 5,4
02. NORORIENTAL,REGADERO NORTE,Num. 6,56
02. NORORIENTAL,REGADERO NORTE,Num. 7,16
02. NORORIENTAL,REGADERO NORTE,Num. 8,6
02. NORORIENTAL,SAN CRISTOBAL,Lit. a,1
02. NORORIENTAL,SAN CRISTOBAL,Lit. b,1
02. NORORIENTAL,SAN CRISTOBAL,Lit. c,1
02. NORORIENTAL,SAN CRISTOBAL,Num. 1,18
02. NORORIENTAL,SAN CRISTOBAL,Num. 13,1
02. NORORIENTAL,SAN CRISTOBAL,Num. 16,2
02. NORORIENTAL,SAN CRISTOBAL,Num. 2,21
02. NORORIENTAL,SAN CRISTOBAL,Num. 3,8
02. NORORIENTAL,SAN CRISTOBAL,Num. 4,4
02. NORORIENTAL,SAN CRISTOBAL,Num. 5,1
02. NORORIENTAL,SAN CRISTOBAL,Num. 6,40
02. NORORIENTAL,SAN CRISTOBAL,Num. 7,3
02. NORORIENTAL,SAN CRISTOBAL,Num. 8,6
02. NORORIENTAL,TRANSICION,Lit. a,1
02. NORORIENTAL,TRANSICION,Lit. c,1
02. NORORIENTAL,TRANSICION,Num. 1,54
02. NORORIENTAL,TRANSICION,Num. 13,6
02. NORORIENTAL,TRANSICION,Num. 16,2
02. NORORIENTAL,TRANSICION,Num. 2,202
02. NORORIENTAL,TRANSICION,Num. 3,11
02. NORORIENTAL,TRANSICION,Num. 4,5
02. NORORIENTAL,TRANSICION,Num. 5,1
02. NORORIENTAL,TRANSICION,Num. 6,174
02. NORORIENTAL,TRANSICION,Num. 7,30
02. NORORIENTAL,TRANSICION,Num. 8,30
02. NORORIENTAL,VILLA HELENA I,Lit. a,1
02. NORORIENTAL,VILLA HELENA I,Num. 1,35
02. NORORIENTAL,VILLA HELENA I,Num. 13,1
02. NORORIENTAL,VILLA HELENA I,Num. 16,3
02. NORORIENTAL,VILLA HELENA I,Num. 2,30
02. NORORIENTAL,VILLA HELENA I,Num. 3,5
02. NORORIENTAL,VILLA HELENA I,Num. 4,2
02. NORORIENTAL,VILLA HELENA I,Num. 5,3
02. NORORIENTAL,VILLA HELENA I,Num. 6,50
02. NORORIENTAL,VILLA HELENA I,Num. 7,6
02. NORORIENTAL,VILLA HELENA I,Num. 8,4
02. NORORIENTAL,VILLA HELENA II,Num. 1,1
02. NORORIENTAL,VILLA HELENA II,Num. 16,1
02. NORORIENTAL,VILLA HELENA II,Num. 2,5
02. NORORIENTAL,VILLA HELENA II,Num. 3,1
02. NORORIENTAL,VILLA HELENA II,Num. 5,1
02. NORORIENTAL,VILLA HELENA II,Num. 6,14
02. NORORIENTAL,VILLA HELENA II,Num. 7,1
02. NORORIENTAL,VILLA HELENA II,Num. 8,2
02. NORORIENTAL,VILLA MERCEDES,Num. 1,23
02. NORORIENTAL,VILLA MERCEDES,Num. 11,1
02. NORORIENTAL,VILLA MERCEDES,Num. 13,1
02. NORORIENTAL,VILLA MERCEDES,Num. 16,8
02. NORORIENTAL,VILLA MERCEDES,Num. 2,101
02. NORORIENTAL,VILLA MERCEDES,Num. 3,12
02. NORORIENTAL,VILLA MERCEDES,Num. 4,4
02. NORORIENTAL,VILLA MERCEDES,Num. 5,2
02. NORORIENTAL,VILLA MERCEDES,Num. 6,44
02. NORORIENTAL,VILLA MERCEDES,Num. 7,11
02. NORORIENTAL,VILLA MERCEDES,Num. 8,8
03. SAN FRANCISCO,ALARCON,Lit. a,2
03. SAN FRANCISCO,ALARCON,Lit. c,9
03. SAN FRANCISCO,ALARCON,Lit. d,1
03. SAN FRANCISCO,ALARCON,Lit. e,1
03. SAN FRANCISCO,ALARCON,Num. 1,191
03. SAN FRANCISCO,ALARCON,Num. 11,19
03. SAN FRANCISCO,ALARCON,Num. 12,8
03. SAN FRANCISCO,ALARCON,Num. 13,12
03. SAN FRANCISCO,ALARCON,Num. 16,38
03. SAN FRANCISCO,ALARCON,Num. 2,354
03. SAN FRANCISCO,ALARCON,Num. 3,37
03. SAN FRANCISCO,ALARCON,Num. 4,47
03. SAN FRANCISCO,ALARCON,Num. 5,23
03. SAN FRANCISCO,ALARCON,Num. 6,411
03. SAN FRANCISCO,ALARCON,Num. 7,90
03. SAN FRANCISCO,ALARCON,Num. 8,37
03. SAN FRANCISCO,ALARCON,Num. 9,1
03. SAN FRANCISCO,CHAPINERO,Lit. a,2
03. SAN FRANCISCO,CHAPINERO,Lit. c,5
03. SAN FRANCISCO,CHAPINERO,Lit. e,1
03. SAN FRANCISCO,CHAPINERO,Num. 1,135
03. SAN FRANCISCO,CHAPINERO,Num. 10,4
03. SAN FRANCISCO,CHAPINERO,Num. 11,2
03. SAN FRANCISCO,CHAPINERO,Num. 12,2
03. SAN FRANCISCO,CHAPINERO,Num. 13,7
03. SAN FRANCISCO,CHAPINERO,Num. 15,1
03. SAN FRANCISCO,CHAPINERO,Num. 16,9
03. SAN FRANCISCO,CHAPINERO,Num. 2,191
03. SAN FRANCISCO,CHAPINERO,Num. 3,43
03. SAN FRANCISCO,CHAPINERO,Num. 4,19
03. SAN FRANCISCO,CHAPINERO,Num. 5,18
03. SAN FRANCISCO,CHAPINERO,Num. 6,261
03. SAN FRANCISCO,CHAPINERO,Num. 7,60
03. SAN FRANCISCO,CHAPINERO,Num. 8,98
03. SAN FRANCISCO,CINAL,Num. 1,5
03. SAN FRANCISCO,CINAL,Num. 2,3
03. SAN FRANCISCO,CINAL,Num. 3,1
03. SAN FRANCISCO,CINAL,Num. 4,1
03. SAN FRANCISCO,CINAL,Num. 5,1
03. SAN FRANCISCO,CINAL,Num. 6,5
03. SAN FRANCISCO,CINAL,Num. 7,3
03. SAN FRANCISCO,CINAL,Num. 8,1
03. SAN FRANCISCO,COMUNEROS,Lit. a,5
03. SAN FRANCISCO,COMUNEROS,Lit. b,1
03. SAN FRANCISCO,COMUNEROS,Lit. e,1
03. SAN FRANCISCO,COMUNEROS,Num. 1,159
03. SAN FRANCISCO,COMUNEROS,Num. 10,3
03. SAN FRANCISCO,COMUNEROS,Num. 11,8
03. SAN FRANCISCO,COMUNEROS,Num. 12,2
03. SAN FRANCISCO,COMUNEROS,Num. 13,55
03. SAN FRANCISCO,COMUNEROS,Num. 14,1
03. SAN FRANCISCO,COMUNEROS,Num. 16,32
03. SAN FRANCISCO,COMUNEROS,Num. 2,295
03. SAN FRANCISCO,COMUNEROS,Num. 3,53
03. SAN FRANCISCO,COMUNEROS,Num. 4,56
03. SAN FRANCISCO,COMUNEROS,Num. 5,11
03. SAN FRANCISCO,COMUNEROS,Num. 6,644
03. SAN FRANCISCO,COMUNEROS,Num. 7,119
03. SAN FRANCISCO,COMUNEROS,Num. 8,69
03. SAN FRANCISCO,MODELO,Num. 1,12
03. SAN FRANCISCO,MODELO,Num. 13,3
03. SAN FRANCISCO,MODELO,Num. 16,2
03. SAN FRANCISCO,MODELO,Num. 2,12
03. SAN FRANCISCO,MODELO,Num. 3,4
03. SAN FRANCISCO,MODELO,Num. 4,2
03. SAN FRANCISCO,MODELO,Num. 6,32
03. SAN FRANCISCO,MODELO,Num. 7,11
03. SAN FRANCISCO,MODELO,Num. 8,4
03. SAN FRANCISCO,MUTUALIDAD,Lit. a,1
03. SAN FRANCISCO,MUTUALIDAD,Lit. b,2
03. SAN FRANCISCO,MUTUALIDAD,Num. 1,35
03. SAN FRANCISCO,MUTUALIDAD,Num. 11,4
03. SAN FRANCISCO,MUTUALIDAD,Num. 12,1
03. SAN FRANCISCO,MUTUALIDAD,Num. 13,5
03. SAN FRANCISCO,MUTUALIDAD,Num. 16,11
03. SAN FRANCISCO,MUTUALIDAD,Num. 2,89
03. SAN FRANCISCO,MUTUALIDAD,Num. 3,6
03. SAN FRANCISCO,MUTUALIDAD,Num. 4,10
03. SAN FRANCISCO,MUTUALIDAD,Num. 5,9
03. SAN FRANCISCO,MUTUALIDAD,Num. 6,100
03. SAN FRANCISCO,MUTUALIDAD,Num. 7,20
03. SAN FRANCISCO,MUTUALIDAD,Num. 8,20
03. SAN FRANCISCO,MUTUALIDAD,Num. 9,1
03. SAN FRANCISCO,NORTE BAJO,Num. 1,1
03. SAN FRANCISCO,NORTE BAJO,Num. 6,4
03. SAN FRANCISCO,NORTE BAJO,Num. 7,4
03. SAN FRANCISCO,NORTE BAJO,Num. 9,1
03. SAN FRANCISCO,PUERTORICO,Num. 1,19
03. SAN FRANCISCO,PUERTORICO,Num. 16,1
03. SAN FRANCISCO,PUERTORICO,Num. 2,27
03. SAN FRANCISCO,PUERTORICO,Num. 3,3
03. SAN FRANCISCO,PUERTORICO,Num. 4,5
03. SAN FRANCISCO,PUERTORICO,Num. 6,6
03. SAN FRANCISCO,PUERTORICO,Num. 7,1
03. SAN FRANCISCO,PUERTORICO,Num. 8,2
03. SAN FRANCISCO,SAN FRANCISCO,Lit. a,5
03. SAN FRANCISCO,SAN FRANCISCO,Lit. b,3
03. SAN FRANCISCO,SAN FRANCISCO,Lit. c,9
03. SAN FRANCISCO,SAN FRANCISCO,Lit. e,4
03. SAN FRANCISCO,SAN FRANCISCO,Num. 1,345
03. SAN FRANCISCO,SAN FRANCISCO,Num. 10,10
03. SAN FRANCISCO,SAN FRANCISCO,Num. 11,15
03. SAN FRANCISCO,SAN FRANCISCO,Num. 12,8
03. SAN FRANCISCO,SAN FRANCISCO,Num. 13,25
03. SAN FRANCISCO,SAN FRANCISCO,Num. 14,3
03. SAN FRANCISCO,SAN FRANCISCO,Num. 15,7
03. SAN FRANCISCO,SAN FRANCISCO,Num. 16,75
03. SAN FRANCISCO,SAN FRANCISCO,Num. 2,719
03. SAN FRANCISCO,SAN FRANCISCO,Num. 3,121
03. SAN FRANCISCO,SAN FRANCISCO,Num. 4,124
03. SAN FRANCISCO,SAN FRANCISCO,Num. 5,22
03. SAN FRANCISCO,SAN FRANCISCO,Num. 6,462
03. SAN FRANCISCO,SAN FRANCISCO,Num. 7,218
03. SAN FRANCISCO,SAN FRANCISCO,Num. 8,98
03. SAN FRANCISCO,SAN FRANCISCO,Num. 9,1
03. SAN FRANCISCO,SAN RAFAEL,Lit. e,2
03. SAN FRANCISCO,SAN RAFAEL,Num. 1,48
03. SAN FRANCISCO,SAN RAFAEL,Num. 11,4
03. SAN FRANCISCO,SAN RAFAEL,Num. 12,2
03. SAN FRANCISCO,SAN RAFAEL,Num. 13,19
03. SAN FRANCISCO,SAN RAFAEL,Num. 14,1
03. SAN FRANCISCO,SAN RAFAEL,Num. 16,6
03. SAN FRANCISCO,SAN RAFAEL,Num. 2,273
03. SAN FRANCISCO,SAN RAFAEL,Num. 3,15
03. SAN FRANCISCO,SAN RAFAEL,Num. 4,13
03. SAN FRANCISCO,SAN RAFAEL,Num. 5,4
03. SAN FRANCISCO,SAN RAFAEL,Num. 6,363
03. SAN FRANCISCO,SAN RAFAEL,Num. 7,136
03. SAN FRANCISCO,SAN RAFAEL,Num. 8,226
03. SAN FRANCISCO,UNIVERSIDAD,Art. 27,1
03. SAN FRANCISCO,UNIVERSIDAD,Lit. a,4
03. SAN FRANCISCO,UNIVERSIDAD,Lit. c,10
03. SAN FRANCISCO,UNIVERSIDAD,Lit. e,1
03. SAN FRANCISCO,UNIVERSIDAD,Num. 1,138
03. SAN FRANCISCO,UNIVERSIDAD,Num. 10,2
03. SAN FRANCISCO,UNIVERSIDAD,Num. 11,23
03. SAN FRANCISCO,UNIVERSIDAD,Num. 12,7
03. SAN FRANCISCO,UNIVERSIDAD,Num. 13,112
03. SAN FRANCISCO,UNIVERSIDAD,Num. 14,3
03. SAN FRANCISCO,UNIVERSIDAD,Num. 16,28
03. SAN FRANCISCO,UNIVERSIDAD,Num. 2,334
03. SAN FRANCISCO,UNIVERSIDAD,Num. 3,63
03. SAN FRANCISCO,UNIVERSIDAD,Num. 4,31
03. SAN FRANCISCO,UNIVERSIDAD,Num. 5,14
03. SAN FRANCISCO,UNIVERSIDAD,Num. 6,425
03. SAN FRANCISCO,UNIVERSIDAD,Num. 7,206
03. SAN FRANCISCO,UNIVERSIDAD,Num. 8,91
04. OCCIDENTAL,12 DE OCTUBRE,Num. 1,26
04. OCCIDENTAL,12 DE OCTUBRE,Num. 11,1
04. OCCIDENTAL,12 DE OCTUBRE,Num. 16,2
04. OCCIDENTAL,12 DE OCTUBRE,Num. 2,14
04. OCCIDENTAL,12 DE OCTUBRE,Num. 3,2
04. OCCIDENTAL,12 DE OCTUBRE,Num. 4,2
04. OCCIDENTAL,12 DE OCTUBRE,Num. 6,37
04. OCCIDENTAL,12 DE OCTUBRE,Num. 7,3
04. OCCIDENTAL,12 DE OCTUBRE,Num. 8,4
04. OCCIDENTAL,23 DE JUNIO,Num. 1,10
04. OCCIDENTAL,23 DE JUNIO,Num. 13,4
04. OCCIDENTAL,23 DE JUNIO,Num. 2,52
04. OCCIDENTAL,23 DE JUNIO,Num. 3,1
04. OCCIDENTAL,23 DE JUNIO,Num. 4,3
04. OCCIDENTAL,23 DE JUNIO,Num. 5,3
04. OCCIDENTAL,23 DE JUNIO,Num. 6,47
04. OCCIDENTAL,23 DE JUNIO,Num. 7,5
04. OCCIDENTAL,23 DE JUNIO,Num. 8,6
04. OCCIDENTAL,ASENTAMIENTO CAMILO TORRES,Num. 1,18
04. OCCIDENTAL,ASENTAMIENTO CAMILO TORRES,Num. 2,21
04. OCCIDENTAL,ASENTAMIENTO CAMILO TORRES,Num. 4,2
04. OCCIDENTAL,ASENTAMIENTO CAMILO TORRES,Num. 6,17
04. OCCIDENTAL,ASENTAMIENTO CAMILO TORRES,Num. 8,3
04. OCCIDENTAL,ASENTAMIENTO ZARABANDA,Num. 1,18
04. OCCIDENTAL,ASENTAMIENTO ZARABANDA,Num. 16,1
04. OCCIDENTAL,ASENTAMIENTO ZARABANDA,Num. 2,12
04. OCCIDENTAL,ASENTAMIENTO ZARABANDA,Num. 3,2
04. OCCIDENTAL,ASENTAMIENTO ZARABANDA,Num. 6,11
04. OCCIDENTAL,ASENTAMIENTO ZARABANDA,Num. 7,1
04. OCCIDENTAL,ASENTAMIENTO ZARABANDA,Num. 8,1
04. OCCIDENTAL,CUYANITAS,Num. 1,1
04. OCCIDENTAL,DON BOSCO,Num. 1,24
04. OCCIDENTAL,DON BOSCO,Num. 13,1
04. OCCIDENTAL,DON BOSCO,Num. 16,3
04. OCCIDENTAL,DON BOSCO,Num. 2,12
04. OCCIDENTAL,DON BOSCO,Num. 3,2
04. OCCIDENTAL,DON BOSCO,Num. 4,2
04. OCCIDENTAL,DON BOSCO,Num. 6,18
04. OCCIDENTAL,DON BOSCO,Num. 7,2
04. OCCIDENTAL,DON BOSCO,Num. 8,4
04. OCCIDENTAL,GAITAN,Lit. a,2
04. OCCIDENTAL,GAITAN,Lit. d,1
04. OCCIDENTAL,GAITAN,Lit. e,1
04. OCCIDENTAL,GAITAN,Num. 1,94
04. OCCIDENTAL,GAITAN,Num. 10,6
04. OCCIDENTAL,GAITAN,Num. 11,3
04. OCCIDENTAL,GAITAN,Num. 12,4
04. OCCIDENTAL,GAITAN,Num. 13,1
04. OCCIDENTAL,GAITAN,Num. 16,31
04. OCCIDENTAL,GAITAN,Num. 2,243
04. OCCIDENTAL,GAITAN,Num. 3,38
04. OCCIDENTAL,GAITAN,Num. 4,71
04. OCCIDENTAL,GAITAN,Num. 5,6
04. OCCIDENTAL,GAITAN,Num. 6,186
04. OCCIDENTAL,GAITAN,Num. 7,95
04. OCCIDENTAL,GAITAN,Num. 8,43
04. OCCIDENTAL,GAITAN,Num. 9,2
04. OCCIDENTAL,GIRARDOT,Lit. a,5
04. OCCIDENTAL,GIRARDOT,Lit. b,3
04. OCCIDENTAL,GIRARDOT,Lit. c,5
04. OCCIDENTAL,GIRARDOT,Lit. e,10
04. OCCIDENTAL,GIRARDOT,Num. 1,285
04. OCCIDENTAL,GIRARDOT,Num. 10,8
04. OCCIDENTAL,GIRARDOT,Num. 11,7
04. OCCIDENTAL,GIRARDOT,Num. 12,17
04. OCCIDENTAL,GIRARDOT,Num. 13,12
04. OCCIDENTAL,GIRARDOT,Num. 14,1
04. OCCIDENTAL,GIRARDOT,Num. 15,1
04. OCCIDENTAL,GIRARDOT,Num. 16,87
04. OCCIDENTAL,GIRARDOT,Num. 2,732
04. OCCIDENTAL,GIRARDOT,Num. 3,132
04. OCCIDENTAL,GIRARDOT,Num. 4,100
04. OCCIDENTAL,GIRARDOT,Num. 5,24
04. OCCIDENTAL,GIRARDOT,Num. 6,605
04. OCCIDENTAL,GIRARDOT,Num. 7,179
04. OCCIDENTAL,GIRARDOT,Num. 8,79
04. OCCIDENTAL,GIRARDOT,Num. 9,1
04. OCCIDENTAL,GRANADA,Lit. b,1
04. OCCIDENTAL,GRANADA,Lit. c,3
04. OCCIDENTAL,GRANADA,Lit. d,1
04. OCCIDENTAL,GRANADA,Lit. e,3
04. OCCIDENTAL,GRANADA,Num. 1,59
04. OCCIDENTAL,GRANADA,Num. 10,4
04. OCCIDENTAL,GRANADA,Num. 11,6
04. OCCIDENTAL,GRANADA,Num. 12,6
04. OCCIDENTAL,GRANADA,Num. 13,3
04. OCCIDENTAL,GRANADA,Num. 14,1
04. OCCIDENTAL,GRANADA,Num. 16,32
04. OCCIDENTAL,GRANADA,Num. 2,166
04. OCCIDENTAL,GRANADA,Num. 3,19
04. OCCIDENTAL,GRANADA,Num. 4,21
04. OCCIDENTAL,GRANADA,Num. 5,8
04. OCCIDENTAL,GRANADA,Num. 6,381
04. OCCIDENTAL,GRANADA,Num. 7,43
04. OCCIDENTAL,GRANADA,Num. 8,37
04. OCCIDENTAL,GRANADA,Num. 9,4
04. OCCIDENTAL,INMACULADA,0,1
04. OCCIDENTAL,INMACULADA,Lit. a,4
04. OCCIDENTAL,INMACULADA,Num. 1,106
04. OCCIDENTAL,INMACULADA,Num. 11,4
04. OCCIDENTAL,INMACULADA,Num. 13,3
04. OCCIDENTAL,INMACULADA,Num. 16,1
04. OCCIDENTAL,INMACULADA,Num. 2,105
04. OCCIDENTAL,INMACULADA,Num. 3,8
04. OCCIDENTAL,INMACULADA,Num. 4,31
04. OCCIDENTAL,INMACULADA,Num. 5,1
04. OCCIDENTAL,INMACULADA,Num. 6,127
04. OCCIDENTAL,INMACULADA,Num. 7,31
04. OCCIDENTAL,INMACULADA,Num. 8,14
04. OCCIDENTAL,LA FERIA,Lit. a,2
04. OCCIDENTAL,LA FERIA,Num. 1,63
04. OCCIDENTAL,LA FERIA,Num. 11,2
04. OCCIDENTAL,LA FERIA,Num. 13,2
04. OCCIDENTAL,LA FERIA,Num. 15,4
04. OCCIDENTAL,LA FERIA,Num. 16,14
04. OCCIDENTAL,LA FERIA,Num. 2,121
04. OCCIDENTAL,LA FERIA,Num. 3,23
04. OCCIDENTAL,LA FERIA,Num. 4,9
04. OCCIDENTAL,LA FERIA,Num. 5,2
04. OCCIDENTAL,LA FERIA,Num. 6,111
04. OCCIDENTAL,LA FERIA,Num. 7,22
04. OCCIDENTAL,LA FERIA,Num. 8,12
04. OCCIDENTAL,LA GLORIA,Num. 1,2
04. OCCIDENTAL,LA GLORIA,Num. 16,1
04. OCCIDENTAL,LA GLORIA,Num. 2,13
04. OCCIDENTAL,LA GLORIA,Num. 3,2
04. OCCIDENTAL,LA GLORIA,Num. 6,16
04. OCCIDENTAL,LA GLORIA,Num. 7,4
04. OCCIDENTAL,MILAGROS DE DIOS,Num. 1,1
04. OCCIDENTAL,NAPOLES,Lit. c,1
04. OCCIDENTAL,NAPOLES,Num. 1,25
04. OCCIDENTAL,NAPOLES,Num. 11,2
04. OCCIDENTAL,NAPOLES,Num. 13,1
04. OCCIDENTAL,NAPOLES,Num. 16,6
04. OCCIDENTAL,NAPOLES,Num. 2,58
04. OCCIDENTAL,NAPOLES,Num. 3,4
04. OCCIDENTAL,NAPOLES,Num. 4,2
04. OCCIDENTAL,NAPOLES,Num. 6,70
04. OCCIDENTAL,NAPOLES,Num. 7,10
04. OCCIDENTAL,NAPOLES,Num. 8,7
04. OCCIDENTAL,NARIÑO,Lit. c,1
04. OCCIDENTAL,NARIÑO,Num. 1,40
04. OCCIDENTAL,NARIÑO,Num. 10,1
04. OCCIDENTAL,NARIÑO,Num. 11,3
04. OCCIDENTAL,NARIÑO,Num. 12,1
04. OCCIDENTAL,NARIÑO,Num. 15,1
04. OCCIDENTAL,NARIÑO,Num. 2,81
04. OCCIDENTAL,NARIÑO,Num. 3,17
04. OCCIDENTAL,NARIÑO,Num. 4,9
04. OCCIDENTAL,NARIÑO,Num. 6,70
04. OCCIDENTAL,NARIÑO,Num. 7,34
04. OCCIDENTAL,NARIÑO,Num. 8,30
04. OCCIDENTAL,PIO XII,Num. 1,3
04. OCCIDENTAL,PIO XII,Num. 16,2
04. OCCIDENTAL,PIO XII,Num. 2,13
04. OCCIDENTAL,PIO XII,Num. 4,1
04. OCCIDENTAL,PIO XII,Num. 6,30
04. OCCIDENTAL,PIO XII,Num. 7,5
04. OCCIDENTAL,PIO XII,Num. 8,2
04. OCCIDENTAL,SANTANDER,Lit. a,2
04. OCCIDENTAL,SANTANDER,Lit. b,1
04. OCCIDENTAL,SANTANDER,Lit. c,4
04. OCCIDENTAL,SANTANDER,Num. 1,101
04. OCCIDENTAL,SANTANDER,Num. 11,5
04. OCCIDENTAL,SANTANDER,Num. 13,10
04. OCCIDENTAL,SANTANDER,Num. 16,4
04. OCCIDENTAL,SANTANDER,Num. 2,172
04. OCCIDENTAL,SANTANDER,Num. 3,17
04. OCCIDENTAL,SANTANDER,Num. 4,18
04. OCCIDENTAL,SANTANDER,Num. 5,3
04. OCCIDENTAL,SANTANDER,Num. 6,168
04. OCCIDENTAL,SANTANDER,Num. 7,31
04. OCCIDENTAL,SANTANDER,Num. 8,32
04. OCCIDENTAL,SANTANDER,Num. 9,1
05. GARCIA ROVIRA,ALFONSO LOPEZ,Lit. a,3
05. GARCIA ROVIRA,ALFONSO LOPEZ,Lit. c,2
05. GARCIA ROVIRA,ALFONSO LOPEZ,Num. 1,52
05. GARCIA ROVIRA,ALFONSO LOPEZ,Num. 11,5
05. GARCIA ROVIRA,ALFONSO LOPEZ,Num. 12,2
05. GARCIA ROVIRA,ALFONSO LOPEZ,Num. 13,8
05. GARCIA ROVIRA,ALFONSO LOPEZ,Num. 16,19
05. GARCIA ROVIRA,ALFONSO LOPEZ,Num. 2,171
05. GARCIA ROVIRA,ALFONSO LOPEZ,Num. 3,14
05. GARCIA ROVIRA,ALFONSO LOPEZ,Num. 4,14
05. GARCIA ROVIRA,ALFONSO LOPEZ,Num. 5,1
05. GARCIA ROVIRA,ALFONSO LOPEZ,Num. 6,108
05. GARCIA ROVIRA,ALFONSO LOPEZ,Num. 7,42
05. GARCIA ROVIRA,ALFONSO LOPEZ,Num. 8,20
05. GARCIA ROVIRA,ALFONSO LOPEZ,Num. 9,1
05. GARCIA ROVIRA,ASENTAMIENTO 5 DE ENERO,Lit. e,1
05. GARCIA ROVIRA,ASENTAMIENTO 5 DE ENERO,Num. 1,2
05. GARCIA ROVIRA,ASENTAMIENTO 5 DE ENERO,Num. 10,1
05. GARCIA ROVIRA,ASENTAMIENTO 5 DE ENERO,Num. 16,2
05. GARCIA ROVIRA,ASENTAMIENTO 5 DE ENERO,Num. 6,1
05. GARCIA ROVIRA,ASENTAMIENTO CARLOS PIZARRO,Num. 16,1
05. GARCIA ROVIRA,ASENTAMIENTO CARLOS PIZARRO,Num. 2,1
05. GARCIA ROVIRA,ASENTAMIENTO CARLOS PIZARRO,Num. 6,2
05. GARCIA ROVIRA,ASENTAMIENTO JOSE ANTONIO GALAN,Lit. c,2
05. GARCIA ROVIRA,ASENTAMIENTO JOSE ANTONIO GALAN,Lit. e,1
05. GARCIA ROVIRA,ASENTAMIENTO JOSE ANTONIO GALAN,Num. 1,27
05. GARCIA ROVIRA,ASENTAMIENTO JOSE ANTONIO GALAN,Num. 10,2
05. GARCIA ROVIRA,ASENTAMIENTO JOSE ANTONIO GALAN,Num. 11,6
05. GARCIA ROVIRA,ASENTAMIENTO JOSE ANTONIO GALAN,Num. 13,2
05. GARCIA ROVIRA,ASENTAMIENTO JOSE ANTONIO GALAN,Num. 16,10
05. GARCIA ROVIRA,ASENTAMIENTO JOSE ANTONIO GALAN,Num. 2,41
05. GARCIA ROVIRA,ASENTAMIENTO JOSE ANTONIO GALAN,Num. 3,15
05. GARCIA ROVIRA,ASENTAMIENTO JOSE ANTONIO GALAN,Num. 4,12
05. GARCIA ROVIRA,ASENTAMIENTO JOSE ANTONIO GALAN,Num. 6,58
05. GARCIA ROVIRA,ASENTAMIENTO JOSE ANTONIO GALAN,Num. 7,21
05. GARCIA ROVIRA,ASENTAMIENTO JOSE ANTONIO GALAN,Num. 8,1
05. GARCIA ROVIRA,CAMPO HERMOSO,Art. 27,1
05. GARCIA ROVIRA,CAMPO HERMOSO,Lit. a,2
05. GARCIA ROVIRA,CAMPO HERMOSO,Lit. b,2
05. GARCIA ROVIRA,CAMPO HERMOSO,Lit. c,5
05. GARCIA ROVIRA,CAMPO HERMOSO,Lit. e,2
05. GARCIA ROVIRA,CAMPO HERMOSO,Num. 1,233
05. GARCIA ROVIRA,CAMPO HERMOSO,Num. 10,1
05. GARCIA ROVIRA,CAMPO HERMOSO,Num. 11,33
05. GARCIA ROVIRA,CAMPO HERMOSO,Num. 13,54
05. GARCIA ROVIRA,CAMPO HERMOSO,Num. 14,1
05. GARCIA ROVIRA,CAMPO HERMOSO,Num. 16,32
05. GARCIA ROVIRA,CAMPO HERMOSO,Num. 2,524
05. GARCIA ROVIRA,CAMPO HERMOSO,Num. 3,45
05. GARCIA ROVIRA,CAMPO HERMOSO,Num. 4,85
05. GARCIA ROVIRA,CAMPO HERMOSO,Num. 5,6
05. GARCIA ROVIRA,CAMPO HERMOSO,Num. 6,1051
05. GARCIA ROVIRA,CAMPO HERMOSO,Num. 7,142
05. GARCIA ROVIRA,CAMPO HERMOSO,Num. 8,113
05. GARCIA ROVIRA,CAMPO HERMOSO,Num. 9,2
05. GARCIA ROVIRA,CHORRERAS DE DON JUAN,Lit. c,1
05. GARCIA ROVIRA,CHORRERAS DE DON JUAN,Num. 1,24
05. GARCIA ROVIRA,CHORRERAS DE DON JUAN,Num. 10,1
05. GARCIA ROVIRA,CHORRERAS DE DON JUAN,Num. 11,3
05. GARCIA ROVIRA,CHORRERAS DE DON JUAN,Num. 15,1
05. GARCIA ROVIRA,CHORRERAS DE DON JUAN,Num. 16,18
05. GARCIA ROVIRA,CHORRERAS DE DON JUAN,Num. 2,75
05. GARCIA ROVIRA,CHORRERAS DE DON JUAN,Num. 3,7
05. GARCIA ROVIRA,CHORRERAS DE DON JUAN,Num. 4,8
05. GARCIA ROVIRA,CHORRERAS DE DON JUAN,Num. 6,95
05. GARCIA ROVIRA,CHORRERAS DE DON JUAN,Num. 7,13
05. GARCIA ROVIRA,CHORRERAS DE DON JUAN,Num. 8,4
05. GARCIA ROVIRA,LA ESTRELLA,Num. 8,1
05. GARCIA ROVIRA,LA JOYA,Lit. a,2
05. GARCIA ROVIRA,LA JOYA,Lit. b,2
05. GARCIA ROVIRA,LA JOYA,Lit. c,10
05. GARCIA ROVIRA,LA JOYA,Num. 1,61
05. GARCIA ROVIRA,LA JOYA,Num. 11,4
05. GARCIA ROVIRA,LA JOYA,Num. 12,1
05. GARCIA ROVIRA,LA JOYA,Num. 13,10
05. GARCIA ROVIRA,LA JOYA,Num. 14,1
05. GARCIA ROVIRA,LA JOYA,Num. 16,7
05. GARCIA ROVIRA,LA JOYA,Num. 2,168
05. GARCIA ROVIRA,LA JOYA,Num. 3,23
05. GARCIA ROVIRA,LA JOYA,Num. 4,21
05. GARCIA ROVIRA,LA JOYA,Num. 5,2
05. GARCIA ROVIRA,LA JOYA,Num. 6,142
05. GARCIA ROVIRA,LA JOYA,Num. 7,74
05. GARCIA ROVIRA,LA JOYA,Num. 8,40
05. GARCIA ROVIRA,PANTANO I,Num. 1,1
05. GARCIA ROVIRA,PANTANO I,Num. 7,1
05. GARCIA ROVIRA,PANTANO II,Num. 13,1
05. GARCIA ROVIRA,PANTANO II,Num. 2,7
05. GARCIA ROVIRA,PANTANO II,Num. 6,1
05. GARCIA ROVIRA,PANTANO II,Num. 7,3
05. GARCIA ROVIRA,PANTANO III,Num. 6,1
05. GARCIA ROVIRA,PANTANO III,Num. 8,1
05. GARCIA ROVIRA,PRIMERO DE MAYO,Num. 1,2
05. GARCIA ROVIRA,PRIMERO DE MAYO,Num. 11,1
05. GARCIA ROVIRA,PRIMERO DE MAYO,Num. 2,3
05. GARCIA ROVIRA,PRIMERO DE MAYO,Num. 6,5
05. GARCIA ROVIRA,PRIMERO DE MAYO,Num. 7,1
05. GARCIA ROVIRA,PRIMERO DE MAYO,Num. 8,1
05. GARCIA ROVIRA,QUINTA ESTRELLA,Num. 1,12
05. GARCIA ROVIRA,QUINTA ESTRELLA,Num. 11,10
05. GARCIA ROVIRA,QUINTA ESTRELLA,Num. 2,11
05. GARCIA ROVIRA,QUINTA ESTRELLA,Num. 3,4
05. GARCIA ROVIRA,QUINTA ESTRELLA,Num. 4,4
05. GARCIA ROVIRA,QUINTA ESTRELLA,Num. 6,16
05. GARCIA ROVIRA,QUINTA ESTRELLA,Num. 7,19
05. GARCIA ROVIRA,QUINTA ESTRELLA,Num. 8,10
05. GARCIA ROVIRA,RINCON DE PAZ (17 DE ENERO Y 12 DE FEBRERO),Num. 2,1
05. GARCIA ROVIRA,URB. VILLA ROMERO,Num. 10,1
06. LA CONCORDIA,CANDILES,Lit. a,1
06. LA CONCORDIA,CANDILES,Lit. c,2
06. LA CONCORDIA,CANDILES,Num. 1,9
06. LA CONCORDIA,CANDILES,Num. 13,1
06. LA CONCORDIA,CANDILES,Num. 2,16
06. LA CONCORDIA,CANDILES,Num. 3,4
06. LA CONCORDIA,CANDILES,Num. 4,8
06. LA CONCORDIA,CANDILES,Num. 6,11
06. LA CONCORDIA,CANDILES,Num. 7,5
06. LA CONCORDIA,CANDILES,Num. 8,10
06. LA CONCORDIA,GOMEZ NIÑO,Lit. a,2
06. LA CONCORDIA,GOMEZ NIÑO,Num. 0,1
06. LA CONCORDIA,GOMEZ NIÑO,Num. 1,93
06. LA CONCORDIA,GOMEZ NIÑO,Num. 10,1
06. LA CONCORDIA,GOMEZ NIÑO,Num. 11,6
06. LA CONCORDIA,GOMEZ NIÑO,Num. 13,131
06. LA CONCORDIA,GOMEZ NIÑO,Num. 14,5
06. LA CONCORDIA,GOMEZ NIÑO,Num. 16,11
06. LA CONCORDIA,GOMEZ NIÑO,Num. 2,356
06. LA CONCORDIA,GOMEZ NIÑO,Num. 3,23
06. LA CONCORDIA,GOMEZ NIÑO,Num. 4,23
06. LA CONCORDIA,GOMEZ NIÑO,Num. 5,3
06. LA CONCORDIA,GOMEZ NIÑO,Num. 6,368
06. LA CONCORDIA,GOMEZ NIÑO,Num. 7,88
06. LA CONCORDIA,GOMEZ NIÑO,Num. 8,123
06. LA CONCORDIA,GOMEZ NIÑO,Num. 9,1
06. LA CONCORDIA,LA CEIBA,Lit. d,8
06. LA CONCORDIA,LA CEIBA,Num. 1,63
06. LA CONCORDIA,LA CEIBA,Num. 11,5
06. LA CONCORDIA,LA CEIBA,Num. 13,47
06. LA CONCORDIA,LA CEIBA,Num. 14,1
06. LA CONCORDIA,LA CEIBA,Num. 16,2
06. LA CONCORDIA,LA CEIBA,Num. 2,212
06. LA CONCORDIA,LA CEIBA,Num. 3,8
06. LA CONCORDIA,LA CEIBA,Num. 4,18
06. LA CONCORDIA,LA CEIBA,Num. 5,1
06. LA CONCORDIA,LA CEIBA,Num. 6,153
06. LA CONCORDIA,LA CEIBA,Num. 7,233
06. LA CONCORDIA,LA CEIBA,Num. 8,199
06. LA CONCORDIA,LA CONCORDIA,Lit. a,1
06. LA CONCORDIA,LA CONCORDIA,Lit. b,1
06. LA CONCORDIA,LA CONCORDIA,Lit. c,9
06. LA CONCORDIA,LA CONCORDIA,Lit. d,3
06. LA CONCORDIA,LA CONCORDIA,Lit. e,1
06. LA CONCORDIA,LA CONCORDIA,Lit. f,1
06. LA CONCORDIA,LA CONCORDIA,Num. 1,149
06. LA CONCORDIA,LA CONCORDIA,Num. 10,21
06. LA CONCORDIA,LA CONCORDIA,Num. 11,23
06. LA CONCORDIA,LA CONCORDIA,Num. 12,1
06. LA CONCORDIA,LA CONCORDIA,Num. 13,19
06. LA CONCORDIA,LA CONCORDIA,Num. 16,64
06. LA CONCORDIA,LA CONCORDIA,Num. 2,431
06. LA CONCORDIA,LA CONCORDIA,Num. 3,44
06. LA CONCORDIA,LA CONCORDIA,Num. 4,89
06. LA CONCORDIA,LA CONCORDIA,Num. 5,15
06. LA CONCORDIA,LA CONCORDIA,Num. 6,557
06. LA CONCORDIA,LA CONCORDIA,Num. 7,151
06. LA CONCORDIA,LA CONCORDIA,Num. 8,92
06. LA CONCORDIA,LA CONCORDIA,Num. 9,4
06. LA CONCORDIA,LA GUACAMAYA,Num. 2,6
06. LA CONCORDIA,LA SALLE,Lit. b,2
06. LA CONCORDIA,LA SALLE,Num. 1,13
06. LA CONCORDIA,LA SALLE,Num. 11,3
06. LA CONCORDIA,LA SALLE,Num. 13,1
06. LA CONCORDIA,LA SALLE,Num. 16,3
06. LA CONCORDIA,LA SALLE,Num. 2,50
06. LA CONCORDIA,LA SALLE,Num. 3,3
06. LA CONCORDIA,LA SALLE,Num. 4,6
06. LA CONCORDIA,LA SALLE,Num. 6,62
06. LA CONCORDIA,LA SALLE,Num. 7,33
06. LA CONCORDIA,LA SALLE,Num. 8,29
06. LA CONCORDIA,LA VICTORIA,Lit. d,1
06. LA CONCORDIA,LA VICTORIA,Num. 1,90
06. LA CONCORDIA,LA VICTORIA,Num. 11,8
06. LA CONCORDIA,LA VICTORIA,Num. 13,6
06. LA CONCORDIA,LA VICTORIA,Num. 16,12
06. LA CONCORDIA,LA VICTORIA,Num. 2,169
06. LA CONCORDIA,LA VICTORIA,Num. 3,31
06. LA CONCORDIA,LA VICTORIA,Num. 4,17
06. LA CONCORDIA,LA VICTORIA,Num. 5,3
06. LA CONCORDIA,LA VICTORIA,Num. 6,121
06. LA CONCORDIA,LA VICTORIA,Num. 7,86
06. LA CONCORDIA,LA VICTORIA,Num. 8,65
06. LA CONCORDIA,RICAURTE,Lit. a,1
06. LA CONCORDIA,RICAURTE,Lit. b,1
06. LA CONCORDIA,RICAURTE,Lit. c,2
06. LA CONCORDIA,RICAURTE,Lit. e,2
06. LA CONCORDIA,RICAURTE,Num. 1,186
06. LA CONCORDIA,RICAURTE,Num. 10,1
06. LA CONCORDIA,RICAURTE,Num. 11,19
06. LA CONCORDIA,RICAURTE,Num. 12,1
06. LA CONCORDIA,RICAURTE,Num. 13,5
06. LA CONCORDIA,RICAURTE,Num. 16,33
06. LA CONCORDIA,RICAURTE,Num. 2,279
06. LA CONCORDIA,RICAURTE,Num. 3,46
06. LA CONCORDIA,RICAURTE,Num. 4,55
06. LA CONCORDIA,RICAURTE,Num. 5,9
06. LA CONCORDIA,RICAURTE,Num. 6,255
06. LA CONCORDIA,RICAURTE,Num. 7,106
06. LA CONCORDIA,RICAURTE,Num. 8,68
06. LA CONCORDIA,RICAURTE,Num. 9,2
06. LA CONCORDIA,SAN MIGUEL,Lit. a,2
06. LA CONCORDIA,SAN MIGUEL,Lit. b,1
06. LA CONCORDIA,SAN MIGUEL,Lit. c,2
06. LA CONCORDIA,SAN MIGUEL,Num. 1,40
06. LA CONCORDIA,SAN MIGUEL,Num. 10,3
06. LA CONCORDIA,SAN MIGUEL,Num. 11,5
06. LA CONCORDIA,SAN MIGUEL,Num. 13,9
06. LA CONCORDIA,SAN MIGUEL,Num. 16,10
06. LA CONCORDIA,SAN MIGUEL,Num. 2,70
06. LA CONCORDIA,SAN MIGUEL,Num. 3,13
06. LA CONCORDIA,SAN MIGUEL,Num. 4,16
06. LA CONCORDIA,SAN MIGUEL,Num. 5,2
06. LA CONCORDIA,SAN MIGUEL,Num. 6,131
06. LA CONCORDIA,SAN MIGUEL,Num. 7,41
06. LA CONCORDIA,SAN MIGUEL,Num. 8,40
07. LA CIUDADELA,CIUDADELA REAL DE MINAS,Art. 27,1
07. LA CIUDADELA,CIUDADELA REAL DE MINAS,Lit. a,6
07. LA CIUDADELA,CIUDADELA REAL DE MINAS,Lit. b,8
07. LA CIUDADELA,CIUDADELA REAL DE MINAS,Lit. c,4
07. LA CIUDADELA,CIUDADELA REAL DE MINAS,Num. 1,444
07. LA CIUDADELA,CIUDADELA REAL DE MINAS,Num. 11,19
07. LA CIUDADELA,CIUDADELA REAL DE MINAS,Num. 12,1
07. LA CIUDADELA,CIUDADELA REAL DE MINAS,Num. 13,80
07. LA CIUDADELA,CIUDADELA REAL DE MINAS,Num. 14,1
07. LA CIUDADELA,CIUDADELA REAL DE MINAS,Num. 16,21
07. LA CIUDADELA,CIUDADELA REAL DE MINAS,Num. 2,791
07. LA CIUDADELA,CIUDADELA REAL DE MINAS,Num. 3,108
07. LA CIUDADELA,CIUDADELA REAL DE MINAS,Num. 4,191
07. LA CIUDADELA,CIUDADELA REAL DE MINAS,Num. 5,14
07. LA CIUDADELA,CIUDADELA REAL DE MINAS,Num. 6,665
07. LA CIUDADELA,CIUDADELA REAL DE MINAS,Num. 7,685
07. LA CIUDADELA,CIUDADELA REAL DE MINAS,Num. 8,746
07. LA CIUDADELA,CIUDADELA REAL DE MINAS,Num. 9,2
07. LA CIUDADELA,LAURELES I,Num. 1,4
07. LA CIUDADELA,LAURELES I,Num. 13,1
07. LA CIUDADELA,LAURELES I,Num. 2,5
07. LA CIUDADELA,LAURELES I,Num. 6,3
07. LA CIUDADELA,LAURELES I,Num. 8,1
07. LA CIUDADELA,URB. ACROPOLIS I,Num. 2,2
07. LA CIUDADELA,URB. CIUDAD BOLIVAR,Lit. a,1
07. LA CIUDADELA,URB. CIUDAD BOLIVAR,Num. 1,27
07. LA CIUDADELA,URB. CIUDAD BOLIVAR,Num. 10,2
07. LA CIUDADELA,URB. CIUDAD BOLIVAR,Num. 11,1
07. LA CIUDADELA,URB. CIUDAD BOLIVAR,Num. 13,7
07. LA CIUDADELA,URB. CIUDAD BOLIVAR,Num. 16,3
07. LA CIUDADELA,URB. CIUDAD BOLIVAR,Num. 2,86
07. LA CIUDADELA,URB. CIUDAD BOLIVAR,Num. 3,13
07. LA CIUDADELA,URB. CIUDAD BOLIVAR,Num. 4,9
07. LA CIUDADELA,URB. CIUDAD BOLIVAR,Num. 5,7
07. LA CIUDADELA,URB. CIUDAD BOLIVAR,Num. 6,118
07. LA CIUDADELA,URB. CIUDAD BOLIVAR,Num. 7,100
07. LA CIUDADELA,URB. CIUDAD BOLIVAR,Num. 8,76
07. LA CIUDADELA,URB. LOS ALMENDROS,Num. 1,2
07. LA CIUDADELA,URB. LOS ALMENDROS,Num. 16,1
07. LA CIUDADELA,URB. LOS ALMENDROS,Num. 2,2
07. LA CIUDADELA,URB. LOS ALMENDROS,Num. 3,1
07. LA CIUDADELA,URB. LOS ALMENDROS,Num. 4,2
07. LA CIUDADELA,URB. LOS ALMENDROS,Num. 5,1
07. LA CIUDADELA,URB. LOS ALMENDROS,Num. 6,7
07. LA CIUDADELA,URB. LOS ALMENDROS,Num. 7,1
07. LA CIUDADELA,URB. LOS ALMENDROS,Num. 8,1
07. LA CIUDADELA,URB. LOS NARANJOS,Lit. a,1
07. LA CIUDADELA,URB. LOS NARANJOS,Lit. c,1
07. LA CIUDADELA,URB. LOS NARANJOS,Num. 1,44
07. LA CIUDADELA,URB. LOS NARANJOS,Num. 11,8
07. LA CIUDADELA,URB. LOS NARANJOS,Num. 13,5
07. LA CIUDADELA,URB. LOS NARANJOS,Num. 14,2
07. LA CIUDADELA,URB. LOS NARANJOS,Num. 2,96
07. LA CIUDADELA,URB. LOS NARANJOS,Num. 3,9
07. LA CIUDADELA,URB. LOS NARANJOS,Num. 4,11
07. LA CIUDADELA,URB. LOS NARANJOS,Num. 5,1
07. LA CIUDADELA,URB. LOS NARANJOS,Num. 6,89
07. LA CIUDADELA,URB. LOS NARANJOS,Num. 7,166
07. LA CIUDADELA,URB. LOS NARANJOS,Num. 8,118
07. LA CIUDADELA,URB. MACAREGUA,Lit. a,1
07. LA CIUDADELA,URB. MACAREGUA,Num. 1,1
07. LA CIUDADELA,URB. MACAREGUA,Num. 3,1
07. LA CIUDADELA,URB. PLAZA MAYOR,Num. 1,1
07. LA CIUDADELA,URB. PLAZA MAYOR,Num. 2,1
07. LA CIUDADELA,URB. PLAZA MAYOR,Num. 5,1
07. LA CIUDADELA,URB. PLAZA MAYOR,Num. 6,1
07. LA CIUDADELA,URB. PLAZA MAYOR,Num. 7,4
07. LA CIUDADELA,URB. PLAZA MAYOR,Num. 8,2
07. LA CIUDADELA,URB. PLAZUELA REAL,Num. 1,4
07. LA CIUDADELA,URB. SAMANES,Num. 1,6
08. SUROCCIDENTE,20 DE JULIO,Num. 1,4
08. SUROCCIDENTE,20 DE JULIO,Num. 2,2
08. SUROCCIDENTE,20 DE JULIO,Num. 4,2
08. SUROCCIDENTE,20 DE JULIO,Num. 5,1
08. SUROCCIDENTE,20 DE JULIO,Num. 6,2
08. SUROCCIDENTE,AFRICA,Num. 16,1
08. SUROCCIDENTE,AFRICA,Num. 6,1
08. SUROCCIDENTE,ANTIGUA COLOMBIA,Num. 2,1
08. SUROCCIDENTE,ASENTAMIENTO EL FONCE,Num. 2,2
08. SUROCCIDENTE,ASENTAMIENTO EL FONCE,Num. 6,3
08. SUROCCIDENTE,ASENTAMIENTO EL FONCE,Num. 8,1
08. SUROCCIDENTE,BUCARAMANGA,Lit. h,1
08. SUROCCIDENTE,BUCARAMANGA,Num. 1,154
08. SUROCCIDENTE,BUCARAMANGA,Num. 11,20
08. SUROCCIDENTE,BUCARAMANGA,Num. 13,9
08. SUROCCIDENTE,BUCARAMANGA,Num. 16,22
08. SUROCCIDENTE,BUCARAMANGA,Num. 2,342
08. SUROCCIDENTE,BUCARAMANGA,Num. 3,54
08. SUROCCIDENTE,BUCARAMANGA,Num. 4,28
08. SUROCCIDENTE,BUCARAMANGA,Num. 5,1
08. SUROCCIDENTE,BUCARAMANGA,Num. 6,285
08. SUROCCIDENTE,BUCARAMANGA,Num. 7,58
08. SUROCCIDENTE,BUCARAMANGA,Num. 8,112
08. SUROCCIDENTE,BUCARAMANGA,Num. 9,4
08. SUROCCIDENTE,CANELOS,Num. 1,40
08. SUROCCIDENTE,CANELOS,Num. 10,1
08. SUROCCIDENTE,CANELOS,Num. 11,3
08. SUROCCIDENTE,CANELOS,Num. 12,1
08. SUROCCIDENTE,CANELOS,Num. 13,14
08. SUROCCIDENTE,CANELOS,Num. 16,7
08. SUROCCIDENTE,CANELOS,Num. 2,94
08. SUROCCIDENTE,CANELOS,Num. 3,23
08. SUROCCIDENTE,CANELOS,Num. 4,3
08. SUROCCIDENTE,CANELOS,Num. 6,142
08. SUROCCIDENTE,CANELOS,Num. 7,33
08. SUROCCIDENTE,CANELOS,Num. 8,29
08. SUROCCIDENTE,CORDONCILLO I,Num. 1,18
08. SUROCCIDENTE,CORDONCILLO I,Num. 2,3
08. SUROCCIDENTE,CORDONCILLO I,Num. 4,3
08. SUROCCIDENTE,CORDONCILLO I,Num. 6,2
08. SUROCCIDENTE,CORDONCILLO I,Num. 7,1
08. SUROCCIDENTE,CORDONCILLO II,Num. 2,1
08. SUROCCIDENTE,CORDONCILLO II,Num. 3,1
08. SUROCCIDENTE,CORDONCILLO II,Num. 4,2
08. SUROCCIDENTE,CORDONCILLO II,Num. 6,3
08. SUROCCIDENTE,CORDONCILLO II,Num. 8,1
08. SUROCCIDENTE,JUAN XXIII,Lit. b,2
08. SUROCCIDENTE,JUAN XXIII,Num. 1,33
08. SUROCCIDENTE,JUAN XXIII,Num. 16,3
08. SUROCCIDENTE,JUAN XXIII,Num. 2,17
08. SUROCCIDENTE,JUAN XXIII,Num. 3,5
08. SUROCCIDENTE,JUAN XXIII,Num. 4,5
08. SUROCCIDENTE,JUAN XXIII,Num. 6,10
08. SUROCCIDENTE,JUAN XXIII,Num. 7,3
08. SUROCCIDENTE,JUAN XXIII,Num. 8,5
08. SUROCCIDENTE,LOS LAURELES,Num. 1,11
08. SUROCCIDENTE,LOS LAURELES,Num. 2,7
08. SUROCCIDENTE,LOS LAURELES,Num. 3,1
08. SUROCCIDENTE,LOS LAURELES,Num. 4,2
08. SUROCCIDENTE,LOS LAURELES,Num. 6,4
08. SUROCCIDENTE,PABLO VI,Lit. d,1
08. SUROCCIDENTE,PABLO VI,Num. 1,53
08. SUROCCIDENTE,PABLO VI,Num. 11,1
08. SUROCCIDENTE,PABLO VI,Num. 13,3
08. SUROCCIDENTE,PABLO VI,Num. 16,3
08. SUROCCIDENTE,PABLO VI,Num. 2,73
08. SUROCCIDENTE,PABLO VI,Num. 3,16
08. SUROCCIDENTE,PABLO VI,Num. 4,16
08. SUROCCIDENTE,PABLO VI,Num. 5,2
08. SUROCCIDENTE,PABLO VI,Num. 6,111
08. SUROCCIDENTE,PABLO VI,Num. 7,20
08. SUROCCIDENTE,PABLO VI,Num. 8,16
08. SUROCCIDENTE,QUEBRADA LA IGLESIA II,Num. 1,1
08. SUROCCIDENTE,SAN GERARDO,Lit. c,1
08. SUROCCIDENTE,SAN GERARDO,Num. 1,48
08. SUROCCIDENTE,SAN GERARDO,Num. 10,1
08. SUROCCIDENTE,SAN GERARDO,Num. 12,1
08. SUROCCIDENTE,SAN GERARDO,Num. 13,5
08. SUROCCIDENTE,SAN GERARDO,Num. 16,9
08. SUROCCIDENTE,SAN GERARDO,Num. 2,122
08. SUROCCIDENTE,SAN GERARDO,Num. 3,17
08. SUROCCIDENTE,SAN GERARDO,Num. 4,15
08. SUROCCIDENTE,SAN GERARDO,Num. 5,3
08. SUROCCIDENTE,SAN GERARDO,Num. 6,167
08. SUROCCIDENTE,SAN GERARDO,Num. 7,43
08. SUROCCIDENTE,SAN GERARDO,Num. 8,48
09. LA PEDREGOSA,ANTONIA SANTOS SUR,Num. 1,15
09. LA PEDREGOSA,ANTONIA SANTOS SUR,Num. 11,2
09. LA PEDREGOSA,ANTONIA SANTOS SUR,Num. 2,75
09. LA PEDREGOSA,ANTONIA SANTOS SUR,Num. 3,2
09. LA PEDREGOSA,ANTONIA SANTOS SUR,Num. 4,1
09. LA PEDREGOSA,ANTONIA SANTOS SUR,Num. 5,1
09. LA PEDREGOSA,ANTONIA SANTOS SUR,Num. 6,54
09. LA PEDREGOSA,ANTONIA SANTOS SUR,Num. 7,35
09. LA PEDREGOSA,ANTONIA SANTOS SUR,Num. 8,17
09. LA PEDREGOSA,ANTONIA SANTOS SUR,Num. 9,2
09. LA PEDREGOSA,ASTURIAS,Art. 92,1
09. LA PEDREGOSA,ASTURIAS,Lit. a,3
09. LA PEDREGOSA,ASTURIAS,Lit. c,1
09. LA PEDREGOSA,ASTURIAS,Lit. e,1
09. LA PEDREGOSA,ASTURIAS,Num. 1,40
09. LA PEDREGOSA,ASTURIAS,Num. 11,11
09. LA PEDREGOSA,ASTURIAS,Num. 13,14
09. LA PEDREGOSA,ASTURIAS,Num. 16,12
09. LA PEDREGOSA,ASTURIAS,Num. 2,90
09. LA PEDREGOSA,ASTURIAS,Num. 3,11
09. LA PEDREGOSA,ASTURIAS,Num. 4,9
09. LA PEDREGOSA,ASTURIAS,Num. 5,12
09. LA PEDREGOSA,ASTURIAS,Num. 6,111
09. LA PEDREGOSA,ASTURIAS,Num. 7,94
09. LA PEDREGOSA,ASTURIAS,Num. 8,53
09. LA PEDREGOSA,ASTURIAS,Num. 9,2
09. LA PEDREGOSA,DIAMANTE I,Lit. c,2
09. LA PEDREGOSA,DIAMANTE I,Num. 1,26
09. LA PEDREGOSA,DIAMANTE I,Num. 11,3
09. LA PEDREGOSA,DIAMANTE I,Num. 13,3
09. LA PEDREGOSA,DIAMANTE I,Num. 16,4
09. LA PEDREGOSA,DIAMANTE I,Num. 2,85
09. LA PEDREGOSA,DIAMANTE I,Num. 3,10
09. LA PEDREGOSA,DIAMANTE I,Num. 4,5
09. LA PEDREGOSA,DIAMANTE I,Num. 5,1
09. LA PEDREGOSA,DIAMANTE I,Num. 6,90
09. LA PEDREGOSA,DIAMANTE I,Num. 7,97
09. LA PEDREGOSA,DIAMANTE I,Num. 8,28
09. LA PEDREGOSA,DIAMANTE I,Num. 9,2
09. LA PEDREGOSA,LA LIBERTAD,Num. 1,22
09. LA PEDREGOSA,LA LIBERTAD,Num. 11,4
09. LA PEDREGOSA,LA LIBERTAD,Num. 13,6
09. LA PEDREGOSA,LA LIBERTAD,Num. 16,2
09. LA PEDREGOSA,LA LIBERTAD,Num. 2,31
09. LA PEDREGOSA,LA LIBERTAD,Num. 3,3
09. LA PEDREGOSA,LA LIBERTAD,Num. 4,3
09. LA PEDREGOSA,LA LIBERTAD,Num. 5,1
09. LA PEDREGOSA,LA LIBERTAD,Num. 6,31
09. LA PEDREGOSA,LA LIBERTAD,Num. 7,19
09. LA PEDREGOSA,LA LIBERTAD,Num. 8,9
09. LA PEDREGOSA,LA PEDREGOSA,Lit. a,2
09. LA PEDREGOSA,LA PEDREGOSA,Lit. c,5
09. LA PEDREGOSA,LA PEDREGOSA,Num. 1,45
09. LA PEDREGOSA,LA PEDREGOSA,Num. 11,4
09. LA PEDREGOSA,LA PEDREGOSA,Num. 13,1
09. LA PEDREGOSA,LA PEDREGOSA,Num. 16,9
09. LA PEDREGOSA,LA PEDREGOSA,Num. 2,95
09. LA PEDREGOSA,LA PEDREGOSA,Num. 3,10
09. LA PEDREGOSA,LA PEDREGOSA,Num. 4,9
09. LA PEDREGOSA,LA PEDREGOSA,Num. 5,1
09. LA PEDREGOSA,LA PEDREGOSA,Num. 6,52
09. LA PEDREGOSA,LA PEDREGOSA,Num. 7,40
09. LA PEDREGOSA,LA PEDREGOSA,Num. 8,26
09. LA PEDREGOSA,LA PEDREGOSA,Num. 9,1
09. LA PEDREGOSA,LAS CASITAS,Num. 1,2
09. LA PEDREGOSA,LAS CASITAS,Num. 4,2
09. LA PEDREGOSA,MIRADORES DE SAN LORENZO,Num. 1,4
09. LA PEDREGOSA,MIRADORES DE SAN LORENZO,Num. 8,3
09. LA PEDREGOSA,NUEVA GRANADA,Num. 1,31
09. LA PEDREGOSA,NUEVA GRANADA,Num. 11,4
09. LA PEDREGOSA,NUEVA GRANADA,Num. 2,52
09. LA PEDREGOSA,NUEVA GRANADA,Num. 3,4
09. LA PEDREGOSA,NUEVA GRANADA,Num. 4,2
09. LA PEDREGOSA,NUEVA GRANADA,Num. 6,16
09. LA PEDREGOSA,NUEVA GRANADA,Num. 7,23
09. LA PEDREGOSA,NUEVA GRANADA,Num. 8,18
09. LA PEDREGOSA,PORTOFINO,Num. 16,1
09. LA PEDREGOSA,PORTOFINO,Num. 2,3
09. LA PEDREGOSA,PORTOFINO,Num. 6,1
09. LA PEDREGOSA,QUEBRADA LA IGLESIA,Num. 1,22
09. LA PEDREGOSA,QUEBRADA LA IGLESIA,Num. 11,2
09. LA PEDREGOSA,QUEBRADA LA IGLESIA,Num. 16,3
09. LA PEDREGOSA,QUEBRADA LA IGLESIA,Num. 2,26
09. LA PEDREGOSA,QUEBRADA LA IGLESIA,Num. 3,8
09. LA PEDREGOSA,QUEBRADA LA IGLESIA,Num. 4,2
09. LA PEDREGOSA,QUEBRADA LA IGLESIA,Num. 5,2
09. LA PEDREGOSA,QUEBRADA LA IGLESIA,Num. 6,15
09. LA PEDREGOSA,QUEBRADA LA IGLESIA,Num. 7,17
09. LA PEDREGOSA,QUEBRADA LA IGLESIA,Num. 8,10
09. LA PEDREGOSA,SAN MARTIN,Lit. a,1
09. LA PEDREGOSA,SAN MARTIN,Lit. c,2
09. LA PEDREGOSA,SAN MARTIN,Num. 1,89
09. LA PEDREGOSA,SAN MARTIN,Num. 11,3
09. LA PEDREGOSA,SAN MARTIN,Num. 13,2
09. LA PEDREGOSA,SAN MARTIN,Num. 16,5
09. LA PEDREGOSA,SAN MARTIN,Num. 2,141
09. LA PEDREGOSA,SAN MARTIN,Num. 3,13
09. LA PEDREGOSA,SAN MARTIN,Num. 4,10
09. LA PEDREGOSA,SAN MARTIN,Num. 5,2
09. LA PEDREGOSA,SAN MARTIN,Num. 6,186
09. LA PEDREGOSA,SAN MARTIN,Num. 7,47
09. LA PEDREGOSA,SAN MARTIN,Num. 8,26
09. LA PEDREGOSA,SAN MARTIN,Num. 9,2
09. LA PEDREGOSA,SAN PEDRITO,Num. 1,3
09. LA PEDREGOSA,SAN PEDRITO,Num. 2,1
09. LA PEDREGOSA,SAN PEDRITO,Num. 3,2
09. LA PEDREGOSA,SAN PEDRITO,Num. 4,2
09. LA PEDREGOSA,SAN PEDRITO,Num. 5,1
09. LA PEDREGOSA,SAN PEDRITO,Num. 6,10
09. LA PEDREGOSA,SAN PEDRITO,Num. 7,6
09. LA PEDREGOSA,SAN PEDRITO,Num. 8,4
09. LA PEDREGOSA,SAN PEDRO CLAVER,Num. 1,7
09. LA PEDREGOSA,SAN PEDRO CLAVER,Num. 2,35
09. LA PEDREGOSA,SAN PEDRO CLAVER,Num. 3,3
09. LA PEDREGOSA,SAN PEDRO CLAVER,Num. 4,1
09. LA PEDREGOSA,SAN PEDRO CLAVER,Num. 6,26
09. LA PEDREGOSA,SAN PEDRO CLAVER,Num. 7,3
09. LA PEDREGOSA,SAN PEDRO CLAVER,Num. 8,2
09. LA PEDREGOSA,URB. EL SOL I,Num. 1,14
09. LA PEDREGOSA,URB. EL SOL I,Num. 2,14
09. LA PEDREGOSA,URB. EL SOL I,Num. 3,2
09. LA PEDREGOSA,URB. EL SOL I,Num. 6,22
09. LA PEDREGOSA,URB. EL SOL I,Num. 7,14
09. LA PEDREGOSA,URB. EL SOL I,Num. 8,7
09. LA PEDREGOSA,URB. EL SOL II,Num. 2,4
09. LA PEDREGOSA,URB. EL SOL II,Num. 4,1
09. LA PEDREGOSA,URB. EL SOL II,Num. 6,2
09. LA PEDREGOSA,URB. EL SOL II,Num. 7,4
09. LA PEDREGOSA,URB. EL SOL II,Num. 8,1
09. LA PEDREGOSA,VILLA INES,Num. 1,12
09. LA PEDREGOSA,VILLA INES,Num. 11,2
09. LA PEDREGOSA,VILLA INES,Num. 2,14
09. LA PEDREGOSA,VILLA INES,Num. 3,1
09. LA PEDREGOSA,VILLA INES,Num. 4,4
09. LA PEDREGOSA,VILLA INES,Num. 6,30
09. LA PEDREGOSA,VILLA INES,Num. 7,11
09. LA PEDREGOSA,VILLA INES,Num. 8,8
10. PROVENZA,BRISAS DE PROVENZA,Lit. a,1
10. PROVENZA,BRISAS DE PROVENZA,Num. 1,1
10. PROVENZA,BRISAS DE PROVENZA,Num. 11,1
10. PROVENZA,BRISAS DE PROVENZA,Num. 13,3
10. PROVENZA,BRISAS DE PROVENZA,Num. 16,4
10. PROVENZA,BRISAS DE PROVENZA,Num. 2,59
10. PROVENZA,BRISAS DE PROVENZA,Num. 4,1
10. PROVENZA,BRISAS DE PROVENZA,Num. 6,97
10. PROVENZA,BRISAS DE PROVENZA,Num. 7,4
10. PROVENZA,BRISAS DE PROVENZA,Num. 8,7
10. PROVENZA,CRISTAL ALTO,Num. 1,16
10. PROVENZA,CRISTAL ALTO,Num. 11,1
10. PROVENZA,CRISTAL ALTO,Num. 13,2
10. PROVENZA,CRISTAL ALTO,Num. 16,2
10. PROVENZA,CRISTAL ALTO,Num. 2,60
10. PROVENZA,CRISTAL ALTO,Num. 3,4
10. PROVENZA,CRISTAL ALTO,Num. 4,1
10. PROVENZA,CRISTAL ALTO,Num. 6,71
10. PROVENZA,CRISTAL ALTO,Num. 7,2
10. PROVENZA,CRISTAL ALTO,Num. 8,5
10. PROVENZA,CRISTAL BAJO,Num. 1,9
10. PROVENZA,CRISTAL BAJO,Num. 13,3
10. PROVENZA,CRISTAL BAJO,Num. 16,1
10. PROVENZA,CRISTAL BAJO,Num. 2,36
10. PROVENZA,CRISTAL BAJO,Num. 3,1
10. PROVENZA,CRISTAL BAJO,Num. 4,1
10. PROVENZA,CRISTAL BAJO,Num. 6,67
10. PROVENZA,CRISTAL BAJO,Num. 7,4
10. PROVENZA,CRISTAL BAJO,Num. 8,6
10. PROVENZA,DIAMANTE II,Lit. a,2
10. PROVENZA,DIAMANTE II,Lit. b,6
10. PROVENZA,DIAMANTE II,Lit. f,4
10. PROVENZA,DIAMANTE II,Num. 1,163
10. PROVENZA,DIAMANTE II,Num. 10,3
10. PROVENZA,DIAMANTE II,Num. 11,110
10. PROVENZA,DIAMANTE II,Num. 12,23
10. PROVENZA,DIAMANTE II,Num. 13,7
10. PROVENZA,DIAMANTE II,Num. 16,12
10. PROVENZA,DIAMANTE II,Num. 2,226
10. PROVENZA,DIAMANTE II,Num. 3,31
10. PROVENZA,DIAMANTE II,Num. 4,23
10. PROVENZA,DIAMANTE II,Num. 5,13
10. PROVENZA,DIAMANTE II,Num. 6,167
10. PROVENZA,DIAMANTE II,Num. 7,430
10. PROVENZA,DIAMANTE II,Num. 8,154
10. PROVENZA,DIAMANTE II,Num. 9,1
10. PROVENZA,EL CRISTAL,Lit. a,2
10. PROVENZA,EL CRISTAL,Lit. c,1
10. PROVENZA,EL CRISTAL,Lit. e,1
10. PROVENZA,EL CRISTAL,Num. 1,111
10. PROVENZA,EL CRISTAL,Num. 10,1
10. PROVENZA,EL CRISTAL,Num. 11,3
10. PROVENZA,EL CRISTAL,Num. 16,7
10. PROVENZA,EL CRISTAL,Num. 2,20
10. PROVENZA,EL CRISTAL,Num. 3,37
10. PROVENZA,EL CRISTAL,Num. 4,22
10. PROVENZA,EL CRISTAL,Num. 5,8
10. PROVENZA,EL CRISTAL,Num. 6,107
10. PROVENZA,EL CRISTAL,Num. 7,44
10. PROVENZA,EL CRISTAL,Num. 8,12
10. PROVENZA,FONTANA,Lit. a,2
10. PROVENZA,FONTANA,Lit. b,7
10. PROVENZA,FONTANA,Lit. c,1
10. PROVENZA,FONTANA,Lit. d,4
10. PROVENZA,FONTANA,Lit. e,2
10. PROVENZA,FONTANA,Num. 1,44
10. PROVENZA,FONTANA,Num. 11,10
10. PROVENZA,FONTANA,Num. 13,32
10. PROVENZA,FONTANA,Num. 14,1
10. PROVENZA,FONTANA,Num. 16,4
10. PROVENZA,FONTANA,Num. 2,167
10. PROVENZA,FONTANA,Num. 3,19
10. PROVENZA,FONTANA,Num. 4,21
10. PROVENZA,FONTANA,Num. 5,1
10. PROVENZA,FONTANA,Num. 6,383
10. PROVENZA,FONTANA,Num. 7,225
10. PROVENZA,FONTANA,Num. 8,309
10. PROVENZA,GRANJAS DE PROVENZA,Lit. a,1
10. PROVENZA,GRANJAS DE PROVENZA,Num. 1,37
10. PROVENZA,GRANJAS DE PROVENZA,Num. 10,1
10. PROVENZA,GRANJAS DE PROVENZA,Num. 16,6
10. PROVENZA,GRANJAS DE PROVENZA,Num. 2,44
10. PROVENZA,GRANJAS DE PROVENZA,Num. 3,20
10. PROVENZA,GRANJAS DE PROVENZA,Num. 4,11
10. PROVENZA,GRANJAS DE PROVENZA,Num. 5,1
10. PROVENZA,GRANJAS DE PROVENZA,Num. 6,68
10. PROVENZA,GRANJAS DE PROVENZA,Num. 7,5
10. PROVENZA,GRANJAS DE PROVENZA,Num. 8,6
10. PROVENZA,INEM,Num. 1,3
10. PROVENZA,INEM,Num. 13,1
10. PROVENZA,INEM,Num. 16,1
10. PROVENZA,INEM,Num. 2,2
10. PROVENZA,INEM,Num. 3,3
10. PROVENZA,INEM,Num. 4,2
10. PROVENZA,INEM,Num. 6,1
10. PROVENZA,INEM,Num. 7,4
10. PROVENZA,INEM,Num. 8,1
10. PROVENZA,LUZ DE SALVACION I,Lit. a,2
10. PROVENZA,LUZ DE SALVACION I,Num. 1,6
10. PROVENZA,LUZ DE SALVACION I,Num. 11,1
10. PROVENZA,LUZ DE SALVACION I,Num. 16,1
10. PROVENZA,LUZ DE SALVACION I,Num. 2,17
10. PROVENZA,LUZ DE SALVACION I,Num. 3,3
10. PROVENZA,LUZ DE SALVACION I,Num. 6,43
10. PROVENZA,LUZ DE SALVACION I,Num. 7,3
10. PROVENZA,LUZ DE SALVACION I,Num. 8,2
10. PROVENZA,NUEVA FONTANA,Num. 1,4
10. PROVENZA,NUEVA FONTANA,Num. 16,2
10. PROVENZA,NUEVA FONTANA,Num. 2,31
10. PROVENZA,NUEVA FONTANA,Num. 6,21
10. PROVENZA,NUEVA FONTANA,Num. 8,8
10. PROVENZA,PROVENZA,Lit. a,5
10. PROVENZA,PROVENZA,Lit. b,10
10. PROVENZA,PROVENZA,Lit. c,2
10. PROVENZA,PROVENZA,Lit. d,3
10. PROVENZA,PROVENZA,Num. 1,298
10. PROVENZA,PROVENZA,Num. 10,2
10. PROVENZA,PROVENZA,Num. 11,36
10. PROVENZA,PROVENZA,Num. 12,6
10. PROVENZA,PROVENZA,Num. 13,36
10. PROVENZA,PROVENZA,Num. 14,1
10. PROVENZA,PROVENZA,Num. 16,57
10. PROVENZA,PROVENZA,Num. 2,562
10. PROVENZA,PROVENZA,Num. 3,109
10. PROVENZA,PROVENZA,Num. 4,102
10. PROVENZA,PROVENZA,Num. 5,12
10. PROVENZA,PROVENZA,Num. 6,776
10. PROVENZA,PROVENZA,Num. 7,252
10. PROVENZA,PROVENZA,Num. 8,316
10. PROVENZA,PROVENZA,Num. 9,2
10. PROVENZA,SAN LUIS,Lit. a,1
10. PROVENZA,SAN LUIS,Lit. b,2
10. PROVENZA,SAN LUIS,Num. 1,53
10. PROVENZA,SAN LUIS,Num. 11,1
10. PROVENZA,SAN LUIS,Num. 13,1
10. PROVENZA,SAN LUIS,Num. 16,2
10. PROVENZA,SAN LUIS,Num. 2,35
10. PROVENZA,SAN LUIS,Num. 3,9
10. PROVENZA,SAN LUIS,Num. 4,4
10. PROVENZA,SAN LUIS,Num. 5,1
10. PROVENZA,SAN LUIS,Num. 6,54
10. PROVENZA,SAN LUIS,Num. 7,24
10. PROVENZA,SAN LUIS,Num. 8,41
10. PROVENZA,VIVEROS DE PROVENZA,Lit. a,1
10. PROVENZA,VIVEROS DE PROVENZA,Num. 1,1
10. PROVENZA,VIVEROS DE PROVENZA,Num. 12,1
10. PROVENZA,VIVEROS DE PROVENZA,Num. 16,2
10. PROVENZA,VIVEROS DE PROVENZA,Num. 2,17
10. PROVENZA,VIVEROS DE PROVENZA,Num. 3,4
10. PROVENZA,VIVEROS DE PROVENZA,Num. 4,1
10. PROVENZA,VIVEROS DE PROVENZA,Num. 6,2
10. PROVENZA,VIVEROS DE PROVENZA,Num. 8,1
11. SUR,BALCONES DEL PARAISO,Num. 1,1
11. SUR,BALCONES DEL PARAISO,Num. 6,2
11. SUR,BALCONES DEL PARAISO,Num. 7,1
11. SUR,BALCONES DEL SUR,Num. 1,5
11. SUR,BALCONES DEL SUR,Num. 2,27
11. SUR,BALCONES DEL SUR,Num. 3,2
11. SUR,BALCONES DEL SUR,Num. 6,34
11. SUR,BALCONES DEL SUR,Num. 7,1
11. SUR,BALCONES DEL SUR,Num. 8,1
11. SUR,CANDADO,Num. 1,3
11. SUR,CANDADO,Num. 16,2
11. SUR,CANDADO,Num. 2,15
11. SUR,CANDADO,Num. 3,3
11. SUR,CANDADO,Num. 4,3
11. SUR,CANDADO,Num. 6,13
11. SUR,CANDADO,Num. 7,5
11. SUR,CANDADO,Num. 8,3
11. SUR,CIUDAD VENECIA,Lit. h,10
11. SUR,CIUDAD VENECIA,Num. 1,84
11. SUR,CIUDAD VENECIA,Num. 11,4
11. SUR,CIUDAD VENECIA,Num. 14,1
11. SUR,CIUDAD VENECIA,Num. 16,1
11. SUR,CIUDAD VENECIA,Num. 2,114
11. SUR,CIUDAD VENECIA,Num. 3,26
11. SUR,CIUDAD VENECIA,Num. 4,20
11. SUR,CIUDAD VENECIA,Num. 6,164
11. SUR,CIUDAD VENECIA,Num. 7,35
11. SUR,CIUDAD VENECIA,Num. 8,41
11. SUR,CONDADO DE GIBRALTAR,Num. 2,1
11. SUR,CONDADO DE GIBRALTAR,Num. 3,1
11. SUR,CONDADO DE GIBRALTAR,Num. 6,1
11. SUR,CONDADO DE GIBRALTAR,Num. 8,1
11. SUR,DANGOND,Lit. a,4
11. SUR,DANGOND,Lit. b,2
11. SUR,DANGOND,Lit. c,2
11. SUR,DANGOND,Lit. e,1
11. SUR,DANGOND,Num. 1,106
11. SUR,DANGOND,Num. 11,4
11. SUR,DANGOND,Num. 13,14
11. SUR,DANGOND,Num. 16,4
11. SUR,DANGOND,Num. 2,105
11. SUR,DANGOND,Num. 3,34
11. SUR,DANGOND,Num. 4,10
11. SUR,DANGOND,Num. 5,1
11. SUR,DANGOND,Num. 6,175
11. SUR,DANGOND,Num. 7,63
11. SUR,DANGOND,Num. 8,43
11. SUR,DELICIAS,Num. 1,31
11. SUR,DELICIAS,Num. 11,1
11. SUR,DELICIAS,Num. 14,1
11. SUR,DELICIAS,Num. 16,4
11. SUR,DELICIAS,Num. 2,26
11. SUR,DELICIAS,Num. 3,11
11. SUR,DELICIAS,Num. 4,7
11. SUR,DELICIAS,Num. 5,2
11. SUR,DELICIAS,Num. 6,59
11. SUR,DELICIAS,Num. 7,3
11. SUR,DELICIAS,Num. 8,15
11. SUR,DELICIAS BAJAS,Num. 2,4
11. SUR,DELICIAS BAJAS,Num. 6,7
11. SUR,DELICIAS BAJAS,Num. 8,1
11. SUR,EL CONDADO,Num. 2,2
11. SUR,EL CONDADO,Num. 4,1
11. SUR,EL CONDADO,Num. 6,1
11. SUR,EL PORVENIR,Lit. a,4
11. SUR,EL PORVENIR,Lit. b,3
11. SUR,EL PORVENIR,Lit. c,1
11. SUR,EL PORVENIR,Num. 1,133
11. SUR,EL PORVENIR,Num. 10,1
11. SUR,EL PORVENIR,Num. 11,7
11. SUR,EL PORVENIR,Num. 13,41
11. SUR,EL PORVENIR,Num. 14,4
11. SUR,EL PORVENIR,Num. 16,7
11. SUR,EL PORVENIR,Num. 2,266
11. SUR,EL PORVENIR,Num. 3,35
11. SUR,EL PORVENIR,Num. 4,17
11. SUR,EL PORVENIR,Num. 5,5
11. SUR,EL PORVENIR,Num. 6,254
11. SUR,EL PORVENIR,Num. 7,176
11. SUR,EL PORVENIR,Num. 8,51
11. SUR,EL ROCIO,Lit. a,1
11. SUR,EL ROCIO,Lit. b,2
11. SUR,EL ROCIO,Num. 1,55
11. SUR,EL ROCIO,Num. 10,1
11. SUR,EL ROCIO,Num. 11,3
11. SUR,EL ROCIO,Num. 13,11
11. SUR,EL ROCIO,Num. 16,5
11. SUR,EL ROCIO,Num. 2,206
11. SUR,EL ROCIO,Num. 3,23
11. SUR,EL ROCIO,Num. 4,12
11. SUR,EL ROCIO,Num. 5,5
11. SUR,EL ROCIO,Num. 6,250
11. SUR,EL ROCIO,Num. 7,47
11. SUR,EL ROCIO,Num. 8,35
11. SUR,EL ROCIO,Num. 9,1
11. SUR,ESPANA,Num. 1,3
11. SUR,ESPANA,Num. 13,1
11. SUR,ESPANA,Num. 6,4
11. SUR,GRANJAS DE JULIO RINCON,Num. 1,29
11. SUR,GRANJAS DE JULIO RINCON,Num. 16,1
11. SUR,GRANJAS DE JULIO RINCON,Num. 2,12
11. SUR,GRANJAS DE JULIO RINCON,Num. 3,8
11. SUR,GRANJAS DE JULIO RINCON,Num. 4,2
11. SUR,GRANJAS DE JULIO RINCON,Num. 6,22
11. SUR,GRANJAS DE JULIO RINCON,Num. 7,1
11. SUR,GRANJAS DE JULIO RINCON,Num. 8,5
11. SUR,GRANJAS REAGAN,Num. 1,6
11. SUR,GRANJAS REAGAN,Num. 2,12
11. SUR,GRANJAS REAGAN,Num. 3,2
11. SUR,GRANJAS REAGAN,Num. 4,2
11. SUR,GRANJAS REAGAN,Num. 6,6
11. SUR,GRANJAS REAGAN,Num. 8,1
11. SUR,GUADUALES,Num. 1,1
11. SUR,GUADUALES,Num. 3,2
11. SUR,GUADUALES,Num. 6,3
11. SUR,GUADUALES,Num. 7,1
11. SUR,IGSABELAR,Num. 1,4
11. SUR,IGSABELAR,Num. 2,16
11. SUR,IGSABELAR,Num. 3,1
11. SUR,IGSABELAR,Num. 6,1
11. SUR,IGSABELAR,Num. 8,2
11. SUR,JARDINES DE COAVICONSA,Num. 1,62
11. SUR,JARDINES DE COAVICONSA,Num. 10,3
11. SUR,JARDINES DE COAVICONSA,Num. 11,3
11. SUR,JARDINES DE COAVICONSA,Num. 13,26
11. SUR,JARDINES DE COAVICONSA,Num. 16,6
11. SUR,JARDINES DE COAVICONSA,Num. 2,219
11. SUR,JARDINES DE COAVICONSA,Num. 3,10
11. SUR,JARDINES DE COAVICONSA,Num. 4,10
11. SUR,JARDINES DE COAVICONSA,Num. 6,180
11. SUR,JARDINES DE COAVICONSA,Num. 7,80
11. SUR,JARDINES DE COAVICONSA,Num. 8,125
11. SUR,LOS CONQUISTADORES,Lit. c,2
11. SUR,LOS CONQUISTADORES,Lit. h,7
11. SUR,LOS CONQUISTADORES,Num. 1,118
11. SUR,LOS CONQUISTADORES,Num. 10,16
11. SUR,LOS CONQUISTADORES,Num. 11,10
11. SUR,LOS CONQUISTADORES,Num. 13,4
11. SUR,LOS CONQUISTADORES,Num. 14,3
11. SUR,LOS CONQUISTADORES,Num. 16,3
11. SUR,LOS CONQUISTADORES,Num. 2,66
11. SUR,LOS CONQUISTADORES,Num. 3,35
11. SUR,LOS CONQUISTADORES,Num. 4,21
11. SUR,LOS CONQUISTADORES,Num. 5,6
11. SUR,LOS CONQUISTADORES,Num. 6,169
11. SUR,LOS CONQUISTADORES,Num. 7,10
11. SUR,LOS CONQUISTADORES,Num. 8,51
11. SUR,LUZ DE SALVACION II,Num. 1,8
11. SUR,LUZ DE SALVACION II,Num. 2,26
11. SUR,LUZ DE SALVACION II,Num. 3,2
11. SUR,LUZ DE SALVACION II,Num. 4,4
11. SUR,LUZ DE SALVACION II,Num. 6,162
11. SUR,LUZ DE SALVACION II,Num. 7,1
11. SUR,LUZ DE SALVACION II,Num. 8,10
11. SUR,MALPASO,Lit. c,1
11. SUR,MALPASO,Num. 1,6
11. SUR,MALPASO,Num. 11,1
11. SUR,MALPASO,Num. 16,10
11. SUR,MALPASO,Num. 2,16
11. SUR,MALPASO,Num. 3,6
11. SUR,MALPASO,Num. 4,7
11. SUR,MALPASO,Num. 6,24
11. SUR,MALPASO,Num. 7,2
11. SUR,MALPASO,Num. 8,3
11. SUR,MANUELA BELTRAN,Lit. a,2
11. SUR,MANUELA BELTRAN,Num. 1,41
11. SUR,MANUELA BELTRAN,Num. 10,2
11. SUR,MANUELA BELTRAN,Num. 13,6
11. SUR,MANUELA BELTRAN,Num. 16,5
11. SUR,MANUELA BELTRAN,Num. 2,122
11. SUR,MANUELA BELTRAN,Num. 3,7
11. SUR,MANUELA BELTRAN,Num. 4,1
11. SUR,MANUELA BELTRAN,Num. 6,78
11. SUR,MANUELA BELTRAN,Num. 7,48
11. SUR,MANUELA BELTRAN,Num. 8,32
11. SUR,PUNTA PARAISO,Num. 1,16
11. SUR,PUNTA PARAISO,Num. 11,3
11. SUR,PUNTA PARAISO,Num. 13,6
11. SUR,PUNTA PARAISO,Num. 2,170
11. SUR,PUNTA PARAISO,Num. 3,4
11. SUR,PUNTA PARAISO,Num. 4,3
11. SUR,PUNTA PARAISO,Num. 6,240
11. SUR,PUNTA PARAISO,Num. 7,5
11. SUR,PUNTA PARAISO,Num. 8,20
11. SUR,ROBLES,Num. 1,3
11. SUR,ROBLES,Num. 2,1
11. SUR,ROBLES,Num. 7,1
11. SUR,SANTA MARIA,Num. 1,5
11. SUR,SANTA MARIA,Num. 13,1
11. SUR,SANTA MARIA,Num. 14,1
11. SUR,SANTA MARIA,Num. 2,75
11. SUR,SANTA MARIA,Num. 3,5
11. SUR,SANTA MARIA,Num. 5,3
11. SUR,SANTA MARIA,Num. 6,19
11. SUR,SANTA MARIA,Num. 7,1
11. SUR,SANTA MARIA,Num. 8,5
11. SUR,TOLEDO PLATA,Lit. c,2
11. SUR,TOLEDO PLATA,Num. 1,36
11. SUR,TOLEDO PLATA,Num. 11,1
11. SUR,TOLEDO PLATA,Num. 13,11
11. SUR,TOLEDO PLATA,Num. 2,151
11. SUR,TOLEDO PLATA,Num. 3,5
11. SUR,TOLEDO PLATA,Num. 4,6
11. SUR,TOLEDO PLATA,Num. 5,1
11. SUR,TOLEDO PLATA,Num. 6,142
11. SUR,TOLEDO PLATA,Num. 7,42
11. SUR,TOLEDO PLATA,Num. 8,44
11. SUR,VILLA ALICIA,Num. 1,8
11. SUR,VILLA ALICIA,Num. 11,1
11. SUR,VILLA ALICIA,Num. 16,2
11. SUR,VILLA ALICIA,Num. 2,1
11. SUR,VILLA ALICIA,Num. 3,4
11. SUR,VILLA ALICIA,Num. 6,7
11. SUR,VILLA ALICIA,Num. 7,4
11. SUR,VILLA DEL NOGAL,Num. 1,9
11. SUR,VILLA DEL NOGAL,Num. 16,1
11. SUR,VILLA DEL NOGAL,Num. 2,10
11. SUR,VILLA DEL NOGAL,Num. 3,4
11. SUR,VILLA DEL NOGAL,Num. 4,1
11. SUR,VILLA DEL NOGAL,Num. 6,6
11. SUR,VILLA DEL NOGAL,Num. 7,3
11. SUR,VILLA DEL NOGAL,Num. 8,1
11. SUR,VILLA FLOR,Num. 13,2
11. SUR,VILLA FLOR,Num. 16,1
11. SUR,VILLA FLOR,Num. 2,10
11. SUR,VILLA FLOR,Num. 3,1
11. SUR,VILLA FLOR,Num. 6,12
11. SUR,VILLA FLOR,Num. 7,1
11. SUR,VILLA REAL DEL SUR,Num. 1,5
11. SUR,VILLA REAL DEL SUR,Num. 2,13
11. SUR,VILLA REAL DEL SUR,Num. 6,12
11. SUR,VILLA REAL DEL SUR,Num. 8,3
11. SUR,VILLA SARA,Num. 1,3
11. SUR,VILLA SARA,Num. 13,1
11. SUR,VILLA SARA,Num. 2,13
11. SUR,VILLA SARA,Num. 3,1
11. SUR,VILLA SARA,Num. 6,12
11. SUR,VILLA SARA,Num. 8,1
12. CABECERA DEL LLANO,ANTIGUO CAMPESTRE,Num. 1,11
12. CABECERA DEL LLANO,ANTIGUO CAMPESTRE,Num. 11,1
12. CABECERA DEL LLANO,ANTIGUO CAMPESTRE,Num. 13,3
12. CABECERA DEL LLANO,ANTIGUO CAMPESTRE,Num. 16,4
12. CABECERA DEL LLANO,ANTIGUO CAMPESTRE,Num. 2,19
12. CABECERA DEL LLANO,ANTIGUO CAMPESTRE,Num. 3,1
12. CABECERA DEL LLANO,ANTIGUO CAMPESTRE,Num. 4,2
12. CABECERA DEL LLANO,ANTIGUO CAMPESTRE,Num. 5,1
12. CABECERA DEL LLANO,ANTIGUO CAMPESTRE,Num. 6,18
12. CABECERA DEL LLANO,ANTIGUO CAMPESTRE,Num. 7,8
12. CABECERA DEL LLANO,ANTIGUO CAMPESTRE,Num. 8,9
12. CABECERA DEL LLANO,BOLARQUI,Lit. b,1
12. CABECERA DEL LLANO,BOLARQUI,Num. 1,3
12. CABECERA DEL LLANO,BOLARQUI,Num. 10,1
12. CABECERA DEL LLANO,BOLARQUI,Num. 13,1
12. CABECERA DEL LLANO,BOLARQUI,Num. 16,3
12. CABECERA DEL LLANO,BOLARQUI,Num. 2,20
12. CABECERA DEL LLANO,BOLARQUI,Num. 3,6
12. CABECERA DEL LLANO,BOLARQUI,Num. 4,6
12. CABECERA DEL LLANO,BOLARQUI,Num. 6,25
12. CABECERA DEL LLANO,BOLARQUI,Num. 7,4
12. CABECERA DEL LLANO,BOLARQUI,Num. 8,4
12. CABECERA DEL LLANO,CABECERA DEL LLANO,Lit. a,3
12. CABECERA DEL LLANO,CABECERA DEL LLANO,Lit. b,3
12. CABECERA DEL LLANO,CABECERA DEL LLANO,Lit. c,10
12. CABECERA DEL LLANO,CABECERA DEL LLANO,Lit. e,11
12. CABECERA DEL LLANO,CABECERA DEL LLANO,Num. 1,334
12. CABECERA DEL LLANO,CABECERA DEL LLANO,Num. 10,7
12. CABECERA DEL LLANO,CABECERA DEL LLANO,Num. 11,14
12. CABECERA DEL LLANO,CABECERA DEL LLANO,Num. 13,230
12. CABECERA DEL LLANO,CABECERA DEL LLANO,Num. 14,2
12. CABECERA DEL LLANO,CABECERA DEL LLANO,Num. 16,67
12. CABECERA DEL LLANO,CABECERA DEL LLANO,Num. 2,515
12. CABECERA DEL LLANO,CABECERA DEL LLANO,Num. 3,79
12. CABECERA DEL LLANO,CABECERA DEL LLANO,Num. 4,222
12. CABECERA DEL LLANO,CABECERA DEL LLANO,Num. 5,32
12. CABECERA DEL LLANO,CABECERA DEL LLANO,Num. 6,680
12. CABECERA DEL LLANO,CABECERA DEL LLANO,Num. 7,522
12. CABECERA DEL LLANO,CABECERA DEL LLANO,Num. 8,571
12. CABECERA DEL LLANO,CABECERA DEL LLANO,Num. 9,3
12. CABECERA DEL LLANO,CONUCOS,Lit. a,1
12. CABECERA DEL LLANO,CONUCOS,Lit. b,1
12. CABECERA DEL LLANO,CONUCOS,Num. 1,22
12. CABECERA DEL LLANO,CONUCOS,Num. 11,4
12. CABECERA DEL LLANO,CONUCOS,Num. 13,19
12. CABECERA DEL LLANO,CONUCOS,Num. 16,2
12. CABECERA DEL LLANO,CONUCOS,Num. 2,66
12. CABECERA DEL LLANO,CONUCOS,Num. 3,2
12. CABECERA DEL LLANO,CONUCOS,Num. 4,11
12. CABECERA DEL LLANO,CONUCOS,Num. 6,65
12. CABECERA DEL LLANO,CONUCOS,Num. 7,40
12. CABECERA DEL LLANO,CONUCOS,Num. 8,44
12. CABECERA DEL LLANO,CONUCOS,Num. 9,7
12. CABECERA DEL LLANO,EL JARDIN,Num. 1,1
12. CABECERA DEL LLANO,EL JARDIN,Num. 16,2
12. CABECERA DEL LLANO,EL JARDIN,Num. 2,7
12. CABECERA DEL LLANO,EL JARDIN,Num. 3,1
12. CABECERA DEL LLANO,EL JARDIN,Num. 6,2
12. CABECERA DEL LLANO,EL JARDIN,Num. 7,3
12. CABECERA DEL LLANO,EL JARDIN,Num. 8,10
12. CABECERA DEL LLANO,LA FLORESTA,Lit. a,1
12. CABECERA DEL LLANO,LA FLORESTA,Lit. b,6
12. CABECERA DEL LLANO,LA FLORESTA,Num. 1,22
12. CABECERA DEL LLANO,LA FLORESTA,Num. 16,2
12. CABECERA DEL LLANO,LA FLORESTA,Num. 2,28
12. CABECERA DEL LLANO,LA FLORESTA,Num. 3,4
12. CABECERA DEL LLANO,LA FLORESTA,Num. 4,7
12. CABECERA DEL LLANO,LA FLORESTA,Num. 6,14
12. CABECERA DEL LLANO,LA FLORESTA,Num. 7,17
12. CABECERA DEL LLANO,LA FLORESTA,Num. 8,16
12. CABECERA DEL LLANO,LOS CEDROS,Num. 1,7
12. CABECERA DEL LLANO,LOS CEDROS,Num. 3,2
12. CABECERA DEL LLANO,LOS CEDROS,Num. 4,2
12. CABECERA DEL LLANO,LOS CEDROS,Num. 7,6
12. CABECERA DEL LLANO,MERCEDES,Num. 1,5
12. CABECERA DEL LLANO,MERCEDES,Num. 11,3
12. CABECERA DEL LLANO,MERCEDES,Num. 13,2
12. CABECERA DEL LLANO,MERCEDES,Num. 16,5
12. CABECERA DEL LLANO,MERCEDES,Num. 2,18
12. CABECERA DEL LLANO,MERCEDES,Num. 3,2
12. CABECERA DEL LLANO,MERCEDES,Num. 4,2
12. CABECERA DEL LLANO,MERCEDES,Num. 5,1
12. CABECERA DEL LLANO,MERCEDES,Num. 6,36
12. CABECERA DEL LLANO,MERCEDES,Num. 7,15
12. CABECERA DEL LLANO,MERCEDES,Num. 8,9
12. CABECERA DEL LLANO,NUEVO SOTOMAYOR,Lit. b,1
12. CABECERA DEL LLANO,NUEVO SOTOMAYOR,Num. 1,25
12. CABECERA DEL LLANO,NUEVO SOTOMAYOR,Num. 10,1
12. CABECERA DEL LLANO,NUEVO SOTOMAYOR,Num. 11,1
12. CABECERA DEL LLANO,NUEVO SOTOMAYOR,Num. 13,3
12. CABECERA DEL LLANO,NUEVO SOTOMAYOR,Num. 14,1
12. CABECERA DEL LLANO,NUEVO SOTOMAYOR,Num. 16,8
12. CABECERA DEL LLANO,NUEVO SOTOMAYOR,Num. 19,1
12. CABECERA DEL LLANO,NUEVO SOTOMAYOR,Num. 2,43
12. CABECERA DEL LLANO,NUEVO SOTOMAYOR,Num. 3,14
12. CABECERA DEL LLANO,NUEVO SOTOMAYOR,Num. 4,19
12. CABECERA DEL LLANO,NUEVO SOTOMAYOR,Num. 6,80
12. CABECERA DEL LLANO,NUEVO SOTOMAYOR,Num. 7,41
12. CABECERA DEL LLANO,NUEVO SOTOMAYOR,Num. 8,27
12. CABECERA DEL LLANO,PAN DE AZUCAR,Lit. a,3
12. CABECERA DEL LLANO,PAN DE AZUCAR,Lit. b,6
12. CABECERA DEL LLANO,PAN DE AZUCAR,Num. 1,27
12. CABECERA DEL LLANO,PAN DE AZUCAR,Num. 11,5
12. CABECERA DEL LLANO,PAN DE AZUCAR,Num. 16,2
12. CABECERA DEL LLANO,PAN DE AZUCAR,Num. 2,98
12. CABECERA DEL LLANO,PAN DE AZUCAR,Num. 3,2
12. CABECERA DEL LLANO,PAN DE AZUCAR,Num. 4,7
12. CABECERA DEL LLANO,PAN DE AZUCAR,Num. 5,2
12. CABECERA DEL LLANO,PAN DE AZUCAR,Num. 6,36
12. CABECERA DEL LLANO,PAN DE AZUCAR,Num. 7,72
12. CABECERA DEL LLANO,PAN DE AZUCAR,Num. 8,64
12. CABECERA DEL LLANO,PUERTA DEL SOL,Lit. b,1
12. CABECERA DEL LLANO,PUERTA DEL SOL,Lit. c,1
12. CABECERA DEL LLANO,PUERTA DEL SOL,Num. 1,27
12. CABECERA DEL LLANO,PUERTA DEL SOL,Num. 11,5
12. CABECERA DEL LLANO,PUERTA DEL SOL,Num. 13,6
12. CABECERA DEL LLANO,PUERTA DEL SOL,Num. 16,3
12. CABECERA DEL LLANO,PUERTA DEL SOL,Num. 2,137
12. CABECERA DEL LLANO,PUERTA DEL SOL,Num. 3,6
12. CABECERA DEL LLANO,PUERTA DEL SOL,Num. 4,5
12. CABECERA DEL LLANO,PUERTA DEL SOL,Num. 5,5
12. CABECERA DEL LLANO,PUERTA DEL SOL,Num. 6,106
12. CABECERA DEL LLANO,PUERTA DEL SOL,Num. 7,32
12. CABECERA DEL LLANO,PUERTA DEL SOL,Num. 8,69
12. CABECERA DEL LLANO,PUERTA DEL SOL,Num. 9,1
12. CABECERA DEL LLANO,SOTOMAYOR,Lit. a,3
12. CABECERA DEL LLANO,SOTOMAYOR,Lit. c,1
12. CABECERA DEL LLANO,SOTOMAYOR,Lit. e,2
12. CABECERA DEL LLANO,SOTOMAYOR,Num. 1,133
12. CABECERA DEL LLANO,SOTOMAYOR,Num. 10,3
12. CABECERA DEL LLANO,SOTOMAYOR,Num. 11,12
12. CABECERA DEL LLANO,SOTOMAYOR,Num. 13,29
12. CABECERA DEL LLANO,SOTOMAYOR,Num. 14,1
12. CABECERA DEL LLANO,SOTOMAYOR,Num. 16,24
12. CABECERA DEL LLANO,SOTOMAYOR,Num. 2,189
12. CABECERA DEL LLANO,SOTOMAYOR,Num. 3,35
12. CABECERA DEL LLANO,SOTOMAYOR,Num. 4,49
12. CABECERA DEL LLANO,SOTOMAYOR,Num. 5,9
12. CABECERA DEL LLANO,SOTOMAYOR,Num. 6,344
12. CABECERA DEL LLANO,SOTOMAYOR,Num. 7,101
12. CABECERA DEL LLANO,SOTOMAYOR,Num. 8,82
12. CABECERA DEL LLANO,SOTOMAYOR,Num. 9,1
12. CABECERA DEL LLANO,TERRAZAS,Lit. a,1
12. CABECERA DEL LLANO,TERRAZAS,Lit. b,4
12. CABECERA DEL LLANO,TERRAZAS,Num. 1,34
12. CABECERA DEL LLANO,TERRAZAS,Num. 11,9
12. CABECERA DEL LLANO,TERRAZAS,Num. 13,23
12. CABECERA DEL LLANO,TERRAZAS,Num. 14,1
12. CABECERA DEL LLANO,TERRAZAS,Num. 16,4
12. CABECERA DEL LLANO,TERRAZAS,Num. 2,177
12. CABECERA DEL LLANO,TERRAZAS,Num. 3,7
12. CABECERA DEL LLANO,TERRAZAS,Num. 4,2
12. CABECERA DEL LLANO,TERRAZAS,Num. 5,1
12. CABECERA DEL LLANO,TERRAZAS,Num. 6,82
12. CABECERA DEL LLANO,TERRAZAS,Num. 7,127
12. CABECERA DEL LLANO,TERRAZAS,Num. 8,129
13. ORIENTAL,ALVAREZ LAS AMERICAS,Lit. b,1
13. ORIENTAL,ALVAREZ LAS AMERICAS,Lit. c,1
13. ORIENTAL,ALVAREZ LAS AMERICAS,Num. 1,67
13. ORIENTAL,ALVAREZ LAS AMERICAS,Num. 11,3
13. ORIENTAL,ALVAREZ LAS AMERICAS,Num. 13,16
13. ORIENTAL,ALVAREZ LAS AMERICAS,Num. 15,1
13. ORIENTAL,ALVAREZ LAS AMERICAS,Num. 16,6
13. ORIENTAL,ALVAREZ LAS AMERICAS,Num. 2,179
13. ORIENTAL,ALVAREZ LAS AMERICAS,Num. 3,6
13. ORIENTAL,ALVAREZ LAS AMERICAS,Num. 4,40
13. ORIENTAL,ALVAREZ LAS AMERICAS,Num. 5,5
13. ORIENTAL,ALVAREZ LAS AMERICAS,Num. 6,276
13. ORIENTAL,ALVAREZ LAS AMERICAS,Num. 7,47
13. ORIENTAL,ALVAREZ LAS AMERICAS,Num. 8,39
13. ORIENTAL,ANTONIA SANTOS CENTRO,Lit. a,9
13. ORIENTAL,ANTONIA SANTOS CENTRO,Lit. b,5
13. ORIENTAL,ANTONIA SANTOS CENTRO,Lit. c,5
13. ORIENTAL,ANTONIA SANTOS CENTRO,Lit. d,2
13. ORIENTAL,ANTONIA SANTOS CENTRO,Lit. e,2
13. ORIENTAL,ANTONIA SANTOS CENTRO,Num. 1,425
13. ORIENTAL,ANTONIA SANTOS CENTRO,Num. 10,6
13. ORIENTAL,ANTONIA SANTOS CENTRO,Num. 11,44
13. ORIENTAL,ANTONIA SANTOS CENTRO,Num. 12,3
13. ORIENTAL,ANTONIA SANTOS CENTRO,Num. 13,76
13. ORIENTAL,ANTONIA SANTOS CENTRO,Num. 14,1
13. ORIENTAL,ANTONIA SANTOS CENTRO,Num. 16,57
13. ORIENTAL,ANTONIA SANTOS CENTRO,Num. 2,604
13. ORIENTAL,ANTONIA SANTOS CENTRO,Num. 3,84
13. ORIENTAL,ANTONIA SANTOS CENTRO,Num. 4,372
13. ORIENTAL,ANTONIA SANTOS CENTRO,Num. 5,16
13. ORIENTAL,ANTONIA SANTOS CENTRO,Num. 6,873
13. ORIENTAL,ANTONIA SANTOS CENTRO,Num. 7,620
13. ORIENTAL,ANTONIA SANTOS CENTRO,Num. 8,351
13. ORIENTAL,ANTONIA SANTOS CENTRO,Num. 9,6
13. ORIENTAL,BOLIVAR,Lit. b,1
13. ORIENTAL,BOLIVAR,Lit. c,1
13. ORIENTAL,BOLIVAR,Lit. d,1
13. ORIENTAL,BOLIVAR,Num. 1,28
13. ORIENTAL,BOLIVAR,Num. 10,1
13. ORIENTAL,BOLIVAR,Num. 11,5
13. ORIENTAL,BOLIVAR,Num. 13,25
13. ORIENTAL,BOLIVAR,Num. 14,17
13. ORIENTAL,BOLIVAR,Num. 16,9
13. ORIENTAL,BOLIVAR,Num. 2,165
13. ORIENTAL,BOLIVAR,Num. 3,11
13. ORIENTAL,BOLIVAR,Num. 4,13
13. ORIENTAL,BOLIVAR,Num. 5,3
13. ORIENTAL,BOLIVAR,Num. 6,106
13. ORIENTAL,BOLIVAR,Num. 7,91
13. ORIENTAL,BOLIVAR,Num. 8,108
13. ORIENTAL,EL PRADO,Lit. a,1
13. ORIENTAL,EL PRADO,Lit. e,2
13. ORIENTAL,EL PRADO,Num. 1,72
13. ORIENTAL,EL PRADO,Num. 10,2
13. ORIENTAL,EL PRADO,Num. 11,2
13. ORIENTAL,EL PRADO,Num. 16,16
13. ORIENTAL,EL PRADO,Num. 2,45
13. ORIENTAL,EL PRADO,Num. 3,15
13. ORIENTAL,EL PRADO,Num. 4,18
13. ORIENTAL,EL PRADO,Num. 5,1
13. ORIENTAL,EL PRADO,Num. 6,76
13. ORIENTAL,EL PRADO,Num. 7,25
13. ORIENTAL,EL PRADO,Num. 8,33
13. ORIENTAL,GALAN,Lit. a,1
13. ORIENTAL,GALAN,Lit. c,2
13. ORIENTAL,GALAN,Lit. e,1
13. ORIENTAL,GALAN,Num. 1,83
13. ORIENTAL,GALAN,Num. 10,1
13. ORIENTAL,GALAN,Num. 11,14
13. ORIENTAL,GALAN,Num. 13,3
13. ORIENTAL,GALAN,Num. 14,1
13. ORIENTAL,GALAN,Num. 16,19
13. ORIENTAL,GALAN,Num. 2,62
13. ORIENTAL,GALAN,Num. 3,18
13. ORIENTAL,GALAN,Num. 4,10
13. ORIENTAL,GALAN,Num. 5,1
13. ORIENTAL,GALAN,Num. 6,106
13. ORIENTAL,GALAN,Num. 7,20
13. ORIENTAL,GALAN,Num. 8,13
13. ORIENTAL,LA AURORA,Lit. b,2
13. ORIENTAL,LA AURORA,Lit. c,2
13. ORIENTAL,LA AURORA,Lit. e,2
13. ORIENTAL,LA AURORA,Num. 1,112
13. ORIENTAL,LA AURORA,Num. 10,3
13. ORIENTAL,LA AURORA,Num. 11,4
13. ORIENTAL,LA AURORA,Num. 13,13
13. ORIENTAL,LA AURORA,Num. 16,29
13. ORIENTAL,LA AURORA,Num. 2,137
13. ORIENTAL,LA AURORA,Num. 3,24
13. ORIENTAL,LA AURORA,Num. 4,80
13. ORIENTAL,LA AURORA,Num. 5,3
13. ORIENTAL,LA AURORA,Num. 6,261
13. ORIENTAL,LA AURORA,Num. 7,118
13. ORIENTAL,LA AURORA,Num. 8,75
13. ORIENTAL,LA AURORA,Num. 9,3
13. ORIENTAL,LAS AMERICAS,Lit. e,1
13. ORIENTAL,LAS AMERICAS,Num. 1,2
13. ORIENTAL,LAS AMERICAS,Num. 2,11
13. ORIENTAL,LAS AMERICAS,Num. 3,6
13. ORIENTAL,LAS AMERICAS,Num. 4,1
13. ORIENTAL,LAS AMERICAS,Num. 5,1
13. ORIENTAL,LAS AMERICAS,Num. 6,14
13. ORIENTAL,LAS AMERICAS,Num. 7,2
13. ORIENTAL,LAS AMERICAS,Num. 8,2
13. ORIENTAL,LOS PINOS,Lit. a,1
13. ORIENTAL,LOS PINOS,Lit. b,1
13. ORIENTAL,LOS PINOS,Num. 1,14
13. ORIENTAL,LOS PINOS,Num. 13,4
13. ORIENTAL,LOS PINOS,Num. 16,1
13. ORIENTAL,LOS PINOS,Num. 2,60
13. ORIENTAL,LOS PINOS,Num. 3,6
13. ORIENTAL,LOS PINOS,Num. 4,11
13. ORIENTAL,LOS PINOS,Num. 5,4
13. ORIENTAL,LOS PINOS,Num. 6,27
13. ORIENTAL,LOS PINOS,Num. 7,35
13. ORIENTAL,LOS PINOS,Num. 8,17
13. ORIENTAL,MEJORAS PUBLICAS,Lit. a,2
13. ORIENTAL,MEJORAS PUBLICAS,Lit. d,1
13. ORIENTAL,MEJORAS PUBLICAS,Lit. e,5
13. ORIENTAL,MEJORAS PUBLICAS,Num. 1,202
13. ORIENTAL,MEJORAS PUBLICAS,Num. 10,2
13. ORIENTAL,MEJORAS PUBLICAS,Num. 11,11
13. ORIENTAL,MEJORAS PUBLICAS,Num. 13,5
13. ORIENTAL,MEJORAS PUBLICAS,Num. 16,44
13. ORIENTAL,MEJORAS PUBLICAS,Num. 2,143
13. ORIENTAL,MEJORAS PUBLICAS,Num. 20,1
13. ORIENTAL,MEJORAS PUBLICAS,Num. 3,49
13. ORIENTAL,MEJORAS PUBLICAS,Num. 4,90
13. ORIENTAL,MEJORAS PUBLICAS,Num. 5,11
13. ORIENTAL,MEJORAS PUBLICAS,Num. 6,226
13. ORIENTAL,MEJORAS PUBLICAS,Num. 7,186
13. ORIENTAL,MEJORAS PUBLICAS,Num. 8,91
13. ORIENTAL,MEJORAS PUBLICAS,Num. 9,1
13. ORIENTAL,QUINTADANIA,Num. 1,6
13. ORIENTAL,QUINTADANIA,Num. 13,5
13. ORIENTAL,QUINTADANIA,Num. 16,1
13. ORIENTAL,QUINTADANIA,Num. 2,4
13. ORIENTAL,QUINTADANIA,Num. 6,53
13. ORIENTAL,SAN ALONSO,Art. 196,1
13. ORIENTAL,SAN ALONSO,Lit. a,6
13. ORIENTAL,SAN ALONSO,Lit. b,2
13. ORIENTAL,SAN ALONSO,Lit. c,7
13. ORIENTAL,SAN ALONSO,Lit. e,2
13. ORIENTAL,SAN ALONSO,Num. 1,218
13. ORIENTAL,SAN ALONSO,Num. 10,2
13. ORIENTAL,SAN ALONSO,Num. 11,20
13. ORIENTAL,SAN ALONSO,Num. 12,3
13. ORIENTAL,SAN ALONSO,Num. 13,108
13. ORIENTAL,SAN ALONSO,Num. 14,1
13. ORIENTAL,SAN ALONSO,Num. 16,39
13. ORIENTAL,SAN ALONSO,Num. 2,550
13. ORIENTAL,SAN ALONSO,Num. 3,67
13. ORIENTAL,SAN ALONSO,Num. 4,60
13. ORIENTAL,SAN ALONSO,Num. 5,14
13. ORIENTAL,SAN ALONSO,Num. 6,659
13. ORIENTAL,SAN ALONSO,Num. 7,403
13. ORIENTAL,SAN ALONSO,Num. 8,244
13. ORIENTAL,SAN ALONSO,Num. 9,2
14. MORRORICO,ALBANIA,Lit. a,4
14. MORRORICO,ALBANIA,Num. 1,38
14. MORRORICO,ALBANIA,Num. 10,1
14. MORRORICO,ALBANIA,Num. 13,1
14. MORRORICO,ALBANIA,Num. 16,1
14. MORRORICO,ALBANIA,Num. 2,46
14. MORRORICO,ALBANIA,Num. 3,11
14. MORRORICO,ALBANIA,Num. 4,7
14. MORRORICO,ALBANIA,Num. 5,1
14. MORRORICO,ALBANIA,Num. 6,89
14. MORRORICO,ALBANIA,Num. 7,18
14. MORRORICO,ALBANIA,Num. 8,7
14. MORRORICO,BUENAVISTA,Lit. b,1
14. MORRORICO,BUENAVISTA,Lit. c,1
14. MORRORICO,BUENAVISTA,Num. 1,13
14. MORRORICO,BUENAVISTA,Num. 11,2
14. MORRORICO,BUENAVISTA,Num. 16,1
14. MORRORICO,BUENAVISTA,Num. 2,60
14. MORRORICO,BUENAVISTA,Num. 3,8
14. MORRORICO,BUENAVISTA,Num. 4,6
14. MORRORICO,BUENAVISTA,Num. 6,42
14. MORRORICO,BUENAVISTA,Num. 7,45
14. MORRORICO,BUENAVISTA,Num. 8,26
14. MORRORICO,BUENAVISTA,Num. 9,1
14. MORRORICO,BUENOS AIRES,Lit. a,2
14. MORRORICO,BUENOS AIRES,Lit. b,2
14. MORRORICO,BUENOS AIRES,Lit. c,2
14. MORRORICO,BUENOS AIRES,Num. 1,43
14. MORRORICO,BUENOS AIRES,Num. 11,1
14. MORRORICO,BUENOS AIRES,Num. 13,1
14. MORRORICO,BUENOS AIRES,Num. 16,3
14. MORRORICO,BUENOS AIRES,Num. 2,132
14. MORRORICO,BUENOS AIRES,Num. 3,11
14. MORRORICO,BUENOS AIRES,Num. 4,4
14. MORRORICO,BUENOS AIRES,Num. 5,3
14. MORRORICO,BUENOS AIRES,Num. 6,175
14. MORRORICO,BUENOS AIRES,Num. 7,32
14. MORRORICO,BUENOS AIRES,Num. 8,14
14. MORRORICO,EL DIVISO,Lit. c,1
14. MORRORICO,EL DIVISO,Num. 1,17
14. MORRORICO,EL DIVISO,Num. 10,1
14. MORRORICO,EL DIVISO,Num. 16,2
14. MORRORICO,EL DIVISO,Num. 2,21
14. MORRORICO,EL DIVISO,Num. 3,2
14. MORRORICO,EL DIVISO,Num. 4,1
14. MORRORICO,EL DIVISO,Num. 6,18
14. MORRORICO,EL DIVISO,Num. 7,17
14. MORRORICO,EL DIVISO,Num. 8,1
14. MORRORICO,EL RETIRO,Num. 1,23
14. MORRORICO,EL RETIRO,Num. 10,1
14. MORRORICO,EL RETIRO,Num. 2,29
14. MORRORICO,EL RETIRO,Num. 3,8
14. MORRORICO,EL RETIRO,Num. 4,4
14. MORRORICO,EL RETIRO,Num. 5,1
14. MORRORICO,EL RETIRO,Num. 6,41
14. MORRORICO,EL RETIRO,Num. 7,11
14. MORRORICO,EL RETIRO,Num. 8,4
14. MORRORICO,LIMONCITO,Lit. b,1
14. MORRORICO,LIMONCITO,Num. 1,40
14. MORRORICO,LIMONCITO,Num. 11,1
14. MORRORICO,LIMONCITO,Num. 16,1
14. MORRORICO,LIMONCITO,Num. 2,61
14. MORRORICO,LIMONCITO,Num. 3,19
14. MORRORICO,LIMONCITO,Num. 4,2
14. MORRORICO,LIMONCITO,Num. 6,67
14. MORRORICO,LIMONCITO,Num. 7,14
14. MORRORICO,LIMONCITO,Num. 8,12
14. MORRORICO,MIRAFLORES,Lit. a,1
14. MORRORICO,MIRAFLORES,Num. 1,49
14. MORRORICO,MIRAFLORES,Num. 10,2
14. MORRORICO,MIRAFLORES,Num. 11,1
14. MORRORICO,MIRAFLORES,Num. 13,2
14. MORRORICO,MIRAFLORES,Num. 16,1
14. MORRORICO,MIRAFLORES,Num. 2,74
14. MORRORICO,MIRAFLORES,Num. 3,10
14. MORRORICO,MIRAFLORES,Num. 4,5
14. MORRORICO,MIRAFLORES,Num. 5,1
14. MORRORICO,MIRAFLORES,Num. 6,93
14. MORRORICO,MIRAFLORES,Num. 7,11
14. MORRORICO,MIRAFLORES,Num. 8,12
14. MORRORICO,MORRORICO,Lit. a,1
14. MORRORICO,MORRORICO,Lit. c,2
14. MORRORICO,MORRORICO,Num. 1,36
14. MORRORICO,MORRORICO,Num. 10,1
14. MORRORICO,MORRORICO,Num. 2,30
14. MORRORICO,MORRORICO,Num. 3,10
14. MORRORICO,MORRORICO,Num. 4,14
14. MORRORICO,MORRORICO,Num. 5,1
14. MORRORICO,MORRORICO,Num. 6,31
14. MORRORICO,MORRORICO,Num. 7,45
14. MORRORICO,MORRORICO,Num. 8,18
14. MORRORICO,SAUCES,Num. 1,5
14. MORRORICO,SAUCES,Num. 2,22
14. MORRORICO,SAUCES,Num. 3,3
14. MORRORICO,SAUCES,Num. 4,1
14. MORRORICO,SAUCES,Num. 5,1
14. MORRORICO,SAUCES,Num. 6,6
14. MORRORICO,SAUCES,Num. 7,4
14. MORRORICO,SAUCES,Num. 8,2
14. MORRORICO,VEGAS DE MORRORRICO,Num. 1,12
14. MORRORICO,VEGAS DE MORRORRICO,Num. 2,23
14. MORRORICO,VEGAS DE MORRORRICO,Num. 3,1
14. MORRORICO,VEGAS DE MORRORRICO,Num. 4,2
14. MORRORICO,VEGAS DE MORRORRICO,Num. 6,6
14. MORRORICO,VEGAS DE MORRORRICO,Num. 7,8
14. MORRORICO,VEGAS DE MORRORRICO,Num. 8,7
14. MORRORICO,VENADO DE ORO,Num. 1,3
14. MORRORICO,VENADO DE ORO,Num. 2,4
14. MORRORICO,VENADO DE ORO,Num. 3,7
14. MORRORICO,VENADO DE ORO,Num. 6,11
14. MORRORICO,VENADO DE ORO,Num. 7,1
14. MORRORICO,VENADO DE ORO,Num. 8,2
15. CENTRO,CENTRO,Art. 27,1
15. CENTRO,CENTRO,Lit. a,2
15. CENTRO,CENTRO,Lit. b,2
15. CENTRO,CENTRO,Lit. c,3
15. CENTRO,CENTRO,Lit. d,4
15. CENTRO,CENTRO,Lit. e,5
15. CENTRO,CENTRO,Lit. h,1
15. CENTRO,CENTRO,Num. 1,1045
15. CENTRO,CENTRO,Num. 10,21
15. CENTRO,CENTRO,Num. 11,55
15. CENTRO,CENTRO,Num. 12,4
15. CENTRO,CENTRO,Num. 13,97
15. CENTRO,CENTRO,Num. 14,22
15. CENTRO,CENTRO,Num. 15,3
15. CENTRO,CENTRO,Num. 16,233
15. CENTRO,CENTRO,Num. 2,2260
15. CENTRO,CENTRO,Num. 3,187
15. CENTRO,CENTRO,Num. 4,935
15. CENTRO,CENTRO,Num. 5,40
15. CENTRO,CENTRO,Num. 6,2959
15. CENTRO,CENTRO,Num. 7,542
15. CENTRO,CENTRO,Num. 8,639
15. CENTRO,CENTRO,Num. 9,3
15. CENTRO,GARCIA ROVIRA,Lit. a,1
15. CENTRO,GARCIA ROVIRA,Lit. c,4
15. CENTRO,GARCIA ROVIRA,Lit. d,1
15. CENTRO,GARCIA ROVIRA,Lit. e,2
15. CENTRO,GARCIA ROVIRA,Num. 1,236
15. CENTRO,GARCIA ROVIRA,Num. 10,6
15. CENTRO,GARCIA ROVIRA,Num. 11,25
15. CENTRO,GARCIA ROVIRA,Num. 12,7
15. CENTRO,GARCIA ROVIRA,Num. 13,24
15. CENTRO,GARCIA ROVIRA,Num. 14,4
15. CENTRO,GARCIA ROVIRA,Num. 16,57
15. CENTRO,GARCIA ROVIRA,Num. 2,356
15. CENTRO,GARCIA ROVIRA,Num. 3,46
15. CENTRO,GARCIA ROVIRA,Num. 4,182
15. CENTRO,GARCIA ROVIRA,Num. 5,5
15. CENTRO,GARCIA ROVIRA,Num. 6,545
15. CENTRO,GARCIA ROVIRA,Num. 7,148
15. CENTRO,GARCIA ROVIRA,Num. 8,59
15. CENTRO,GARCIA ROVIRA,Num. 9,2
16. LAGOS DEL CACIQUE,ALTOS DEL CACIQUE,Num. 2,1
16. LAGOS DEL CACIQUE,BULEVAR DEL CACIQUE,Num. 4,1
16. LAGOS DEL CACIQUE,BULEVAR DEL CACIQUE,Num. 8,1
16. LAGOS DEL CACIQUE,EL TEJAR,Lit. a,1
16. LAGOS DEL CACIQUE,EL TEJAR,Lit. b,1
16. LAGOS DEL CACIQUE,EL TEJAR,Num. 1,70
16. LAGOS DEL CACIQUE,EL TEJAR,Num. 11,7
16. LAGOS DEL CACIQUE,EL TEJAR,Num. 13,50
16. LAGOS DEL CACIQUE,EL TEJAR,Num. 2,179
16. LAGOS DEL CACIQUE,EL TEJAR,Num. 3,30
16. LAGOS DEL CACIQUE,EL TEJAR,Num. 4,14
16. LAGOS DEL CACIQUE,EL TEJAR,Num. 5,2
16. LAGOS DEL CACIQUE,EL TEJAR,Num. 6,200
16. LAGOS DEL CACIQUE,EL TEJAR,Num. 7,105
16. LAGOS DEL CACIQUE,EL TEJAR,Num. 8,146
16. LAGOS DEL CACIQUE,EL TEJAR,Num. 9,3
16. LAGOS DEL CACIQUE,HACIENDA SAN JUAN,Num. 16,1
16. LAGOS DEL CACIQUE,HACIENDA SAN JUAN,Num. 2,3
16. LAGOS DEL CACIQUE,HACIENDA SAN JUAN,Num. 6,1
16. LAGOS DEL CACIQUE,LAGOS DEL CACIQUE,Lit. a,1
16. LAGOS DEL CACIQUE,LAGOS DEL CACIQUE,Lit. b,5
16. LAGOS DEL CACIQUE,LAGOS DEL CACIQUE,Num. 1,72
16. LAGOS DEL CACIQUE,LAGOS DEL CACIQUE,Num. 10,1
16. LAGOS DEL CACIQUE,LAGOS DEL CACIQUE,Num. 11,3
16. LAGOS DEL CACIQUE,LAGOS DEL CACIQUE,Num. 13,16
16. LAGOS DEL CACIQUE,LAGOS DEL CACIQUE,Num. 14,1
16. LAGOS DEL CACIQUE,LAGOS DEL CACIQUE,Num. 16,7
16. LAGOS DEL CACIQUE,LAGOS DEL CACIQUE,Num. 2,174
16. LAGOS DEL CACIQUE,LAGOS DEL CACIQUE,Num. 3,14
16. LAGOS DEL CACIQUE,LAGOS DEL CACIQUE,Num. 4,19
16. LAGOS DEL CACIQUE,LAGOS DEL CACIQUE,Num. 5,3
16. LAGOS DEL CACIQUE,LAGOS DEL CACIQUE,Num. 6,138
16. LAGOS DEL CACIQUE,LAGOS DEL CACIQUE,Num. 7,121
16. LAGOS DEL CACIQUE,LAGOS DEL CACIQUE,Num. 8,134
16. LAGOS DEL CACIQUE,LOS GUAYACANES,Num. 1,4
16. LAGOS DEL CACIQUE,LOS GUAYACANES,Num. 16,1
16. LAGOS DEL CACIQUE,LOS GUAYACANES,Num. 2,5
16. LAGOS DEL CACIQUE,LOS GUAYACANES,Num. 4,5
16. LAGOS DEL CACIQUE,LOS GUAYACANES,Num. 6,4
16. LAGOS DEL CACIQUE,LOS GUAYACANES,Num. 7,3
16. LAGOS DEL CACIQUE,LOS GUAYACANES,Num. 8,6
16. LAGOS DEL CACIQUE,PALMERAS DEL CACIQUE,Num. 8,1
16. LAGOS DEL CACIQUE,PORTAL DEL CACIQUE,Num. 1,1
16. LAGOS DEL CACIQUE,SAN EXPEDITO,Num. 2,10
17. MUTIS,BALCONCITOS,Num. 1,30
17. MUTIS,BALCONCITOS,Num. 11,4
17. MUTIS,BALCONCITOS,Num. 13,1
17. MUTIS,BALCONCITOS,Num. 16,1
17. MUTIS,BALCONCITOS,Num. 2,73
17. MUTIS,BALCONCITOS,Num. 3,1
17. MUTIS,BALCONCITOS,Num. 4,5
17. MUTIS,BALCONCITOS,Num. 5,1
17. MUTIS,BALCONCITOS,Num. 6,62
17. MUTIS,BALCONCITOS,Num. 7,46
17. MUTIS,BALCONCITOS,Num. 8,65
17. MUTIS,BALCONCITOS,Num. 9,1
17. MUTIS,BRISAS DEL MUTIS,Num. 1,9
17. MUTIS,BRISAS DEL MUTIS,Num. 13,13
17. MUTIS,BRISAS DEL MUTIS,Num. 16,1
17. MUTIS,BRISAS DEL MUTIS,Num. 2,34
17. MUTIS,BRISAS DEL MUTIS,Num. 3,3
17. MUTIS,BRISAS DEL MUTIS,Num. 4,1
17. MUTIS,BRISAS DEL MUTIS,Num. 5,1
17. MUTIS,BRISAS DEL MUTIS,Num. 6,31
17. MUTIS,BRISAS DEL MUTIS,Num. 7,1
17. MUTIS,BRISAS DEL MUTIS,Num. 8,3
17. MUTIS,ESTORAQUES,Lit. a,2
17. MUTIS,ESTORAQUES,Lit. b,1
17. MUTIS,ESTORAQUES,Num. 1,145
17. MUTIS,ESTORAQUES,Num. 11,3
17. MUTIS,ESTORAQUES,Num. 13,9
17. MUTIS,ESTORAQUES,Num. 16,8
17. MUTIS,ESTORAQUES,Num. 2,313
17. MUTIS,ESTORAQUES,Num. 3,27
17. MUTIS,ESTORAQUES,Num. 4,18
17. MUTIS,ESTORAQUES,Num. 6,224
17. MUTIS,ESTORAQUES,Num. 7,37
17. MUTIS,ESTORAQUES,Num. 8,51
17. MUTIS,LA GRAN LADERA,Num. 1,12
17. MUTIS,LA GRAN LADERA,Num. 12,1
17. MUTIS,LA GRAN LADERA,Num. 16,1
17. MUTIS,LA GRAN LADERA,Num. 2,14
17. MUTIS,LA GRAN LADERA,Num. 3,2
17. MUTIS,LA GRAN LADERA,Num. 6,5
17. MUTIS,LA GRAN LADERA,Num. 8,5
17. MUTIS,LOS HEROES,Num. 13,1
17. MUTIS,LOS HEROES,Num. 2,5
17. MUTIS,LOS HEROES,Num. 3,1
17. MUTIS,LOS HEROES,Num. 4,1
17. MUTIS,LOS HEROES,Num. 6,2
17. MUTIS,MANZANA 10,Num. 1,2
17. MUTIS,MANZANARES,Num. 1,28
17. MUTIS,MANZANARES,Num. 10,1
17. MUTIS,MANZANARES,Num. 11,4
17. MUTIS,MANZANARES,Num. 13,10
17. MUTIS,MANZANARES,Num. 16,3
17. MUTIS,MANZANARES,Num. 2,74
17. MUTIS,MANZANARES,Num. 3,5
17. MUTIS,MANZANARES,Num. 4,9
17. MUTIS,MANZANARES,Num. 5,1
17. MUTIS,MANZANARES,Num. 6,26
17. MUTIS,MANZANARES,Num. 7,21
17. MUTIS,MANZANARES,Num. 8,11
17. MUTIS,MONTERREDONDO,Lit. a,3
17. MUTIS,MONTERREDONDO,Lit. b,4
17. MUTIS,MONTERREDONDO,Lit. c,2
17. MUTIS,MONTERREDONDO,Num. 1,134
17. MUTIS,MONTERREDONDO,Num. 11,4
17. MUTIS,MONTERREDONDO,Num. 13,7
17. MUTIS,MONTERREDONDO,Num. 16,4
17. MUTIS,MONTERREDONDO,Num. 2,184
17. MUTIS,MONTERREDONDO,Num. 3,25
17. MUTIS,MONTERREDONDO,Num. 4,29
17. MUTIS,MONTERREDONDO,Num. 5,4
17. MUTIS,MONTERREDONDO,Num. 6,122
17. MUTIS,MONTERREDONDO,Num. 7,74
17. MUTIS,MONTERREDONDO,Num. 8,119
17. MUTIS,MUTIS,Lit. a,3
17. MUTIS,MUTIS,Lit. b,1
17. MUTIS,MUTIS,Lit. c,6
17. MUTIS,MUTIS,Num. 1,352
17. MUTIS,MUTIS,Num. 10,8
17. MUTIS,MUTIS,Num. 11,15
17. MUTIS,MUTIS,Num. 12,2
17. MUTIS,MUTIS,Num. 13,22
17. MUTIS,MUTIS,Num. 14,1
17. MUTIS,MUTIS,Num. 16,13
17. MUTIS,MUTIS,Num. 2,524
17. MUTIS,MUTIS,Num. 3,80
17. MUTIS,MUTIS,Num. 4,69
17. MUTIS,MUTIS,Num. 5,14
17. MUTIS,MUTIS,Num. 6,397
17. MUTIS,MUTIS,Num. 7,316
17. MUTIS,MUTIS,Num. 8,207
17. MUTIS,MUTIS,Num. 9,1
17. MUTIS,PRADOS MUTIS,Lit. b,1
17. MUTIS,PRADOS MUTIS,Lit. c,1
17. MUTIS,PRADOS MUTIS,Num. 1,27
17. MUTIS,PRADOS MUTIS,Num. 10,2
17. MUTIS,PRADOS MUTIS,Num. 11,10
17. MUTIS,PRADOS MUTIS,Num. 13,1
17. MUTIS,PRADOS MUTIS,Num. 2,34
17. MUTIS,PRADOS MUTIS,Num. 3,16
17. MUTIS,PRADOS MUTIS,Num. 4,10
17. MUTIS,PRADOS MUTIS,Num. 6,19
17. MUTIS,PRADOS MUTIS,Num. 7,7
17. MUTIS,PRADOS MUTIS,Num. 8,6
17. MUTIS,QUEBRADA LA IGLESIA I,Num. 3,2
17. MUTIS,URB. HEROES,Num. 1,18
17. MUTIS,URB. HEROES,Num. 11,1
17. MUTIS,URB. HEROES,Num. 2,15
17. MUTIS,URB. HEROES,Num. 3,3
17. MUTIS,URB. HEROES,Num. 4,2
17. MUTIS,URB. HEROES,Num. 5,2
17. MUTIS,URB. HEROES,Num. 6,15
17. MUTIS,URB. HEROES,Num. 7,7
17. MUTIS,URB. HEROES,Num. 8,2
CORREGIMIENTO 1,BONANZA CAMPESTRE,Num. 1,3
CORREGIMIENTO 1,BONANZA CAMPESTRE,Num. 2,2
CORREGIMIENTO 1,BONANZA CAMPESTRE,Num. 3,4
CORREGIMIENTO 1,BONANZA CAMPESTRE,Num. 4,1
CORREGIMIENTO 1,BONANZA CAMPESTRE,Num. 6,18
CORREGIMIENTO 1,BONANZA CAMPESTRE,Num. 7,6
CORREGIMIENTO 1,EL NOGAL I,Lit. a,1
CORREGIMIENTO 1,EL NOGAL I,Num. 1,14
CORREGIMIENTO 1,EL NOGAL I,Num. 2,16
CORREGIMIENTO 1,EL NOGAL I,Num. 3,5
CORREGIMIENTO 1,EL NOGAL I,Num. 6,24
CORREGIMIENTO 1,EL NOGAL I,Num. 7,3
CORREGIMIENTO 1,EL NOGAL I,Num. 8,3
CORREGIMIENTO 1,EL NOGAL II,Num. 1,8
CORREGIMIENTO 1,EL NOGAL II,Num. 2,8
CORREGIMIENTO 1,EL NOGAL II,Num. 3,2
CORREGIMIENTO 1,EL NOGAL II,Num. 6,5
CORREGIMIENTO 1,EL NOGAL II,Num. 8,1
CORREGIMIENTO 1,SAN CAYETANO,Num. 6,1
CORREGIMIENTO 1,SAN IGNACIO,Num. 6,1
CORREGIMIENTO 1,SAN PEDRO BAJO,Num. 1,1
CORREGIMIENTO 1,SAN PEDRO BAJO,Num. 13,1
CORREGIMIENTO 1,SAN PEDRO BAJO,Num. 2,4
CORREGIMIENTO 1,SAN PEDRO BAJO,Num. 6,19
CORREGIMIENTO 1,SAN PEDRO BAJO,Num. 8,1
CORREGIMIENTO 1,VEREDA EL PABLÓN,Num. 1,2
CORREGIMIENTO 1,VEREDA EL PABLÓN,Num. 16,1
CORREGIMIENTO 1,VEREDA EL PABLÓN,Num. 2,1
CORREGIMIENTO 1,VEREDA EL PABLÓN,Num. 6,1
CORREGIMIENTO 1,VEREDA EL PABLÓN,Num. 7,1
CORREGIMIENTO 1,VIJAGUAL,Num. 1,2
CORREGIMIENTO 1,VIJAGUAL,Num. 16,1
CORREGIMIENTO 1,VIJAGUAL,Num. 2,1
CORREGIMIENTO 1,VIJAGUAL,Num. 6,3
CORREGIMIENTO 1,VIJAGUAL,Num. 7,1
CORREGIMIENTO 1,VILLA LUZ,Num. 1,1
CORREGIMIENTO 1,VILLA LUZ,Num. 16,1
CORREGIMIENTO 1,VILLA LUZ,Num. 2,1
CORREGIMIENTO 1,VILLA LUZ,Num. 6,5
CORREGIMIENTO 2,LOS SANTOS,Num. 6,1
CORREGIMIENTO 2,ROSA BLANCA,Num. 1,1
CORREGIMIENTO 2,ROSA BLANCA,Num. 2,1
CORREGIMIENTO 3,10 DE MAYO SANTA BARBARA,Num. 1,2
CORREGIMIENTO 3,10 DE MAYO SANTA BARBARA,Num. 11,1
CORREGIMIENTO 3,10 DE MAYO SANTA BARBARA,Num. 13,1
CORREGIMIENTO 3,10 DE MAYO SANTA BARBARA,Num. 2,13
CORREGIMIENTO 3,10 DE MAYO SANTA BARBARA,Num. 4,1
CORREGIMIENTO 3,10 DE MAYO SANTA BARBARA,Num. 6,5
CORREGIMIENTO 3,10 DE MAYO SANTA BARBARA,Num. 7,28
CORREGIMIENTO 3,10 DE MAYO SANTA BARBARA,Num. 8,11
CORREGIMIENTO 3,ALTO DE LOS PADRES,Num. 2,2
CORREGIMIENTO 3,ALTO DE LOS PADRES,Num. 7,1
CORREGIMIENTO 3,CHITOTA,Num. 16,1
CORREGIMIENTO 3,GUALILO ALTO,Num. 6,1
CORREGIMIENTO 3,GUALILO BAJO,Num. 1,1
CORREGIMIENTO 3,GUALILO BAJO,Num. 2,6
CORREGIMIENTO 3,LA MALAÑA,Num. 1,4
CORREGIMIENTO 3,LA MALAÑA,Num. 16,2
CORREGIMIENTO 3,LA MALAÑA,Num. 2,3
CORREGIMIENTO 3,LA MALAÑA,Num. 3,6
CORREGIMIENTO 3,LA MALAÑA,Num. 4,3
CORREGIMIENTO 3,LA MALAÑA,Num. 5,2
CORREGIMIENTO 3,LA MALAÑA,Num. 6,11
CORREGIMIENTO 3,LA MALAÑA,Num. 7,12
CORREGIMIENTO 3,LA MALAÑA,Num. 8,6
CORREGIMIENTO 3,LOS ANAYA,Num. 1,1
CORREGIMIENTO 3,LOS ANAYA,Num. 6,2
CORREGIMIENTO 3,LOS ANAYA,Num. 7,1
CORREGIMIENTO 3,LOS ANAYA,Num. 8,3
CORREGIMIENTO 3,LOS CUADROS,Num. 1,1
CORREGIMIENTO 3,LOS CUADROS,Num. 16,2
CORREGIMIENTO 3,LOS CUADROS,Num. 2,4
CORREGIMIENTO 3,LOS CUADROS,Num. 3,1
CORREGIMIENTO 3,LOS CUADROS,Num. 6,2
CORREGIMIENTO 3,MIRAMANGA,Num. 1,2
CORREGIMIENTO 3,MIRAMANGA,Num. 2,4
CORREGIMIENTO 3,MIRAMANGA,Num. 3,5
CORREGIMIENTO 3,MIRAMANGA,Num. 6,12
CORREGIMIENTO 3,MIRAMANGA,Num. 7,2
CORREGIMIENTO 3,MIRAMANGA,Num. 8,1
CORREGIMIENTO 3,PEDREGAL,Num. 2,9
CORREGIMIENTO 3,PEDREGAL,Num. 4,1
CORREGIMIENTO 3,PEDREGAL,Num. 6,2
CORREGIMIENTO 3,PEDREGAL,Num. 7,1
CORREGIMIENTO 3,PEDREGAL,Num. 8,1
CORREGIMIENTO 3,RETIRO GRANDE ACUEDUCTO,Num. 2,2
CORREGIMIENTO 3,SAN JOSE,Num. 2,10
NO APLICA LOCALIDAD - COMUNA,BALCONES DEL PALMAR,Num. 6,1
NO APLICA LOCALIDAD - COMUNA,CIUDAD METROPOLITANA,Num. 1,7
NO APLICA LOCALIDAD - COMUNA,CIUDAD METROPOLITANA,Num. 2,1
NO APLICA LOCALIDAD - COMUNA,CIUDAD METROPOLITANA,Num. 4,2
NO APLICA LOCALIDAD - COMUNA,CIUDAD METROPOLITANA,Num. 6,4
NO APLICA LOCALIDAD - COMUNA,CIUDAD METROPOLITANA,Num. 8,4
NO APLICA LOCALIDAD - COMUNA,EL DORADO,Num. 6,1
NO APLICA LOCALIDAD - COMUNA,EL DORADO,Num. 7,1
NO APLICA LOCALIDAD - COMUNA,GRANJITAS NORTE,Num. 6,1
NO APLICA LOCALIDAD - COMUNA,METROPOLITANA,Num. 13,1
NO APLICA LOCALIDAD - COMUNA,METROPOLITANA,Num. 7,1
NO APLICA LOCALIDAD - COMUNA,QUINTQ BRIGADA,Num. 15,1
NO APLICA LOCALIDAD - COMUNA,SIN DATO,Lit. a,2
NO APLICA LOCALIDAD - COMUNA,SIN DATO,Lit. b,6
NO APLICA LOCALIDAD - COMUNA,SIN DATO,Lit. c,25
NO APLICA LOCALIDAD - COMUNA,SIN DATO,Lit. e,1
NO APLICA LOCALIDAD - COMUNA,SIN DATO,Num. 1,281
NO APLICA LOCALIDAD - COMUNA,SIN DATO,Num. 11,29
NO APLICA LOCALIDAD - COMUNA,SIN DATO,Num. 12,2
NO APLICA LOCALIDAD - COMUNA,SIN DATO,Num. 13,58
NO APLICA LOCALIDAD - COMUNA,SIN DATO,Num. 14,1
NO APLICA LOCALIDAD - COMUNA,SIN DATO,Num. 16,20
NO APLICA LOCALIDAD - COMUNA,SIN DATO,Num. 2,341
NO APLICA LOCALIDAD - COMUNA,SIN DATO,Num. 3,67
NO APLICA LOCALIDAD - COMUNA,SIN DATO,Num. 4,52
NO APLICA LOCALIDAD - COMUNA,SIN DATO,Num. 5,18
NO APLICA LOCALIDAD - COMUNA,SIN DATO,Num. 6,631
NO APLICA LOCALIDAD - COMUNA,SIN DATO,Num. 7,210
NO APLICA LOCALIDAD - COMUNA,SIN DATO,Num. 8,91
NO APLICA LOCALIDAD - COMUNA,SIN DATO,Num. 9,2
