Cod_comuna_x;Cod_corregimiento;NOM_CORREGIMIENTO;Cod_vereda;NOM_VEREDA;Cod_barrio;NOM_BARRIO;ind_leer_escribir;personas
1;0;SIN CORREGIMIENTO;0;SIN VEREDA;1;EL PAULON VILLA PATRICIA;1;344
1;0;SIN CORREGIMIENTO;0;SIN VEREDA;1;EL PAULON VILLA PATRICIA;2;28
1;0;SIN CORREGIMIENTO;0;SIN VEREDA;1;EL PAULON VILLA PATRICIA;9;49
1;0;SIN CORREGIMIENTO;0;SIN VEREDA;2;EL PAULON VILLA LINA;1;805
1;0;SIN CORREGIMIENTO;0;SIN VEREDA;2;EL PAULON VILLA LINA;2;55
1;0;SIN CORREGIMIENTO;0;SIN VEREDA;2;EL PAULON VILLA LINA;9;102
1;0;SIN CORREGIMIENTO;0;SIN VEREDA;3;COLORADOS;1;2411
1;0;SIN CORREGIMIENTO;0;SIN VEREDA;3;COLORADOS;2;147
1;0;SIN CORREGIMIENTO;0;SIN VEREDA;3;COLORADOS;9;278
1;0;SIN CORREGIMIENTO;0;SIN VEREDA;4;EL PAULON;1;952
1;0;SIN CORREGIMIENTO;0;SIN VEREDA;4;EL PAULON;2;82
1;0;SIN CORREGIMIENTO;0;SIN VEREDA;4;EL PAULON;9;99
1;0;SIN CORREGIMIENTO;0;SIN VEREDA;5;ROSALTA COLORADOS;1;296
1;0;SIN CORREGIMIENTO;0;SIN VEREDA;5;ROSALTA COLORADOS;2;19
1;0;SIN CORREGIMIENTO;0;SIN VEREDA;5;ROSALTA COLORADOS;9;35
1;0;SIN CORREGIMIENTO;0;SIN VEREDA;6;COLORADOS PATIO BONITO;1;298
1;0;SIN CORREGIMIENTO;0;SIN VEREDA;6;COLORADOS PATIO BONITO;2;19
1;0;SIN CORREGIMIENTO;0;SIN VEREDA;6;COLORADOS PATIO BONITO;9;34
1;0;SIN CORREGIMIENTO;0;SIN VEREDA;7;CAFê MADRID VILLA ALICIA;1;167
1;0;SIN CORREGIMIENTO;0;SIN VEREDA;7;CAFê MADRID VILLA ALICIA;2;7
1;0;SIN CORREGIMIENTO;0;SIN VEREDA;7;CAFê MADRID VILLA ALICIA;9;16
1;0;SIN CORREGIMIENTO;0;SIN VEREDA;8;EL ROSAL COLORADOS;1;578
1;0;SIN CORREGIMIENTO;0;SIN VEREDA;8;EL ROSAL COLORADOS;2;39
1;0;SIN CORREGIMIENTO;0;SIN VEREDA;8;EL ROSAL COLORADOS;9;64
1;0;SIN CORREGIMIENTO;0;SIN VEREDA;9;LAS DELICIAS;1;21
1;0;SIN CORREGIMIENTO;0;SIN VEREDA;9;LAS DELICIAS;9;2
1;0;SIN CORREGIMIENTO;0;SIN VEREDA;10;ASENTAMIENTO BARRIO NUEVO;1;18
1;0;SIN CORREGIMIENTO;0;SIN VEREDA;10;ASENTAMIENTO BARRIO NUEVO;2;1
1;0;SIN CORREGIMIENTO;0;SIN VEREDA;10;ASENTAMIENTO BARRIO NUEVO;9;2
1;0;SIN CORREGIMIENTO;0;SIN VEREDA;11;DIVINO NI•O NORTE;1;234
1;0;SIN CORREGIMIENTO;0;SIN VEREDA;11;DIVINO NI•O NORTE;2;13
1;0;SIN CORREGIMIENTO;0;SIN VEREDA;11;DIVINO NI•O NORTE;9;28
1;0;SIN CORREGIMIENTO;0;SIN VEREDA;12;CAFê MADRID EL TÈNEL;1;601
1;0;SIN CORREGIMIENTO;0;SIN VEREDA;12;CAFê MADRID EL TÈNEL;2;44
1;0;SIN CORREGIMIENTO;0;SIN VEREDA;12;CAFê MADRID EL TÈNEL;9;69
1;0;SIN CORREGIMIENTO;0;SIN VEREDA;13;CAFê MADRID LA UNI‡N;1;94
1;0;SIN CORREGIMIENTO;0;SIN VEREDA;13;CAFê MADRID LA UNI‡N;2;5
1;0;SIN CORREGIMIENTO;0;SIN VEREDA;13;CAFê MADRID LA UNI‡N;9;11
1;0;SIN CORREGIMIENTO;0;SIN VEREDA;14;CAFê MADRID;1;569
1;0;SIN CORREGIMIENTO;0;SIN VEREDA;14;CAFê MADRID;2;35
1;0;SIN CORREGIMIENTO;0;SIN VEREDA;14;CAFê MADRID;9;69
1;0;SIN CORREGIMIENTO;0;SIN VEREDA;15;CAFê MADRID LA PLAYA;1;546
1;0;SIN CORREGIMIENTO;0;SIN VEREDA;15;CAFê MADRID LA PLAYA;2;32
1;0;SIN CORREGIMIENTO;0;SIN VEREDA;15;CAFê MADRID LA PLAYA;9;68
1;0;SIN CORREGIMIENTO;0;SIN VEREDA;19;CAFê MADRID LA LOMA;1;164
1;0;SIN CORREGIMIENTO;0;SIN VEREDA;19;CAFê MADRID LA LOMA;2;16
1;0;SIN CORREGIMIENTO;0;SIN VEREDA;19;CAFê MADRID LA LOMA;9;24
1;0;SIN CORREGIMIENTO;0;SIN VEREDA;24;CIUDADELA CAFê MADRID ;1;1650
1;0;SIN CORREGIMIENTO;0;SIN VEREDA;24;CIUDADELA CAFê MADRID ;2;120
1;0;SIN CORREGIMIENTO;0;SIN VEREDA;24;CIUDADELA CAFê MADRID ;9;217
1;0;SIN CORREGIMIENTO;0;SIN VEREDA;25;CAFê MADRID EL PLAN;1;593
1;0;SIN CORREGIMIENTO;0;SIN VEREDA;25;CAFê MADRID EL PLAN;2;44
1;0;SIN CORREGIMIENTO;0;SIN VEREDA;25;CAFê MADRID EL PLAN;9;70
1;0;SIN CORREGIMIENTO;0;SIN VEREDA;26;CAFê MADRID LA VIRGEN;1;128
1;0;SIN CORREGIMIENTO;0;SIN VEREDA;26;CAFê MADRID LA VIRGEN;2;10
1;0;SIN CORREGIMIENTO;0;SIN VEREDA;26;CAFê MADRID LA VIRGEN;9;20
1;0;SIN CORREGIMIENTO;0;SIN VEREDA;27;CAFê MADRID EL SUICHE;1;45
1;0;SIN CORREGIMIENTO;0;SIN VEREDA;27;CAFê MADRID EL SUICHE;2;4
1;0;SIN CORREGIMIENTO;0;SIN VEREDA;27;CAFê MADRID EL SUICHE;9;8
1;0;SIN CORREGIMIENTO;0;SIN VEREDA;28;CAFê MADRID EL CABLE;1;351
1;0;SIN CORREGIMIENTO;0;SIN VEREDA;28;CAFê MADRID EL CABLE;2;24
1;0;SIN CORREGIMIENTO;0;SIN VEREDA;28;CAFê MADRID EL CABLE;9;42
1;0;SIN CORREGIMIENTO;0;SIN VEREDA;29;KENNEDY;1;2592
1;0;SIN CORREGIMIENTO;0;SIN VEREDA;29;KENNEDY;2;129
1;0;SIN CORREGIMIENTO;0;SIN VEREDA;29;KENNEDY;9;177
1;0;SIN CORREGIMIENTO;0;SIN VEREDA;30;VILLA ALEGRIA;1;746
1;0;SIN CORREGIMIENTO;0;SIN VEREDA;30;VILLA ALEGRIA;2;52
1;0;SIN CORREGIMIENTO;0;SIN VEREDA;30;VILLA ALEGRIA;9;101
1;0;SIN CORREGIMIENTO;0;SIN VEREDA;31;LAS HAMACAS;1;635
1;0;SIN CORREGIMIENTO;0;SIN VEREDA;31;LAS HAMACAS;2;33
1;0;SIN CORREGIMIENTO;0;SIN VEREDA;31;LAS HAMACAS;9;63
1;0;SIN CORREGIMIENTO;0;SIN VEREDA;32;MAR÷A PAZ;1;3210
1;0;SIN CORREGIMIENTO;0;SIN VEREDA;32;MAR÷A PAZ;2;207
1;0;SIN CORREGIMIENTO;0;SIN VEREDA;32;MAR÷A PAZ;9;363
1;0;SIN CORREGIMIENTO;0;SIN VEREDA;33;ALTOS DEL KENNEDY;1;434
1;0;SIN CORREGIMIENTO;0;SIN VEREDA;33;ALTOS DEL KENNEDY;2;16
1;0;SIN CORREGIMIENTO;0;SIN VEREDA;33;ALTOS DEL KENNEDY;9;38
1;0;SIN CORREGIMIENTO;0;SIN VEREDA;35;MINUTO DE DIOS;1;823
1;0;SIN CORREGIMIENTO;0;SIN VEREDA;35;MINUTO DE DIOS;2;24
1;0;SIN CORREGIMIENTO;0;SIN VEREDA;35;MINUTO DE DIOS;9;70
1;0;SIN CORREGIMIENTO;0;SIN VEREDA;36;MIRADOR DEL KENNEDY;1;147
1;0;SIN CORREGIMIENTO;0;SIN VEREDA;36;MIRADOR DEL KENNEDY;2;13
1;0;SIN CORREGIMIENTO;0;SIN VEREDA;36;MIRADOR DEL KENNEDY;9;13
1;0;SIN CORREGIMIENTO;0;SIN VEREDA;38;COLSEGUROS NORTE;1;851
1;0;SIN CORREGIMIENTO;0;SIN VEREDA;38;COLSEGUROS NORTE;2;33
1;0;SIN CORREGIMIENTO;0;SIN VEREDA;38;COLSEGUROS NORTE;9;71
1;0;SIN CORREGIMIENTO;0;SIN VEREDA;39;OMAGA I ;1;167
1;0;SIN CORREGIMIENTO;0;SIN VEREDA;39;OMAGA I ;2;8
1;0;SIN CORREGIMIENTO;0;SIN VEREDA;39;OMAGA I ;9;19
1;0;SIN CORREGIMIENTO;0;SIN VEREDA;40;MIRAMAR;1;402
1;0;SIN CORREGIMIENTO;0;SIN VEREDA;40;MIRAMAR;2;20
1;0;SIN CORREGIMIENTO;0;SIN VEREDA;40;MIRAMAR;9;41
1;0;SIN CORREGIMIENTO;0;SIN VEREDA;41;BALCONES DEL KENNEDY;1;979
1;0;SIN CORREGIMIENTO;0;SIN VEREDA;41;BALCONES DEL KENNEDY;2;61
1;0;SIN CORREGIMIENTO;0;SIN VEREDA;41;BALCONES DEL KENNEDY;9;81
1;0;SIN CORREGIMIENTO;0;SIN VEREDA;42;VILLA MAR÷A;1;304
1;0;SIN CORREGIMIENTO;0;SIN VEREDA;42;VILLA MAR÷A;2;12
1;0;SIN CORREGIMIENTO;0;SIN VEREDA;42;VILLA MAR÷A;9;58
1;0;SIN CORREGIMIENTO;0;SIN VEREDA;43;ASENTAMIENTO VILLA MAR÷A;1;2
1;0;SIN CORREGIMIENTO;0;SIN VEREDA;43;ASENTAMIENTO VILLA MAR÷A;2;1
1;0;SIN CORREGIMIENTO;0;SIN VEREDA;45;LOS µNGELES;1;2
1;0;SIN CORREGIMIENTO;0;SIN VEREDA;47;OLAS ALTAS Y BAJAS;1;949
1;0;SIN CORREGIMIENTO;0;SIN VEREDA;47;OLAS ALTAS Y BAJAS;2;42
1;0;SIN CORREGIMIENTO;0;SIN VEREDA;47;OLAS ALTAS Y BAJAS;9;70
1;0;SIN CORREGIMIENTO;0;SIN VEREDA;49;PAISAJES DEL NORTE;1;605
1;0;SIN CORREGIMIENTO;0;SIN VEREDA;49;PAISAJES DEL NORTE;2;33
1;0;SIN CORREGIMIENTO;0;SIN VEREDA;49;PAISAJES DEL NORTE;9;79
1;0;SIN CORREGIMIENTO;0;SIN VEREDA;50;VILLA ROSA;1;4919
1;0;SIN CORREGIMIENTO;0;SIN VEREDA;50;VILLA ROSA;2;257
1;0;SIN CORREGIMIENTO;0;SIN VEREDA;50;VILLA ROSA;9;439
1;0;SIN CORREGIMIENTO;0;SIN VEREDA;54;MIRADOR NORTE;1;1
1;0;SIN CORREGIMIENTO;0;SIN VEREDA;54;MIRADOR NORTE;2;1
1;0;SIN CORREGIMIENTO;0;SIN VEREDA;55;CLAVERIANO;1;1150
1;0;SIN CORREGIMIENTO;0;SIN VEREDA;55;CLAVERIANO;2;74
1;0;SIN CORREGIMIENTO;0;SIN VEREDA;55;CLAVERIANO;9;154
1;0;SIN CORREGIMIENTO;0;SIN VEREDA;56;ALTOS DEL PROGRESO;1;1044
1;0;SIN CORREGIMIENTO;0;SIN VEREDA;56;ALTOS DEL PROGRESO;2;68
1;0;SIN CORREGIMIENTO;0;SIN VEREDA;56;ALTOS DEL PROGRESO;9;124
1;0;SIN CORREGIMIENTO;0;SIN VEREDA;58;13 DE JUNIO;1;192
1;0;SIN CORREGIMIENTO;0;SIN VEREDA;58;13 DE JUNIO;2;7
1;0;SIN CORREGIMIENTO;0;SIN VEREDA;58;13 DE JUNIO;9;10
1;0;SIN CORREGIMIENTO;0;SIN VEREDA;69;VILLA MERCEDES;1;1
1;0;SIN CORREGIMIENTO;0;SIN VEREDA;88;CAFê MADRID LA 40;1;81
1;0;SIN CORREGIMIENTO;0;SIN VEREDA;88;CAFê MADRID LA 40;2;4
1;0;SIN CORREGIMIENTO;0;SIN VEREDA;88;CAFê MADRID LA 40;9;12
1;0;SIN CORREGIMIENTO;0;SIN VEREDA;91;TEJADITOS;1;19
1;0;SIN CORREGIMIENTO;0;SIN VEREDA;91;TEJADITOS;2;3
1;0;SIN CORREGIMIENTO;0;SIN VEREDA;91;TEJADITOS;9;3
1;0;SIN CORREGIMIENTO;0;SIN VEREDA;94;EL NOGAL 2;1;547
1;0;SIN CORREGIMIENTO;0;SIN VEREDA;94;EL NOGAL 2;2;43
1;0;SIN CORREGIMIENTO;0;SIN VEREDA;94;EL NOGAL 2;9;60
1;0;SIN CORREGIMIENTO;0;SIN VEREDA;108;LIMONCITO MORRORRICO;1;3
1;0;SIN CORREGIMIENTO;0;SIN VEREDA;229;VILLA SARA;1;4
1;0;SIN CORREGIMIENTO;0;SIN VEREDA;230;VILLA ALICIA;1;136
1;0;SIN CORREGIMIENTO;0;SIN VEREDA;230;VILLA ALICIA;2;6
1;0;SIN CORREGIMIENTO;0;SIN VEREDA;230;VILLA ALICIA;9;26
1;0;SIN CORREGIMIENTO;0;SIN VEREDA;235;DELICIAS NORTE;1;101
1;0;SIN CORREGIMIENTO;0;SIN VEREDA;235;DELICIAS NORTE;2;6
1;0;SIN CORREGIMIENTO;0;SIN VEREDA;235;DELICIAS NORTE;9;7
1;0;SIN CORREGIMIENTO;0;SIN VEREDA;244;VILLA FLOR;1;4
1;0;SIN CORREGIMIENTO;0;SIN VEREDA;247;LA FORTUNA;1;397
1;0;SIN CORREGIMIENTO;0;SIN VEREDA;247;LA FORTUNA;2;36
1;0;SIN CORREGIMIENTO;0;SIN VEREDA;247;LA FORTUNA;9;68
1;0;SIN CORREGIMIENTO;0;SIN VEREDA;281;SAN IGNACIO REAL;1;354
1;0;SIN CORREGIMIENTO;0;SIN VEREDA;281;SAN IGNACIO REAL;2;25
1;0;SIN CORREGIMIENTO;0;SIN VEREDA;281;SAN IGNACIO REAL;9;44
1;0;SIN CORREGIMIENTO;0;SIN VEREDA;291;CAMINOS DE PAZ;1;120
1;0;SIN CORREGIMIENTO;0;SIN VEREDA;291;CAMINOS DE PAZ;2;11
1;0;SIN CORREGIMIENTO;0;SIN VEREDA;291;CAMINOS DE PAZ;9;18
1;0;SIN CORREGIMIENTO;0;SIN VEREDA;292;LAS TUNAS;1;1
1;0;SIN CORREGIMIENTO;0;SIN VEREDA;292;LAS TUNAS;9;1
1;0;SIN CORREGIMIENTO;0;SIN VEREDA;297;TEJAR II;1;758
1;0;SIN CORREGIMIENTO;0;SIN VEREDA;297;TEJAR II;2;25
1;0;SIN CORREGIMIENTO;0;SIN VEREDA;297;TEJAR II;9;70
1;0;SIN CORREGIMIENTO;0;SIN VEREDA;298;TEJAR I;1;533
1;0;SIN CORREGIMIENTO;0;SIN VEREDA;298;TEJAR I;2;24
1;0;SIN CORREGIMIENTO;0;SIN VEREDA;298;TEJAR I;9;45
1;0;SIN CORREGIMIENTO;0;SIN VEREDA;299;OMAGA II;1;518
1;0;SIN CORREGIMIENTO;0;SIN VEREDA;299;OMAGA II;2;33
1;0;SIN CORREGIMIENTO;0;SIN VEREDA;299;OMAGA II;9;49
1;0;SIN CORREGIMIENTO;0;SIN VEREDA;301;CERVUNION;1;319
1;0;SIN CORREGIMIENTO;0;SIN VEREDA;301;CERVUNION;2;22
1;0;SIN CORREGIMIENTO;0;SIN VEREDA;301;CERVUNION;9;52
1;0;SIN CORREGIMIENTO;0;SIN VEREDA;302;ASENTAMIENTO LUZ DE ESPERANZA;1;23
1;0;SIN CORREGIMIENTO;0;SIN VEREDA;302;ASENTAMIENTO LUZ DE ESPERANZA;2;1
1;0;SIN CORREGIMIENTO;0;SIN VEREDA;302;ASENTAMIENTO LUZ DE ESPERANZA;9;4
1;0;SIN CORREGIMIENTO;0;SIN VEREDA;305;SAN VALENT÷N;1;505
1;0;SIN CORREGIMIENTO;0;SIN VEREDA;305;SAN VALENT÷N;2;26
1;0;SIN CORREGIMIENTO;0;SIN VEREDA;305;SAN VALENT÷N;9;67
1;0;SIN CORREGIMIENTO;0;SIN VEREDA;311;ALTOS DE BETANIA;1;1033
1;0;SIN CORREGIMIENTO;0;SIN VEREDA;311;ALTOS DE BETANIA;2;79
1;0;SIN CORREGIMIENTO;0;SIN VEREDA;311;ALTOS DE BETANIA;9;127
1;0;SIN CORREGIMIENTO;0;SIN VEREDA;328;CAMPESTRE NORTE ;1;2196
1;0;SIN CORREGIMIENTO;0;SIN VEREDA;328;CAMPESTRE NORTE ;2;129
1;0;SIN CORREGIMIENTO;0;SIN VEREDA;328;CAMPESTRE NORTE ;9;282
1;0;SIN CORREGIMIENTO;0;SIN VEREDA;332;BONANZA CAMPESTRE;1;417
1;0;SIN CORREGIMIENTO;0;SIN VEREDA;332;BONANZA CAMPESTRE;2;27
1;0;SIN CORREGIMIENTO;0;SIN VEREDA;332;BONANZA CAMPESTRE;9;58
1;0;SIN CORREGIMIENTO;0;SIN VEREDA;335;PUENTE NARI•O;1;836
1;0;SIN CORREGIMIENTO;0;SIN VEREDA;335;PUENTE NARI•O;2;63
1;0;SIN CORREGIMIENTO;0;SIN VEREDA;335;PUENTE NARI•O;9;144
1;0;SIN CORREGIMIENTO;0;SIN VEREDA;338;CAFE MADRID LA SEXTA;1;87
1;0;SIN CORREGIMIENTO;0;SIN VEREDA;338;CAFE MADRID LA SEXTA;2;4
1;0;SIN CORREGIMIENTO;0;SIN VEREDA;338;CAFE MADRID LA SEXTA;9;11
1;0;SIN CORREGIMIENTO;0;SIN VEREDA;342;VILLAS DE SAN IGNACIO;1;649
1;0;SIN CORREGIMIENTO;0;SIN VEREDA;342;VILLAS DE SAN IGNACIO;2;48
1;0;SIN CORREGIMIENTO;0;SIN VEREDA;342;VILLAS DE SAN IGNACIO;9;60
1;0;SIN CORREGIMIENTO;0;SIN VEREDA;346;JARDINES DE ALTAGRACIA;1;126
1;0;SIN CORREGIMIENTO;0;SIN VEREDA;346;JARDINES DE ALTAGRACIA;2;4
1;0;SIN CORREGIMIENTO;0;SIN VEREDA;346;JARDINES DE ALTAGRACIA;9;6
1;0;SIN CORREGIMIENTO;0;SIN VEREDA;348;PORTAL DE LOS µNGELES;1;592
1;0;SIN CORREGIMIENTO;0;SIN VEREDA;348;PORTAL DE LOS µNGELES;2;44
1;0;SIN CORREGIMIENTO;0;SIN VEREDA;348;PORTAL DE LOS µNGELES;9;66
1;0;SIN CORREGIMIENTO;0;SIN VEREDA;350;BETANIA ;1;2632
1;0;SIN CORREGIMIENTO;0;SIN VEREDA;350;BETANIA ;2;179
1;0;SIN CORREGIMIENTO;0;SIN VEREDA;350;BETANIA ;9;343
1;0;SIN CORREGIMIENTO;0;SIN VEREDA;351;CAFê MADRID LA ESTACI‡N;1;688
1;0;SIN CORREGIMIENTO;0;SIN VEREDA;351;CAFê MADRID LA ESTACI‡N;2;64
1;0;SIN CORREGIMIENTO;0;SIN VEREDA;351;CAFê MADRID LA ESTACI‡N;9;77
1;0;SIN CORREGIMIENTO;0;SIN VEREDA;354;MIRADOR DE COLORADOS;1;131
1;0;SIN CORREGIMIENTO;0;SIN VEREDA;354;MIRADOR DE COLORADOS;2;13
1;0;SIN CORREGIMIENTO;0;SIN VEREDA;354;MIRADOR DE COLORADOS;9;19
1;0;SIN CORREGIMIENTO;0;SIN VEREDA;356;BAVARIA;1;2272
1;0;SIN CORREGIMIENTO;0;SIN VEREDA;356;BAVARIA;2;195
1;0;SIN CORREGIMIENTO;0;SIN VEREDA;356;BAVARIA;9;270
1;0;SIN CORREGIMIENTO;0;SIN VEREDA;357;CAFê MADRID CORRALES;1;41
1;0;SIN CORREGIMIENTO;0;SIN VEREDA;357;CAFê MADRID CORRALES;2;1
1;0;SIN CORREGIMIENTO;0;SIN VEREDA;357;CAFê MADRID CORRALES;9;7
1;0;SIN CORREGIMIENTO;0;SIN VEREDA;359;GETSEMANI;1;407
1;0;SIN CORREGIMIENTO;0;SIN VEREDA;359;GETSEMANI;2;26
1;0;SIN CORREGIMIENTO;0;SIN VEREDA;359;GETSEMANI;9;52
1;0;SIN CORREGIMIENTO;0;SIN VEREDA;361;VILLAS DEL NOGAL;1;3
1;0;SIN CORREGIMIENTO;0;SIN VEREDA;361;VILLAS DEL NOGAL;9;1
1;0;SIN CORREGIMIENTO;0;SIN VEREDA;366;LOS CEDROS NORTE;1;68
1;0;SIN CORREGIMIENTO;0;SIN VEREDA;366;LOS CEDROS NORTE;2;3
1;0;SIN CORREGIMIENTO;0;SIN VEREDA;366;LOS CEDROS NORTE;9;7
1;0;SIN CORREGIMIENTO;0;SIN VEREDA;370;CAMPO MADRID;1;3435
1;0;SIN CORREGIMIENTO;0;SIN VEREDA;370;CAMPO MADRID;2;234
1;0;SIN CORREGIMIENTO;0;SIN VEREDA;370;CAMPO MADRID;9;367
2;0;SIN CORREGIMIENTO;0;SIN VEREDA;0;BARRIO_S4;1;414
2;0;SIN CORREGIMIENTO;0;SIN VEREDA;0;BARRIO_S4;2;24
2;0;SIN CORREGIMIENTO;0;SIN VEREDA;0;BARRIO_S4;9;54
2;0;SIN CORREGIMIENTO;0;SIN VEREDA;8;EL ROSAL COLORADOS;1;1
2;0;SIN CORREGIMIENTO;0;SIN VEREDA;8;EL ROSAL COLORADOS;9;1
2;0;SIN CORREGIMIENTO;0;SIN VEREDA;21;MIRADOR DE LA UIS;1;703
2;0;SIN CORREGIMIENTO;0;SIN VEREDA;21;MIRADOR DE LA UIS;2;44
2;0;SIN CORREGIMIENTO;0;SIN VEREDA;21;MIRADOR DE LA UIS;9;86
2;0;SIN CORREGIMIENTO;0;SIN VEREDA;37;LOS CUADROS;1;759
2;0;SIN CORREGIMIENTO;0;SIN VEREDA;37;LOS CUADROS;2;62
2;0;SIN CORREGIMIENTO;0;SIN VEREDA;37;LOS CUADROS;9;95
2;0;SIN CORREGIMIENTO;0;SIN VEREDA;44;VILLA HELENA I Y II;1;2076
2;0;SIN CORREGIMIENTO;0;SIN VEREDA;44;VILLA HELENA I Y II;2;127
2;0;SIN CORREGIMIENTO;0;SIN VEREDA;44;VILLA HELENA I Y II;9;241
2;0;SIN CORREGIMIENTO;0;SIN VEREDA;45;LOS µNGELES;1;869
2;0;SIN CORREGIMIENTO;0;SIN VEREDA;45;LOS µNGELES;2;59
2;0;SIN CORREGIMIENTO;0;SIN VEREDA;45;LOS µNGELES;9;99
2;0;SIN CORREGIMIENTO;0;SIN VEREDA;46;JOSE MAR÷A C‡RDOBA;1;659
2;0;SIN CORREGIMIENTO;0;SIN VEREDA;46;JOSE MAR÷A C‡RDOBA;2;38
2;0;SIN CORREGIMIENTO;0;SIN VEREDA;46;JOSE MAR÷A C‡RDOBA;9;81
2;0;SIN CORREGIMIENTO;0;SIN VEREDA;47;OLAS ALTAS Y BAJAS;1;69
2;0;SIN CORREGIMIENTO;0;SIN VEREDA;47;OLAS ALTAS Y BAJAS;2;5
2;0;SIN CORREGIMIENTO;0;SIN VEREDA;47;OLAS ALTAS Y BAJAS;9;5
2;0;SIN CORREGIMIENTO;0;SIN VEREDA;50;VILLA ROSA;1;238
2;0;SIN CORREGIMIENTO;0;SIN VEREDA;50;VILLA ROSA;2;15
2;0;SIN CORREGIMIENTO;0;SIN VEREDA;50;VILLA ROSA;9;23
2;0;SIN CORREGIMIENTO;0;SIN VEREDA;51;LIZCANO I Y II;1;524
2;0;SIN CORREGIMIENTO;0;SIN VEREDA;51;LIZCANO I Y II;2;35
2;0;SIN CORREGIMIENTO;0;SIN VEREDA;51;LIZCANO I Y II;9;50
2;0;SIN CORREGIMIENTO;0;SIN VEREDA;52;ESPERANZA II;1;1702
2;0;SIN CORREGIMIENTO;0;SIN VEREDA;52;ESPERANZA II;2;128
2;0;SIN CORREGIMIENTO;0;SIN VEREDA;52;ESPERANZA II;9;187
2;0;SIN CORREGIMIENTO;0;SIN VEREDA;53;ESPERANZA III;1;935
2;0;SIN CORREGIMIENTO;0;SIN VEREDA;53;ESPERANZA III;2;69
2;0;SIN CORREGIMIENTO;0;SIN VEREDA;53;ESPERANZA III;9;97
2;0;SIN CORREGIMIENTO;0;SIN VEREDA;54;MIRADOR NORTE;1;884
2;0;SIN CORREGIMIENTO;0;SIN VEREDA;54;MIRADOR NORTE;2;78
2;0;SIN CORREGIMIENTO;0;SIN VEREDA;54;MIRADOR NORTE;9;118
2;0;SIN CORREGIMIENTO;0;SIN VEREDA;57;BOSCONIA ;1;8
2;0;SIN CORREGIMIENTO;0;SIN VEREDA;57;BOSCONIA ;2;1
2;0;SIN CORREGIMIENTO;0;SIN VEREDA;57;BOSCONIA ;9;1
2;0;SIN CORREGIMIENTO;0;SIN VEREDA;58;13 DE JUNIO;1;5
2;0;SIN CORREGIMIENTO;0;SIN VEREDA;59;LA GRANJITA;1;191
2;0;SIN CORREGIMIENTO;0;SIN VEREDA;59;LA GRANJITA;2;12
2;0;SIN CORREGIMIENTO;0;SIN VEREDA;59;LA GRANJITA;9;26
2;0;SIN CORREGIMIENTO;0;SIN VEREDA;61;REGADERO NORTE;1;1391
2;0;SIN CORREGIMIENTO;0;SIN VEREDA;61;REGADERO NORTE;2;92
2;0;SIN CORREGIMIENTO;0;SIN VEREDA;61;REGADERO NORTE;9;140
2;0;SIN CORREGIMIENTO;0;SIN VEREDA;62;PRIMAVERAL REGADERO;1;148
2;0;SIN CORREGIMIENTO;0;SIN VEREDA;62;PRIMAVERAL REGADERO;2;7
2;0;SIN CORREGIMIENTO;0;SIN VEREDA;62;PRIMAVERAL REGADERO;9;5
2;0;SIN CORREGIMIENTO;0;SIN VEREDA;64;LA JUVENTUD;1;1168
2;0;SIN CORREGIMIENTO;0;SIN VEREDA;64;LA JUVENTUD;2;89
2;0;SIN CORREGIMIENTO;0;SIN VEREDA;64;LA JUVENTUD;9;114
2;0;SIN CORREGIMIENTO;0;SIN VEREDA;65;ESPERANZA I;1;1178
2;0;SIN CORREGIMIENTO;0;SIN VEREDA;65;ESPERANZA I;2;112
2;0;SIN CORREGIMIENTO;0;SIN VEREDA;65;ESPERANZA I;9;132
2;0;SIN CORREGIMIENTO;0;SIN VEREDA;66;SAN CRISTOBAL;1;699
2;0;SIN CORREGIMIENTO;0;SIN VEREDA;66;SAN CRISTOBAL;2;63
2;0;SIN CORREGIMIENTO;0;SIN VEREDA;66;SAN CRISTOBAL;9;65
2;0;SIN CORREGIMIENTO;0;SIN VEREDA;67;TRANSICI‡N I AL V;1;4434
2;0;SIN CORREGIMIENTO;0;SIN VEREDA;67;TRANSICI‡N I AL V;2;404
2;0;SIN CORREGIMIENTO;0;SIN VEREDA;67;TRANSICI‡N I AL V;9;542
2;0;SIN CORREGIMIENTO;0;SIN VEREDA;68;NUEVA COLOMBIA;1;352
2;0;SIN CORREGIMIENTO;0;SIN VEREDA;68;NUEVA COLOMBIA;2;14
2;0;SIN CORREGIMIENTO;0;SIN VEREDA;68;NUEVA COLOMBIA;9;38
2;0;SIN CORREGIMIENTO;0;SIN VEREDA;69;VILLA MERCEDES;1;1799
2;0;SIN CORREGIMIENTO;0;SIN VEREDA;69;VILLA MERCEDES;2;143
2;0;SIN CORREGIMIENTO;0;SIN VEREDA;69;VILLA MERCEDES;9;231
2;0;SIN CORREGIMIENTO;0;SIN VEREDA;70;OLITAS;1;294
2;0;SIN CORREGIMIENTO;0;SIN VEREDA;70;OLITAS;2;35
2;0;SIN CORREGIMIENTO;0;SIN VEREDA;70;OLITAS;9;32
2;0;SIN CORREGIMIENTO;0;SIN VEREDA;71;BOSQUE NORTE ;1;1087
2;0;SIN CORREGIMIENTO;0;SIN VEREDA;71;BOSQUE NORTE ;2;74
2;0;SIN CORREGIMIENTO;0;SIN VEREDA;71;BOSQUE NORTE ;9;142
2;0;SIN CORREGIMIENTO;0;SIN VEREDA;72;LA INDEPENDENCIA;1;3122
2;0;SIN CORREGIMIENTO;0;SIN VEREDA;72;LA INDEPENDENCIA;2;248
2;0;SIN CORREGIMIENTO;0;SIN VEREDA;72;LA INDEPENDENCIA;9;301
2;0;SIN CORREGIMIENTO;0;SIN VEREDA;74;NORTE BAJO;1;132
2;0;SIN CORREGIMIENTO;0;SIN VEREDA;74;NORTE BAJO;2;9
2;0;SIN CORREGIMIENTO;0;SIN VEREDA;74;NORTE BAJO;9;6
2;0;SIN CORREGIMIENTO;0;SIN VEREDA;75;SAN RAFAEL;1;4
2;0;SIN CORREGIMIENTO;0;SIN VEREDA;75;SAN RAFAEL;2;1
2;0;SIN CORREGIMIENTO;0;SIN VEREDA;76;CHAPINERO;1;5
2;0;SIN CORREGIMIENTO;0;SIN VEREDA;87;DON BOSCO;1;2
2;0;SIN CORREGIMIENTO;0;SIN VEREDA;95;COMUNEROS;1;166
2;0;SIN CORREGIMIENTO;0;SIN VEREDA;95;COMUNEROS;2;11
2;0;SIN CORREGIMIENTO;0;SIN VEREDA;95;COMUNEROS;9;15
2;0;SIN CORREGIMIENTO;0;SIN VEREDA;101;UNIVERSIDAD;1;7
2;0;SIN CORREGIMIENTO;0;SIN VEREDA;101;UNIVERSIDAD;9;1
2;0;SIN CORREGIMIENTO;0;SIN VEREDA;110;MORRORRICO;1;23
2;0;SIN CORREGIMIENTO;0;SIN VEREDA;110;MORRORRICO;2;1
2;0;SIN CORREGIMIENTO;0;SIN VEREDA;110;MORRORRICO;9;6
2;0;SIN CORREGIMIENTO;0;SIN VEREDA;113;PUERTO RICO;1;1
2;0;SIN CORREGIMIENTO;0;SIN VEREDA;113;PUERTO RICO;2;1
2;0;SIN CORREGIMIENTO;0;SIN VEREDA;116;MIRAFLORES;1;4
2;0;SIN CORREGIMIENTO;0;SIN VEREDA;153;EL PANTANO I;1;9
2;0;SIN CORREGIMIENTO;0;SIN VEREDA;153;EL PANTANO I;9;2
2;0;SIN CORREGIMIENTO;0;SIN VEREDA;179;COLOMBIA;1;3
2;0;SIN CORREGIMIENTO;0;SIN VEREDA;223;PORVENIR BAJO;1;10
2;0;SIN CORREGIMIENTO;0;SIN VEREDA;223;PORVENIR BAJO;2;1
2;0;SIN CORREGIMIENTO;0;SIN VEREDA;223;PORVENIR BAJO;9;1
2;0;SIN CORREGIMIENTO;0;SIN VEREDA;271;MONEQUE;1;71
2;0;SIN CORREGIMIENTO;0;SIN VEREDA;271;MONEQUE;2;5
2;0;SIN CORREGIMIENTO;0;SIN VEREDA;271;MONEQUE;9;4
2;0;SIN CORREGIMIENTO;0;SIN VEREDA;337;CIUDADELA CLUB COMFENALCO;1;377
2;0;SIN CORREGIMIENTO;0;SIN VEREDA;337;CIUDADELA CLUB COMFENALCO;2;13
2;0;SIN CORREGIMIENTO;0;SIN VEREDA;337;CIUDADELA CLUB COMFENALCO;9;31
3;0;SIN CORREGIMIENTO;0;SIN VEREDA;21;MIRADOR DE LA UIS;1;1
3;0;SIN CORREGIMIENTO;0;SIN VEREDA;21;MIRADOR DE LA UIS;9;1
3;0;SIN CORREGIMIENTO;0;SIN VEREDA;72;LA INDEPENDENCIA;1;26
3;0;SIN CORREGIMIENTO;0;SIN VEREDA;72;LA INDEPENDENCIA;9;3
3;0;SIN CORREGIMIENTO;0;SIN VEREDA;74;NORTE BAJO;1;507
3;0;SIN CORREGIMIENTO;0;SIN VEREDA;74;NORTE BAJO;2;27
3;0;SIN CORREGIMIENTO;0;SIN VEREDA;74;NORTE BAJO;9;52
3;0;SIN CORREGIMIENTO;0;SIN VEREDA;75;SAN RAFAEL;1;1856
3;0;SIN CORREGIMIENTO;0;SIN VEREDA;75;SAN RAFAEL;2;104
3;0;SIN CORREGIMIENTO;0;SIN VEREDA;75;SAN RAFAEL;9;144
3;0;SIN CORREGIMIENTO;0;SIN VEREDA;76;CHAPINERO;1;820
3;0;SIN CORREGIMIENTO;0;SIN VEREDA;76;CHAPINERO;2;44
3;0;SIN CORREGIMIENTO;0;SIN VEREDA;76;CHAPINERO;9;68
3;0;SIN CORREGIMIENTO;0;SIN VEREDA;95;COMUNEROS;1;4151
3;0;SIN CORREGIMIENTO;0;SIN VEREDA;95;COMUNEROS;2;200
3;0;SIN CORREGIMIENTO;0;SIN VEREDA;95;COMUNEROS;9;300
3;0;SIN CORREGIMIENTO;0;SIN VEREDA;96;MODELO;1;653
3;0;SIN CORREGIMIENTO;0;SIN VEREDA;96;MODELO;2;36
3;0;SIN CORREGIMIENTO;0;SIN VEREDA;96;MODELO;9;39
3;0;SIN CORREGIMIENTO;0;SIN VEREDA;97;MUTUALIDAD;1;1151
3;0;SIN CORREGIMIENTO;0;SIN VEREDA;97;MUTUALIDAD;2;38
3;0;SIN CORREGIMIENTO;0;SIN VEREDA;97;MUTUALIDAD;9;63
3;0;SIN CORREGIMIENTO;0;SIN VEREDA;98;SAN FRANCISCO;1;1856
3;0;SIN CORREGIMIENTO;0;SIN VEREDA;98;SAN FRANCISCO;2;80
3;0;SIN CORREGIMIENTO;0;SIN VEREDA;98;SAN FRANCISCO;9;119
3;0;SIN CORREGIMIENTO;0;SIN VEREDA;99;ALARC‡N;1;205
3;0;SIN CORREGIMIENTO;0;SIN VEREDA;99;ALARC‡N;2;4
3;0;SIN CORREGIMIENTO;0;SIN VEREDA;99;ALARC‡N;9;16
3;0;SIN CORREGIMIENTO;0;SIN VEREDA;100;SAN ALONSO;1;11
3;0;SIN CORREGIMIENTO;0;SIN VEREDA;100;SAN ALONSO;9;2
3;0;SIN CORREGIMIENTO;0;SIN VEREDA;101;UNIVERSIDAD;1;113
3;0;SIN CORREGIMIENTO;0;SIN VEREDA;101;UNIVERSIDAD;2;8
3;0;SIN CORREGIMIENTO;0;SIN VEREDA;101;UNIVERSIDAD;9;9
3;0;SIN CORREGIMIENTO;0;SIN VEREDA;113;PUERTO RICO;1;129
3;0;SIN CORREGIMIENTO;0;SIN VEREDA;113;PUERTO RICO;2;5
3;0;SIN CORREGIMIENTO;0;SIN VEREDA;113;PUERTO RICO;9;18
3;0;SIN CORREGIMIENTO;0;SIN VEREDA;130;CENTRO;1;4
3;0;SIN CORREGIMIENTO;0;SIN VEREDA;131;ANTONIA SANTOS CENTRO;1;5
3;0;SIN CORREGIMIENTO;0;SIN VEREDA;195;PABLO VI;1;49
3;0;SIN CORREGIMIENTO;0;SIN VEREDA;195;PABLO VI;2;1
3;0;SIN CORREGIMIENTO;0;SIN VEREDA;195;PABLO VI;9;1
3;0;SIN CORREGIMIENTO;0;SIN VEREDA;218;SAN EXPEDITO;1;3
3;0;SIN CORREGIMIENTO;0;SIN VEREDA;218;SAN EXPEDITO;9;2
3;0;SIN CORREGIMIENTO;0;SIN VEREDA;305;SAN VALENT÷N;1;1
4;0;SIN CORREGIMIENTO;0;SIN VEREDA;0;BARRIO_S4;1;1
4;0;SIN CORREGIMIENTO;0;SIN VEREDA;0;BARRIO_S4;9;1
4;0;SIN CORREGIMIENTO;0;SIN VEREDA;3;COLORADOS;1;2
4;0;SIN CORREGIMIENTO;0;SIN VEREDA;11;DIVINO NI•O NORTE;1;5
4;0;SIN CORREGIMIENTO;0;SIN VEREDA;11;DIVINO NI•O NORTE;9;1
4;0;SIN CORREGIMIENTO;0;SIN VEREDA;14;CAFê MADRID;1;1
4;0;SIN CORREGIMIENTO;0;SIN VEREDA;14;CAFê MADRID;9;1
4;0;SIN CORREGIMIENTO;0;SIN VEREDA;16;GALLINERAL;1;354
4;0;SIN CORREGIMIENTO;0;SIN VEREDA;16;GALLINERAL;2;43
4;0;SIN CORREGIMIENTO;0;SIN VEREDA;16;GALLINERAL;9;51
4;0;SIN CORREGIMIENTO;0;SIN VEREDA;18;5 DE ENERO;1;289
4;0;SIN CORREGIMIENTO;0;SIN VEREDA;18;5 DE ENERO;2;41
4;0;SIN CORREGIMIENTO;0;SIN VEREDA;18;5 DE ENERO;9;61
4;0;SIN CORREGIMIENTO;0;SIN VEREDA;20;CARLOS PIZARRO;1;110
4;0;SIN CORREGIMIENTO;0;SIN VEREDA;20;CARLOS PIZARRO;2;11
4;0;SIN CORREGIMIENTO;0;SIN VEREDA;20;CARLOS PIZARRO;9;16
4;0;SIN CORREGIMIENTO;0;SIN VEREDA;22;JOSE ANTONIO GALµN;1;1363
4;0;SIN CORREGIMIENTO;0;SIN VEREDA;22;JOSE ANTONIO GALµN;2;106
4;0;SIN CORREGIMIENTO;0;SIN VEREDA;22;JOSE ANTONIO GALµN;9;202
4;0;SIN CORREGIMIENTO;0;SIN VEREDA;35;MINUTO DE DIOS;1;1
4;0;SIN CORREGIMIENTO;0;SIN VEREDA;46;JOSE MAR÷A C‡RDOBA;1;1
4;0;SIN CORREGIMIENTO;0;SIN VEREDA;73;CINAL I II Y III;1;444
4;0;SIN CORREGIMIENTO;0;SIN VEREDA;73;CINAL I II Y III;2;38
4;0;SIN CORREGIMIENTO;0;SIN VEREDA;73;CINAL I II Y III;9;60
4;0;SIN CORREGIMIENTO;0;SIN VEREDA;74;NORTE BAJO;1;24
4;0;SIN CORREGIMIENTO;0;SIN VEREDA;74;NORTE BAJO;9;2
4;0;SIN CORREGIMIENTO;0;SIN VEREDA;75;SAN RAFAEL;1;4
4;0;SIN CORREGIMIENTO;0;SIN VEREDA;77;GAITµN;1;3293
4;0;SIN CORREGIMIENTO;0;SIN VEREDA;77;GAITµN;2;158
4;0;SIN CORREGIMIENTO;0;SIN VEREDA;77;GAITµN;9;274
4;0;SIN CORREGIMIENTO;0;SIN VEREDA;78;GRANADA;1;653
4;0;SIN CORREGIMIENTO;0;SIN VEREDA;78;GRANADA;2;31
4;0;SIN CORREGIMIENTO;0;SIN VEREDA;78;GRANADA;9;43
4;0;SIN CORREGIMIENTO;0;SIN VEREDA;79;LA FERIA;1;566
4;0;SIN CORREGIMIENTO;0;SIN VEREDA;79;LA FERIA;2;30
4;0;SIN CORREGIMIENTO;0;SIN VEREDA;79;LA FERIA;9;62
4;0;SIN CORREGIMIENTO;0;SIN VEREDA;80;NAPOLES;1;785
4;0;SIN CORREGIMIENTO;0;SIN VEREDA;80;NAPOLES;2;50
4;0;SIN CORREGIMIENTO;0;SIN VEREDA;80;NAPOLES;9;68
4;0;SIN CORREGIMIENTO;0;SIN VEREDA;82;GIRARDOT;1;4550
4;0;SIN CORREGIMIENTO;0;SIN VEREDA;82;GIRARDOT;2;239
4;0;SIN CORREGIMIENTO;0;SIN VEREDA;82;GIRARDOT;9;401
4;0;SIN CORREGIMIENTO;0;SIN VEREDA;83;ZARABANDA;1;407
4;0;SIN CORREGIMIENTO;0;SIN VEREDA;83;ZARABANDA;2;32
4;0;SIN CORREGIMIENTO;0;SIN VEREDA;83;ZARABANDA;9;58
4;0;SIN CORREGIMIENTO;0;SIN VEREDA;84;CUYANITA;1;597
4;0;SIN CORREGIMIENTO;0;SIN VEREDA;84;CUYANITA;2;37
4;0;SIN CORREGIMIENTO;0;SIN VEREDA;84;CUYANITA;9;90
4;0;SIN CORREGIMIENTO;0;SIN VEREDA;85;CAMILO TORRES;1;582
4;0;SIN CORREGIMIENTO;0;SIN VEREDA;85;CAMILO TORRES;2;34
4;0;SIN CORREGIMIENTO;0;SIN VEREDA;85;CAMILO TORRES;9;61
4;0;SIN CORREGIMIENTO;0;SIN VEREDA;86;SANTANDER;1;1820
4;0;SIN CORREGIMIENTO;0;SIN VEREDA;86;SANTANDER;2;70
4;0;SIN CORREGIMIENTO;0;SIN VEREDA;86;SANTANDER;9;109
4;0;SIN CORREGIMIENTO;0;SIN VEREDA;87;DON BOSCO;1;864
4;0;SIN CORREGIMIENTO;0;SIN VEREDA;87;DON BOSCO;2;54
4;0;SIN CORREGIMIENTO;0;SIN VEREDA;87;DON BOSCO;9;67
4;0;SIN CORREGIMIENTO;0;SIN VEREDA;89;NAPOLES CURTIEMBRE;1;372
4;0;SIN CORREGIMIENTO;0;SIN VEREDA;89;NAPOLES CURTIEMBRE;2;17
4;0;SIN CORREGIMIENTO;0;SIN VEREDA;89;NAPOLES CURTIEMBRE;9;43
4;0;SIN CORREGIMIENTO;0;SIN VEREDA;90;LA GLORIA;1;736
4;0;SIN CORREGIMIENTO;0;SIN VEREDA;90;LA GLORIA;2;61
4;0;SIN CORREGIMIENTO;0;SIN VEREDA;90;LA GLORIA;9;91
4;0;SIN CORREGIMIENTO;0;SIN VEREDA;92;NARI•O;1;1641
4;0;SIN CORREGIMIENTO;0;SIN VEREDA;92;NARI•O;2;105
4;0;SIN CORREGIMIENTO;0;SIN VEREDA;92;NARI•O;9;151
4;0;SIN CORREGIMIENTO;0;SIN VEREDA;93;PIO XII;1;261
4;0;SIN CORREGIMIENTO;0;SIN VEREDA;93;PIO XII;2;18
4;0;SIN CORREGIMIENTO;0;SIN VEREDA;93;PIO XII;9;20
4;0;SIN CORREGIMIENTO;0;SIN VEREDA;98;SAN FRANCISCO;1;1
4;0;SIN CORREGIMIENTO;0;SIN VEREDA;99;ALARC‡N;1;20
4;0;SIN CORREGIMIENTO;0;SIN VEREDA;99;ALARC‡N;2;1
4;0;SIN CORREGIMIENTO;0;SIN VEREDA;99;ALARC‡N;9;1
4;0;SIN CORREGIMIENTO;0;SIN VEREDA;119;GALµN;1;28
4;0;SIN CORREGIMIENTO;0;SIN VEREDA;119;GALµN;2;3
4;0;SIN CORREGIMIENTO;0;SIN VEREDA;119;GALµN;9;1
4;0;SIN CORREGIMIENTO;0;SIN VEREDA;130;CENTRO;1;1
4;0;SIN CORREGIMIENTO;0;SIN VEREDA;131;ANTONIA SANTOS CENTRO;1;1
4;0;SIN CORREGIMIENTO;0;SIN VEREDA;136;SOTOMAYOR;1;1
4;0;SIN CORREGIMIENTO;0;SIN VEREDA;141;GARC÷A ROVIRA;1;23
4;0;SIN CORREGIMIENTO;0;SIN VEREDA;141;GARC÷A ROVIRA;2;1
4;0;SIN CORREGIMIENTO;0;SIN VEREDA;141;GARC÷A ROVIRA;9;2
4;0;SIN CORREGIMIENTO;0;SIN VEREDA;142;ALFONSO L‡PEZ;1;4
4;0;SIN CORREGIMIENTO;0;SIN VEREDA;145;CAMPO HERMOSO;1;1
4;0;SIN CORREGIMIENTO;0;SIN VEREDA;154;EL PANTANO II;1;38
4;0;SIN CORREGIMIENTO;0;SIN VEREDA;154;EL PANTANO II;2;7
4;0;SIN CORREGIMIENTO;0;SIN VEREDA;154;EL PANTANO II;9;4
4;0;SIN CORREGIMIENTO;0;SIN VEREDA;193;NUEVA GRANADA;1;57
4;0;SIN CORREGIMIENTO;0;SIN VEREDA;193;NUEVA GRANADA;2;3
4;0;SIN CORREGIMIENTO;0;SIN VEREDA;193;NUEVA GRANADA;9;7
4;0;SIN CORREGIMIENTO;0;SIN VEREDA;232;DANGOND;1;26
4;0;SIN CORREGIMIENTO;0;SIN VEREDA;232;DANGOND;9;1
4;0;SIN CORREGIMIENTO;0;SIN VEREDA;240;IGSABELAR;1;16
4;0;SIN CORREGIMIENTO;0;SIN VEREDA;240;IGSABELAR;2;1
4;0;SIN CORREGIMIENTO;0;SIN VEREDA;278;12 DE OCTUBRE;1;1046
4;0;SIN CORREGIMIENTO;0;SIN VEREDA;278;12 DE OCTUBRE;2;65
4;0;SIN CORREGIMIENTO;0;SIN VEREDA;278;12 DE OCTUBRE;9;119
4;0;SIN CORREGIMIENTO;0;SIN VEREDA;279;DIVINO NI•O CENTRO ;1;408
4;0;SIN CORREGIMIENTO;0;SIN VEREDA;279;DIVINO NI•O CENTRO ;2;25
4;0;SIN CORREGIMIENTO;0;SIN VEREDA;279;DIVINO NI•O CENTRO ;9;50
4;0;SIN CORREGIMIENTO;0;SIN VEREDA;280;RESERVA DE LA INMACULADA;1;1336
4;0;SIN CORREGIMIENTO;0;SIN VEREDA;280;RESERVA DE LA INMACULADA;2;56
4;0;SIN CORREGIMIENTO;0;SIN VEREDA;280;RESERVA DE LA INMACULADA;9;125
4;0;SIN CORREGIMIENTO;0;SIN VEREDA;307;MILAGRO DE DIOS;1;669
4;0;SIN CORREGIMIENTO;0;SIN VEREDA;307;MILAGRO DE DIOS;2;62
4;0;SIN CORREGIMIENTO;0;SIN VEREDA;307;MILAGRO DE DIOS;9;77
4;0;SIN CORREGIMIENTO;0;SIN VEREDA;325;MAR÷A AUXILIADORA;1;104
4;0;SIN CORREGIMIENTO;0;SIN VEREDA;325;MAR÷A AUXILIADORA;2;10
4;0;SIN CORREGIMIENTO;0;SIN VEREDA;325;MAR÷A AUXILIADORA;9;11
4;0;SIN CORREGIMIENTO;0;SIN VEREDA;333;23 DE JUNIO;1;515
4;0;SIN CORREGIMIENTO;0;SIN VEREDA;333;23 DE JUNIO;2;33
4;0;SIN CORREGIMIENTO;0;SIN VEREDA;333;23 DE JUNIO;9;48
4;0;SIN CORREGIMIENTO;0;SIN VEREDA;345;PASEO DE LA FERIA;1;1231
4;0;SIN CORREGIMIENTO;0;SIN VEREDA;345;PASEO DE LA FERIA;2;38
4;0;SIN CORREGIMIENTO;0;SIN VEREDA;345;PASEO DE LA FERIA;9;83
4;0;SIN CORREGIMIENTO;0;SIN VEREDA;356;BAVARIA;1;6
4;0;SIN CORREGIMIENTO;0;SIN VEREDA;359;GETSEMANI;2;1
4;0;SIN CORREGIMIENTO;0;SIN VEREDA;365;VILLAS DE GIRARDOT;1;1656
4;0;SIN CORREGIMIENTO;0;SIN VEREDA;365;VILLAS DE GIRARDOT;2;128
4;0;SIN CORREGIMIENTO;0;SIN VEREDA;365;VILLAS DE GIRARDOT;9;265
4;0;SIN CORREGIMIENTO;0;SIN VEREDA;368;URBANIZACI‡N LA INMACULADA;1;2037
4;0;SIN CORREGIMIENTO;0;SIN VEREDA;368;URBANIZACI‡N LA INMACULADA;2;140
4;0;SIN CORREGIMIENTO;0;SIN VEREDA;368;URBANIZACI‡N LA INMACULADA;9;239
4;0;SIN CORREGIMIENTO;0;SIN VEREDA;999999;BARRIO_S4;1;1
5;0;SIN CORREGIMIENTO;0;SIN VEREDA;17;RINC‡N DE LA PAZ;1;774
5;0;SIN CORREGIMIENTO;0;SIN VEREDA;17;RINC‡N DE LA PAZ;2;57
5;0;SIN CORREGIMIENTO;0;SIN VEREDA;17;RINC‡N DE LA PAZ;9;115
5;0;SIN CORREGIMIENTO;0;SIN VEREDA;82;GIRARDOT;1;2
5;0;SIN CORREGIMIENTO;0;SIN VEREDA;141;GARC÷A ROVIRA;1;61
5;0;SIN CORREGIMIENTO;0;SIN VEREDA;141;GARC÷A ROVIRA;2;1
5;0;SIN CORREGIMIENTO;0;SIN VEREDA;141;GARC÷A ROVIRA;9;2
5;0;SIN CORREGIMIENTO;0;SIN VEREDA;142;ALFONSO L‡PEZ;1;2957
5;0;SIN CORREGIMIENTO;0;SIN VEREDA;142;ALFONSO L‡PEZ;2;144
5;0;SIN CORREGIMIENTO;0;SIN VEREDA;142;ALFONSO L‡PEZ;9;239
5;0;SIN CORREGIMIENTO;0;SIN VEREDA;143;LA JOYA;1;1831
5;0;SIN CORREGIMIENTO;0;SIN VEREDA;143;LA JOYA;2;68
5;0;SIN CORREGIMIENTO;0;SIN VEREDA;143;LA JOYA;9;127
5;0;SIN CORREGIMIENTO;0;SIN VEREDA;144;CHORRERAS DE DON JUAN;1;584
5;0;SIN CORREGIMIENTO;0;SIN VEREDA;144;CHORRERAS DE DON JUAN;2;37
5;0;SIN CORREGIMIENTO;0;SIN VEREDA;144;CHORRERAS DE DON JUAN;9;39
5;0;SIN CORREGIMIENTO;0;SIN VEREDA;145;CAMPO HERMOSO;1;6027
5;0;SIN CORREGIMIENTO;0;SIN VEREDA;145;CAMPO HERMOSO;2;326
5;0;SIN CORREGIMIENTO;0;SIN VEREDA;145;CAMPO HERMOSO;9;523
5;0;SIN CORREGIMIENTO;0;SIN VEREDA;146;LA ESMERALDA;1;301
5;0;SIN CORREGIMIENTO;0;SIN VEREDA;146;LA ESMERALDA;2;9
5;0;SIN CORREGIMIENTO;0;SIN VEREDA;146;LA ESMERALDA;9;24
5;0;SIN CORREGIMIENTO;0;SIN VEREDA;149;PRIMERO DE MAYO;1;796
5;0;SIN CORREGIMIENTO;0;SIN VEREDA;149;PRIMERO DE MAYO;2;40
5;0;SIN CORREGIMIENTO;0;SIN VEREDA;149;PRIMERO DE MAYO;9;61
5;0;SIN CORREGIMIENTO;0;SIN VEREDA;150;VILLAS DEL ROMERO;1;1
5;0;SIN CORREGIMIENTO;0;SIN VEREDA;151;LA ESTRELLA;1;3
5;0;SIN CORREGIMIENTO;0;SIN VEREDA;152;QUINTA ESTRELLA;1;489
5;0;SIN CORREGIMIENTO;0;SIN VEREDA;152;QUINTA ESTRELLA;2;20
5;0;SIN CORREGIMIENTO;0;SIN VEREDA;152;QUINTA ESTRELLA;9;45
5;0;SIN CORREGIMIENTO;0;SIN VEREDA;153;EL PANTANO I;1;240
5;0;SIN CORREGIMIENTO;0;SIN VEREDA;153;EL PANTANO I;2;16
5;0;SIN CORREGIMIENTO;0;SIN VEREDA;153;EL PANTANO I;9;22
5;0;SIN CORREGIMIENTO;0;SIN VEREDA;154;EL PANTANO II;1;492
5;0;SIN CORREGIMIENTO;0;SIN VEREDA;154;EL PANTANO II;2;22
5;0;SIN CORREGIMIENTO;0;SIN VEREDA;154;EL PANTANO II;9;42
5;0;SIN CORREGIMIENTO;0;SIN VEREDA;155;EL PANTANO III;1;262
5;0;SIN CORREGIMIENTO;0;SIN VEREDA;155;EL PANTANO III;2;15
5;0;SIN CORREGIMIENTO;0;SIN VEREDA;155;EL PANTANO III;9;36
5;0;SIN CORREGIMIENTO;0;SIN VEREDA;168;FUNDADORES I Y II;1;1
5;0;SIN CORREGIMIENTO;0;SIN VEREDA;173;ESTORAQUES;1;1380
5;0;SIN CORREGIMIENTO;0;SIN VEREDA;173;ESTORAQUES;2;96
5;0;SIN CORREGIMIENTO;0;SIN VEREDA;173;ESTORAQUES;9;178
5;0;SIN CORREGIMIENTO;0;SIN VEREDA;175;PUNTA ESTRELLA;1;16
5;0;SIN CORREGIMIENTO;0;SIN VEREDA;175;PUNTA ESTRELLA;2;1
5;0;SIN CORREGIMIENTO;0;SIN VEREDA;175;PUNTA ESTRELLA;9;2
5;0;SIN CORREGIMIENTO;0;SIN VEREDA;192;LA SALLE;1;5
5;0;SIN CORREGIMIENTO;0;SIN VEREDA;285;URBANIZACI‡N LOS BUCAROS;1;37
5;0;SIN CORREGIMIENTO;0;SIN VEREDA;285;URBANIZACI‡N LOS BUCAROS;9;1
5;0;SIN CORREGIMIENTO;0;SIN VEREDA;296;LA PARCELA;1;1
5;0;SIN CORREGIMIENTO;0;SIN VEREDA;301;CERVUNION;1;1
5;0;SIN CORREGIMIENTO;0;SIN VEREDA;328;CAMPESTRE NORTE ;1;2
5;0;SIN CORREGIMIENTO;0;SIN VEREDA;329;VILLA DEL PRADO;1;136
5;0;SIN CORREGIMIENTO;0;SIN VEREDA;329;VILLA DEL PRADO;2;6
5;0;SIN CORREGIMIENTO;0;SIN VEREDA;329;VILLA DEL PRADO;9;4
5;0;SIN CORREGIMIENTO;0;SIN VEREDA;336;12 DE FEBRERO;1;13
5;0;SIN CORREGIMIENTO;0;SIN VEREDA;336;12 DE FEBRERO;2;1
5;0;SIN CORREGIMIENTO;0;SIN VEREDA;370;CAMPO MADRID;1;3
6;0;SIN CORREGIMIENTO;0;SIN VEREDA;99;ALARC‡N;1;2
6;0;SIN CORREGIMIENTO;0;SIN VEREDA;99;ALARC‡N;9;1
6;0;SIN CORREGIMIENTO;0;SIN VEREDA;130;CENTRO;1;4
6;0;SIN CORREGIMIENTO;0;SIN VEREDA;130;CENTRO;9;2
6;0;SIN CORREGIMIENTO;0;SIN VEREDA;135;LA CONCORDIA;1;640
6;0;SIN CORREGIMIENTO;0;SIN VEREDA;135;LA CONCORDIA;2;38
6;0;SIN CORREGIMIENTO;0;SIN VEREDA;135;LA CONCORDIA;9;52
6;0;SIN CORREGIMIENTO;0;SIN VEREDA;137;NUEVO SOTOMAYOR;1;5
6;0;SIN CORREGIMIENTO;0;SIN VEREDA;144;CHORRERAS DE DON JUAN;1;111
6;0;SIN CORREGIMIENTO;0;SIN VEREDA;144;CHORRERAS DE DON JUAN;2;3
6;0;SIN CORREGIMIENTO;0;SIN VEREDA;144;CHORRERAS DE DON JUAN;9;9
6;0;SIN CORREGIMIENTO;0;SIN VEREDA;145;CAMPO HERMOSO;1;3
6;0;SIN CORREGIMIENTO;0;SIN VEREDA;145;CAMPO HERMOSO;9;2
6;0;SIN CORREGIMIENTO;0;SIN VEREDA;156;CANDILES;1;544
6;0;SIN CORREGIMIENTO;0;SIN VEREDA;156;CANDILES;2;17
6;0;SIN CORREGIMIENTO;0;SIN VEREDA;156;CANDILES;9;40
6;0;SIN CORREGIMIENTO;0;SIN VEREDA;157;SAN MIGUEL;1;975
6;0;SIN CORREGIMIENTO;0;SIN VEREDA;157;SAN MIGUEL;2;48
6;0;SIN CORREGIMIENTO;0;SIN VEREDA;157;SAN MIGUEL;9;67
6;0;SIN CORREGIMIENTO;0;SIN VEREDA;158;GOMEZ NI•O;1;35
6;0;SIN CORREGIMIENTO;0;SIN VEREDA;158;GOMEZ NI•O;2;2
6;0;SIN CORREGIMIENTO;0;SIN VEREDA;158;GOMEZ NI•O;9;7
6;0;SIN CORREGIMIENTO;0;SIN VEREDA;159;RICAURTE;1;540
6;0;SIN CORREGIMIENTO;0;SIN VEREDA;159;RICAURTE;2;20
6;0;SIN CORREGIMIENTO;0;SIN VEREDA;159;RICAURTE;9;41
6;0;SIN CORREGIMIENTO;0;SIN VEREDA;160;LA CEIBA;1;18
6;0;SIN CORREGIMIENTO;0;SIN VEREDA;162;CIUDADELA REAL DE MINAS ;1;1
6;0;SIN CORREGIMIENTO;0;SIN VEREDA;180;CANELOS;1;6
6;0;SIN CORREGIMIENTO;0;SIN VEREDA;191;LA VICTORIA;1;43
6;0;SIN CORREGIMIENTO;0;SIN VEREDA;191;LA VICTORIA;2;3
6;0;SIN CORREGIMIENTO;0;SIN VEREDA;191;LA VICTORIA;9;8
6;0;SIN CORREGIMIENTO;0;SIN VEREDA;194;CORDONCILLO I;1;9
6;0;SIN CORREGIMIENTO;0;SIN VEREDA;195;PABLO VI;1;10
6;0;SIN CORREGIMIENTO;0;SIN VEREDA;195;PABLO VI;2;1
6;0;SIN CORREGIMIENTO;0;SIN VEREDA;195;PABLO VI;9;1
6;0;SIN CORREGIMIENTO;0;SIN VEREDA;274;BOL÷VAR;1;1
6;0;SIN CORREGIMIENTO;0;SIN VEREDA;286;MACAREGUA;1;1
6;0;SIN CORREGIMIENTO;0;SIN VEREDA;286;MACAREGUA;9;1
6;0;SIN CORREGIMIENTO;0;SIN VEREDA;308;LA CU•ITA;1;1
7;0;SIN CORREGIMIENTO;0;SIN VEREDA;131;ANTONIA SANTOS CENTRO;1;2
7;0;SIN CORREGIMIENTO;0;SIN VEREDA;158;GOMEZ NI•O;1;3
7;0;SIN CORREGIMIENTO;0;SIN VEREDA;158;GOMEZ NI•O;9;2
7;0;SIN CORREGIMIENTO;0;SIN VEREDA;159;RICAURTE;1;2
7;0;SIN CORREGIMIENTO;0;SIN VEREDA;162;CIUDADELA REAL DE MINAS ;1;57
7;0;SIN CORREGIMIENTO;0;SIN VEREDA;162;CIUDADELA REAL DE MINAS ;2;6
7;0;SIN CORREGIMIENTO;0;SIN VEREDA;162;CIUDADELA REAL DE MINAS ;9;5
7;0;SIN CORREGIMIENTO;0;SIN VEREDA;163;BALCONCITOS;1;442
7;0;SIN CORREGIMIENTO;0;SIN VEREDA;163;BALCONCITOS;2;18
7;0;SIN CORREGIMIENTO;0;SIN VEREDA;163;BALCONCITOS;9;21
7;0;SIN CORREGIMIENTO;0;SIN VEREDA;164;MUTIS;1;6
7;0;SIN CORREGIMIENTO;0;SIN VEREDA;164;MUTIS;2;1
7;0;SIN CORREGIMIENTO;0;SIN VEREDA;171;CIUDAD BOLIVAR;1;89
7;0;SIN CORREGIMIENTO;0;SIN VEREDA;171;CIUDAD BOLIVAR;2;5
7;0;SIN CORREGIMIENTO;0;SIN VEREDA;171;CIUDAD BOLIVAR;9;5
7;0;SIN CORREGIMIENTO;0;SIN VEREDA;177;LOS ALMENDROS;1;13
7;0;SIN CORREGIMIENTO;0;SIN VEREDA;178;SAN GERARDO I Y II;1;41
7;0;SIN CORREGIMIENTO;0;SIN VEREDA;178;SAN GERARDO I Y II;2;1
7;0;SIN CORREGIMIENTO;0;SIN VEREDA;178;SAN GERARDO I Y II;9;6
7;0;SIN CORREGIMIENTO;0;SIN VEREDA;180;CANELOS;1;2
7;0;SIN CORREGIMIENTO;0;SIN VEREDA;182;BUCARAMANGA;1;17
7;0;SIN CORREGIMIENTO;0;SIN VEREDA;182;BUCARAMANGA;2;1
7;0;SIN CORREGIMIENTO;0;SIN VEREDA;184;LAURELES;1;1
7;0;SIN CORREGIMIENTO;0;SIN VEREDA;187;LOS NARANJOS;1;10
7;0;SIN CORREGIMIENTO;0;SIN VEREDA;189;SAMANES;1;6
7;0;SIN CORREGIMIENTO;0;SIN VEREDA;273;BALCONES DE GRATAMIRA;1;6
7;0;SIN CORREGIMIENTO;0;SIN VEREDA;273;BALCONES DE GRATAMIRA;2;1
7;0;SIN CORREGIMIENTO;0;SIN VEREDA;273;BALCONES DE GRATAMIRA;9;1
7;0;SIN CORREGIMIENTO;0;SIN VEREDA;286;MACAREGUA;1;1
8;0;SIN CORREGIMIENTO;0;SIN VEREDA;12;CAFê MADRID EL TÈNEL;1;2
8;0;SIN CORREGIMIENTO;0;SIN VEREDA;18;5 DE ENERO;1;2
8;0;SIN CORREGIMIENTO;0;SIN VEREDA;35;MINUTO DE DIOS;1;3
8;0;SIN CORREGIMIENTO;0;SIN VEREDA;115;BUENAVISTA;1;3
8;0;SIN CORREGIMIENTO;0;SIN VEREDA;160;LA CEIBA;1;3
8;0;SIN CORREGIMIENTO;0;SIN VEREDA;160;LA CEIBA;2;1
8;0;SIN CORREGIMIENTO;0;SIN VEREDA;178;SAN GERARDO I Y II;1;1736
8;0;SIN CORREGIMIENTO;0;SIN VEREDA;178;SAN GERARDO I Y II;2;105
8;0;SIN CORREGIMIENTO;0;SIN VEREDA;178;SAN GERARDO I Y II;9;164
8;0;SIN CORREGIMIENTO;0;SIN VEREDA;179;COLOMBIA;1;258
8;0;SIN CORREGIMIENTO;0;SIN VEREDA;179;COLOMBIA;2;7
8;0;SIN CORREGIMIENTO;0;SIN VEREDA;179;COLOMBIA;9;22
8;0;SIN CORREGIMIENTO;0;SIN VEREDA;180;CANELOS;1;1087
8;0;SIN CORREGIMIENTO;0;SIN VEREDA;180;CANELOS;2;42
8;0;SIN CORREGIMIENTO;0;SIN VEREDA;180;CANELOS;9;79
8;0;SIN CORREGIMIENTO;0;SIN VEREDA;181;MANZANA 10;1;231
8;0;SIN CORREGIMIENTO;0;SIN VEREDA;181;MANZANA 10;2;22
8;0;SIN CORREGIMIENTO;0;SIN VEREDA;181;MANZANA 10;9;24
8;0;SIN CORREGIMIENTO;0;SIN VEREDA;182;BUCARAMANGA;1;3232
8;0;SIN CORREGIMIENTO;0;SIN VEREDA;182;BUCARAMANGA;2;178
8;0;SIN CORREGIMIENTO;0;SIN VEREDA;182;BUCARAMANGA;9;273
8;0;SIN CORREGIMIENTO;0;SIN VEREDA;183;PE•‡N DEL VALLE;1;5
8;0;SIN CORREGIMIENTO;0;SIN VEREDA;184;LAURELES;1;392
8;0;SIN CORREGIMIENTO;0;SIN VEREDA;184;LAURELES;2;14
8;0;SIN CORREGIMIENTO;0;SIN VEREDA;184;LAURELES;9;51
8;0;SIN CORREGIMIENTO;0;SIN VEREDA;185;CORDONCILLO II;1;272
8;0;SIN CORREGIMIENTO;0;SIN VEREDA;185;CORDONCILLO II;2;9
8;0;SIN CORREGIMIENTO;0;SIN VEREDA;185;CORDONCILLO II;9;24
8;0;SIN CORREGIMIENTO;0;SIN VEREDA;191;LA VICTORIA;1;7
8;0;SIN CORREGIMIENTO;0;SIN VEREDA;194;CORDONCILLO I;1;728
8;0;SIN CORREGIMIENTO;0;SIN VEREDA;194;CORDONCILLO I;2;40
8;0;SIN CORREGIMIENTO;0;SIN VEREDA;194;CORDONCILLO I;9;70
8;0;SIN CORREGIMIENTO;0;SIN VEREDA;195;PABLO VI;1;1957
8;0;SIN CORREGIMIENTO;0;SIN VEREDA;195;PABLO VI;2;116
8;0;SIN CORREGIMIENTO;0;SIN VEREDA;195;PABLO VI;9;158
8;0;SIN CORREGIMIENTO;0;SIN VEREDA;196;AFRIKA;1;219
8;0;SIN CORREGIMIENTO;0;SIN VEREDA;196;AFRIKA;2;18
8;0;SIN CORREGIMIENTO;0;SIN VEREDA;196;AFRIKA;9;24
8;0;SIN CORREGIMIENTO;0;SIN VEREDA;197;20 DE JULIO;1;84
8;0;SIN CORREGIMIENTO;0;SIN VEREDA;197;20 DE JULIO;2;2
8;0;SIN CORREGIMIENTO;0;SIN VEREDA;197;20 DE JULIO;9;11
8;0;SIN CORREGIMIENTO;0;SIN VEREDA;198;EL FONCE;1;7
8;0;SIN CORREGIMIENTO;0;SIN VEREDA;198;EL FONCE;9;1
8;0;SIN CORREGIMIENTO;0;SIN VEREDA;199;JUAN XXIII;1;1064
8;0;SIN CORREGIMIENTO;0;SIN VEREDA;199;JUAN XXIII;2;78
8;0;SIN CORREGIMIENTO;0;SIN VEREDA;199;JUAN XXIII;9;105
8;0;SIN CORREGIMIENTO;0;SIN VEREDA;281;SAN IGNACIO REAL;1;4
8;0;SIN CORREGIMIENTO;0;SIN VEREDA;333;23 DE JUNIO;1;3
8;0;SIN CORREGIMIENTO;0;SIN VEREDA;349;JUAN XXIII CANCHA LA GUACAMAYA;1;40
8;0;SIN CORREGIMIENTO;0;SIN VEREDA;349;JUAN XXIII CANCHA LA GUACAMAYA;2;7
8;0;SIN CORREGIMIENTO;0;SIN VEREDA;349;JUAN XXIII CANCHA LA GUACAMAYA;9;11
9;0;SIN CORREGIMIENTO;0;SIN VEREDA;192;LA SALLE;1;9
9;0;SIN CORREGIMIENTO;0;SIN VEREDA;192;LA SALLE;2;1
9;0;SIN CORREGIMIENTO;0;SIN VEREDA;192;LA SALLE;9;1
9;0;SIN CORREGIMIENTO;0;SIN VEREDA;193;NUEVA GRANADA;1;346
9;0;SIN CORREGIMIENTO;0;SIN VEREDA;193;NUEVA GRANADA;2;14
9;0;SIN CORREGIMIENTO;0;SIN VEREDA;193;NUEVA GRANADA;9;23
9;0;SIN CORREGIMIENTO;0;SIN VEREDA;200;ANTONIA SANTOS SUR;1;96
9;0;SIN CORREGIMIENTO;0;SIN VEREDA;200;ANTONIA SANTOS SUR;2;11
9;0;SIN CORREGIMIENTO;0;SIN VEREDA;200;ANTONIA SANTOS SUR;9;3
9;0;SIN CORREGIMIENTO;0;SIN VEREDA;201;QUEBRADA LA IGLESIA;1;359
9;0;SIN CORREGIMIENTO;0;SIN VEREDA;201;QUEBRADA LA IGLESIA;2;21
9;0;SIN CORREGIMIENTO;0;SIN VEREDA;201;QUEBRADA LA IGLESIA;9;36
9;0;SIN CORREGIMIENTO;0;SIN VEREDA;202;SAN PEDRO;1;614
9;0;SIN CORREGIMIENTO;0;SIN VEREDA;202;SAN PEDRO;2;32
9;0;SIN CORREGIMIENTO;0;SIN VEREDA;202;SAN PEDRO;9;60
9;0;SIN CORREGIMIENTO;0;SIN VEREDA;203;SAN MART÷N;1;1464
9;0;SIN CORREGIMIENTO;0;SIN VEREDA;203;SAN MART÷N;2;98
9;0;SIN CORREGIMIENTO;0;SIN VEREDA;203;SAN MART÷N;9;124
9;0;SIN CORREGIMIENTO;0;SIN VEREDA;204;EL SOL I Y II;1;595
9;0;SIN CORREGIMIENTO;0;SIN VEREDA;204;EL SOL I Y II;2;39
9;0;SIN CORREGIMIENTO;0;SIN VEREDA;204;EL SOL I Y II;9;53
9;0;SIN CORREGIMIENTO;0;SIN VEREDA;205;GUAYACANES;1;6
9;0;SIN CORREGIMIENTO;0;SIN VEREDA;207;LA PEDREGOSA;1;172
9;0;SIN CORREGIMIENTO;0;SIN VEREDA;207;LA PEDREGOSA;2;8
9;0;SIN CORREGIMIENTO;0;SIN VEREDA;207;LA PEDREGOSA;9;7
9;0;SIN CORREGIMIENTO;0;SIN VEREDA;208;DIAMANTE I;1;60
9;0;SIN CORREGIMIENTO;0;SIN VEREDA;208;DIAMANTE I;2;4
9;0;SIN CORREGIMIENTO;0;SIN VEREDA;208;DIAMANTE I;9;1
9;0;SIN CORREGIMIENTO;0;SIN VEREDA;209;LAS CASITAS;1;243
9;0;SIN CORREGIMIENTO;0;SIN VEREDA;209;LAS CASITAS;2;14
9;0;SIN CORREGIMIENTO;0;SIN VEREDA;209;LAS CASITAS;9;22
9;0;SIN CORREGIMIENTO;0;SIN VEREDA;210;VILLA INES;1;12
9;0;SIN CORREGIMIENTO;0;SIN VEREDA;210;VILLA INES;2;1
9;0;SIN CORREGIMIENTO;0;SIN VEREDA;210;VILLA INES;9;1
9;0;SIN CORREGIMIENTO;0;SIN VEREDA;211;ASTURIAS;1;3
9;0;SIN CORREGIMIENTO;0;SIN VEREDA;211;ASTURIAS;9;1
9;0;SIN CORREGIMIENTO;0;SIN VEREDA;213;LA LIBERTAD;1;170
9;0;SIN CORREGIMIENTO;0;SIN VEREDA;213;LA LIBERTAD;2;5
9;0;SIN CORREGIMIENTO;0;SIN VEREDA;213;LA LIBERTAD;9;6
9;0;SIN CORREGIMIENTO;0;SIN VEREDA;239;MANUELA BELTRµN ;1;3
9;0;SIN CORREGIMIENTO;0;SIN VEREDA;239;MANUELA BELTRµN ;9;1
9;0;SIN CORREGIMIENTO;0;SIN VEREDA;288;PORTOFINO;1;1
9;0;SIN CORREGIMIENTO;0;SIN VEREDA;316;MIRADOR DE SAN LORENZO;1;5
10;0;SIN CORREGIMIENTO;0;SIN VEREDA;0;BARRIO_S4;1;3
10;0;SIN CORREGIMIENTO;0;SIN VEREDA;182;BUCARAMANGA;1;3
10;0;SIN CORREGIMIENTO;0;SIN VEREDA;220;DIAMANTE II;1;37
10;0;SIN CORREGIMIENTO;0;SIN VEREDA;220;DIAMANTE II;2;2
10;0;SIN CORREGIMIENTO;0;SIN VEREDA;220;DIAMANTE II;9;4
10;0;SIN CORREGIMIENTO;0;SIN VEREDA;221;SAN LUIS;1;30
10;0;SIN CORREGIMIENTO;0;SIN VEREDA;221;SAN LUIS;2;3
10;0;SIN CORREGIMIENTO;0;SIN VEREDA;221;SAN LUIS;9;3
10;0;SIN CORREGIMIENTO;0;SIN VEREDA;222;PROVENZA;1;51
10;0;SIN CORREGIMIENTO;0;SIN VEREDA;222;PROVENZA;2;3
10;0;SIN CORREGIMIENTO;0;SIN VEREDA;222;PROVENZA;9;3
10;0;SIN CORREGIMIENTO;0;SIN VEREDA;225;EL CRISTAL;1;3102
10;0;SIN CORREGIMIENTO;0;SIN VEREDA;225;EL CRISTAL;2;163
10;0;SIN CORREGIMIENTO;0;SIN VEREDA;225;EL CRISTAL;9;342
10;0;SIN CORREGIMIENTO;0;SIN VEREDA;226;GRANJAS DE PROVENZA;1;1030
10;0;SIN CORREGIMIENTO;0;SIN VEREDA;226;GRANJAS DE PROVENZA;2;71
10;0;SIN CORREGIMIENTO;0;SIN VEREDA;226;GRANJAS DE PROVENZA;9;130
10;0;SIN CORREGIMIENTO;0;SIN VEREDA;227;GRANJAS DE JULIO RINC‡N;1;1
10;0;SIN CORREGIMIENTO;0;SIN VEREDA;228;EL ROCIO;1;1
10;0;SIN CORREGIMIENTO;0;SIN VEREDA;233;"LUZ DE SALVACI‡N BAJO		";1;109
10;0;SIN CORREGIMIENTO;0;SIN VEREDA;233;"LUZ DE SALVACI‡N BAJO		";2;2
10;0;SIN CORREGIMIENTO;0;SIN VEREDA;233;"LUZ DE SALVACI‡N BAJO		";9;9
10;0;SIN CORREGIMIENTO;0;SIN VEREDA;234;DELICIAS ALTAS Y BAJAS SUR;1;3
10;0;SIN CORREGIMIENTO;0;SIN VEREDA;234;DELICIAS ALTAS Y BAJAS SUR;9;1
10;0;SIN CORREGIMIENTO;0;SIN VEREDA;243;CIUDAD VENECIA ;1;4
10;0;SIN CORREGIMIENTO;0;SIN VEREDA;243;CIUDAD VENECIA ;9;1
10;0;SIN CORREGIMIENTO;0;SIN VEREDA;284;FONTANA;1;10
10;0;SIN CORREGIMIENTO;0;SIN VEREDA;284;FONTANA;9;2
10;0;SIN CORREGIMIENTO;0;SIN VEREDA;317;NUEVA FONTANA;1;8
10;0;SIN CORREGIMIENTO;0;SIN VEREDA;326;VIVEROS DE PROVENZA;1;406
10;0;SIN CORREGIMIENTO;0;SIN VEREDA;326;VIVEROS DE PROVENZA;2;18
10;0;SIN CORREGIMIENTO;0;SIN VEREDA;326;VIVEROS DE PROVENZA;9;39
10;0;SIN CORREGIMIENTO;0;SIN VEREDA;327;LUZ DE SALVACI‡N ALTO;1;1781
10;0;SIN CORREGIMIENTO;0;SIN VEREDA;327;LUZ DE SALVACI‡N ALTO;2;114
10;0;SIN CORREGIMIENTO;0;SIN VEREDA;327;LUZ DE SALVACI‡N ALTO;9;221
10;0;SIN CORREGIMIENTO;0;SIN VEREDA;331;BRISAS DE PROVENZA ;1;1143
10;0;SIN CORREGIMIENTO;0;SIN VEREDA;331;BRISAS DE PROVENZA ;2;65
10;0;SIN CORREGIMIENTO;0;SIN VEREDA;331;BRISAS DE PROVENZA ;9;153
11;0;SIN CORREGIMIENTO;0;SIN VEREDA;9;LAS DELICIAS;1;3
11;0;SIN CORREGIMIENTO;0;SIN VEREDA;12;CAFê MADRID EL TÈNEL;1;5
11;0;SIN CORREGIMIENTO;0;SIN VEREDA;142;ALFONSO L‡PEZ;1;1
11;0;SIN CORREGIMIENTO;0;SIN VEREDA;174;EL BUENO;1;5
11;0;SIN CORREGIMIENTO;0;SIN VEREDA;174;EL BUENO;9;2
11;0;SIN CORREGIMIENTO;0;SIN VEREDA;194;CORDONCILLO I;1;1
11;0;SIN CORREGIMIENTO;0;SIN VEREDA;222;PROVENZA;1;4
11;0;SIN CORREGIMIENTO;0;SIN VEREDA;223;PORVENIR BAJO;1;29
11;0;SIN CORREGIMIENTO;0;SIN VEREDA;223;PORVENIR BAJO;2;2
11;0;SIN CORREGIMIENTO;0;SIN VEREDA;223;PORVENIR BAJO;9;2
11;0;SIN CORREGIMIENTO;0;SIN VEREDA;225;EL CRISTAL;1;2
11;0;SIN CORREGIMIENTO;0;SIN VEREDA;226;GRANJAS DE PROVENZA;1;21
11;0;SIN CORREGIMIENTO;0;SIN VEREDA;226;GRANJAS DE PROVENZA;2;1
11;0;SIN CORREGIMIENTO;0;SIN VEREDA;227;GRANJAS DE JULIO RINC‡N;1;631
11;0;SIN CORREGIMIENTO;0;SIN VEREDA;227;GRANJAS DE JULIO RINC‡N;2;36
11;0;SIN CORREGIMIENTO;0;SIN VEREDA;227;GRANJAS DE JULIO RINC‡N;9;48
11;0;SIN CORREGIMIENTO;0;SIN VEREDA;228;EL ROCIO;1;745
11;0;SIN CORREGIMIENTO;0;SIN VEREDA;228;EL ROCIO;2;32
11;0;SIN CORREGIMIENTO;0;SIN VEREDA;228;EL ROCIO;9;36
11;0;SIN CORREGIMIENTO;0;SIN VEREDA;229;VILLA SARA;1;17
11;0;SIN CORREGIMIENTO;0;SIN VEREDA;229;VILLA SARA;9;4
11;0;SIN CORREGIMIENTO;0;SIN VEREDA;230;VILLA ALICIA;1;20
11;0;SIN CORREGIMIENTO;0;SIN VEREDA;230;VILLA ALICIA;2;3
11;0;SIN CORREGIMIENTO;0;SIN VEREDA;230;VILLA ALICIA;9;1
11;0;SIN CORREGIMIENTO;0;SIN VEREDA;231;TOLEDO PLATA ;1;608
11;0;SIN CORREGIMIENTO;0;SIN VEREDA;231;TOLEDO PLATA ;2;26
11;0;SIN CORREGIMIENTO;0;SIN VEREDA;231;TOLEDO PLATA ;9;38
11;0;SIN CORREGIMIENTO;0;SIN VEREDA;232;DANGOND;1;458
11;0;SIN CORREGIMIENTO;0;SIN VEREDA;232;DANGOND;2;12
11;0;SIN CORREGIMIENTO;0;SIN VEREDA;232;DANGOND;9;34
11;0;SIN CORREGIMIENTO;0;SIN VEREDA;233;"LUZ DE SALVACI‡N BAJO		";1;630
11;0;SIN CORREGIMIENTO;0;SIN VEREDA;233;"LUZ DE SALVACI‡N BAJO		";2;45
11;0;SIN CORREGIMIENTO;0;SIN VEREDA;233;"LUZ DE SALVACI‡N BAJO		";9;81
11;0;SIN CORREGIMIENTO;0;SIN VEREDA;234;DELICIAS ALTAS Y BAJAS SUR;1;116
11;0;SIN CORREGIMIENTO;0;SIN VEREDA;234;DELICIAS ALTAS Y BAJAS SUR;2;8
11;0;SIN CORREGIMIENTO;0;SIN VEREDA;234;DELICIAS ALTAS Y BAJAS SUR;9;9
11;0;SIN CORREGIMIENTO;0;SIN VEREDA;236;VILLA CANDADO;1;58
11;0;SIN CORREGIMIENTO;0;SIN VEREDA;236;VILLA CANDADO;2;2
11;0;SIN CORREGIMIENTO;0;SIN VEREDA;236;VILLA CANDADO;9;3
11;0;SIN CORREGIMIENTO;0;SIN VEREDA;237;MALPASO;1;310
11;0;SIN CORREGIMIENTO;0;SIN VEREDA;237;MALPASO;2;21
11;0;SIN CORREGIMIENTO;0;SIN VEREDA;237;MALPASO;9;26
11;0;SIN CORREGIMIENTO;0;SIN VEREDA;238;EL PORVENIR;1;265
11;0;SIN CORREGIMIENTO;0;SIN VEREDA;238;EL PORVENIR;2;15
11;0;SIN CORREGIMIENTO;0;SIN VEREDA;238;EL PORVENIR;9;19
11;0;SIN CORREGIMIENTO;0;SIN VEREDA;239;MANUELA BELTRµN ;1;1253
11;0;SIN CORREGIMIENTO;0;SIN VEREDA;239;MANUELA BELTRµN ;2;63
11;0;SIN CORREGIMIENTO;0;SIN VEREDA;239;MANUELA BELTRµN ;9;94
11;0;SIN CORREGIMIENTO;0;SIN VEREDA;240;IGSABELAR;1;170
11;0;SIN CORREGIMIENTO;0;SIN VEREDA;240;IGSABELAR;2;7
11;0;SIN CORREGIMIENTO;0;SIN VEREDA;240;IGSABELAR;9;9
11;0;SIN CORREGIMIENTO;0;SIN VEREDA;241;SANTAMAR÷A;1;890
11;0;SIN CORREGIMIENTO;0;SIN VEREDA;241;SANTAMAR÷A;2;34
11;0;SIN CORREGIMIENTO;0;SIN VEREDA;241;SANTAMAR÷A;9;68
11;0;SIN CORREGIMIENTO;0;SIN VEREDA;242;COAVICONSA;1;58
11;0;SIN CORREGIMIENTO;0;SIN VEREDA;242;COAVICONSA;2;3
11;0;SIN CORREGIMIENTO;0;SIN VEREDA;242;COAVICONSA;9;3
11;0;SIN CORREGIMIENTO;0;SIN VEREDA;243;CIUDAD VENECIA ;1;403
11;0;SIN CORREGIMIENTO;0;SIN VEREDA;243;CIUDAD VENECIA ;2;15
11;0;SIN CORREGIMIENTO;0;SIN VEREDA;243;CIUDAD VENECIA ;9;27
11;0;SIN CORREGIMIENTO;0;SIN VEREDA;244;VILLA FLOR;1;36
11;0;SIN CORREGIMIENTO;0;SIN VEREDA;244;VILLA FLOR;2;2
11;0;SIN CORREGIMIENTO;0;SIN VEREDA;290;LOS CONQUISTADORES;1;756
11;0;SIN CORREGIMIENTO;0;SIN VEREDA;290;LOS CONQUISTADORES;2;56
11;0;SIN CORREGIMIENTO;0;SIN VEREDA;290;LOS CONQUISTADORES;9;87
11;0;SIN CORREGIMIENTO;0;SIN VEREDA;326;VIVEROS DE PROVENZA;1;10
11;0;SIN CORREGIMIENTO;0;SIN VEREDA;326;VIVEROS DE PROVENZA;2;1
11;0;SIN CORREGIMIENTO;0;SIN VEREDA;331;BRISAS DE PROVENZA ;1;14
11;0;SIN CORREGIMIENTO;0;SIN VEREDA;331;BRISAS DE PROVENZA ;2;1
11;0;SIN CORREGIMIENTO;0;SIN VEREDA;331;BRISAS DE PROVENZA ;9;4
11;0;SIN CORREGIMIENTO;0;SIN VEREDA;340;GRANJAS REAGAN;1;583
11;0;SIN CORREGIMIENTO;0;SIN VEREDA;340;GRANJAS REAGAN;2;38
11;0;SIN CORREGIMIENTO;0;SIN VEREDA;340;GRANJAS REAGAN;9;79
11;0;SIN CORREGIMIENTO;0;SIN VEREDA;344;BALCONES DEL SUR;1;645
11;0;SIN CORREGIMIENTO;0;SIN VEREDA;344;BALCONES DEL SUR;2;38
11;0;SIN CORREGIMIENTO;0;SIN VEREDA;344;BALCONES DEL SUR;9;88
11;0;SIN CORREGIMIENTO;0;SIN VEREDA;346;JARDINES DE ALTAGRACIA;1;1
11;0;SIN CORREGIMIENTO;0;SIN VEREDA;347;BRISAS DEL PARA÷SO ;1;788
11;0;SIN CORREGIMIENTO;0;SIN VEREDA;347;BRISAS DEL PARA÷SO ;2;38
11;0;SIN CORREGIMIENTO;0;SIN VEREDA;347;BRISAS DEL PARA÷SO ;9;91
11;0;SIN CORREGIMIENTO;0;SIN VEREDA;352;VILLAREAL;1;685
11;0;SIN CORREGIMIENTO;0;SIN VEREDA;352;VILLAREAL;2;41
11;0;SIN CORREGIMIENTO;0;SIN VEREDA;352;VILLAREAL;9;80
11;0;SIN CORREGIMIENTO;0;SIN VEREDA;361;VILLAS DEL NOGAL;1;810
11;0;SIN CORREGIMIENTO;0;SIN VEREDA;361;VILLAS DEL NOGAL;2;66
11;0;SIN CORREGIMIENTO;0;SIN VEREDA;361;VILLAS DEL NOGAL;9;102
11;0;SIN CORREGIMIENTO;0;SIN VEREDA;362;PUNTA PARAISO;1;780
11;0;SIN CORREGIMIENTO;0;SIN VEREDA;362;PUNTA PARAISO;2;37
11;0;SIN CORREGIMIENTO;0;SIN VEREDA;362;PUNTA PARAISO;9;88
11;0;SIN CORREGIMIENTO;0;SIN VEREDA;367;BRISAS DEL PALMAR;1;206
11;0;SIN CORREGIMIENTO;0;SIN VEREDA;367;BRISAS DEL PALMAR;2;12
11;0;SIN CORREGIMIENTO;0;SIN VEREDA;367;BRISAS DEL PALMAR;9;21
11;0;SIN CORREGIMIENTO;0;SIN VEREDA;999999;BARRIO_S4;1;9
11;0;SIN CORREGIMIENTO;0;SIN VEREDA;999999;BARRIO_S4;9;2
12;0;SIN CORREGIMIENTO;0;SIN VEREDA;121;QUEBRADA PAN DE AZÈCAR;1;13
12;0;SIN CORREGIMIENTO;0;SIN VEREDA;121;QUEBRADA PAN DE AZÈCAR;9;1
12;0;SIN CORREGIMIENTO;0;SIN VEREDA;123;CABECERA DEL LLANO;1;3
12;0;SIN CORREGIMIENTO;0;SIN VEREDA;126;PAN DE AZUCAR;1;5
12;0;SIN CORREGIMIENTO;0;SIN VEREDA;126;PAN DE AZUCAR;2;2
12;0;SIN CORREGIMIENTO;0;SIN VEREDA;135;LA CONCORDIA;1;11
12;0;SIN CORREGIMIENTO;0;SIN VEREDA;135;LA CONCORDIA;2;1
12;0;SIN CORREGIMIENTO;0;SIN VEREDA;135;LA CONCORDIA;9;3
12;0;SIN CORREGIMIENTO;0;SIN VEREDA;136;SOTOMAYOR;1;13
12;0;SIN CORREGIMIENTO;0;SIN VEREDA;136;SOTOMAYOR;2;1
12;0;SIN CORREGIMIENTO;0;SIN VEREDA;136;SOTOMAYOR;9;1
12;0;SIN CORREGIMIENTO;0;SIN VEREDA;138;BOLARQUI;1;3
12;0;SIN CORREGIMIENTO;0;SIN VEREDA;138;BOLARQUI;2;1
12;0;SIN CORREGIMIENTO;0;SIN VEREDA;139;MERCEDES;1;6
12;0;SIN CORREGIMIENTO;0;SIN VEREDA;139;MERCEDES;9;2
12;0;SIN CORREGIMIENTO;0;SIN VEREDA;140;CONUCOS;1;4
12;0;SIN CORREGIMIENTO;0;SIN VEREDA;161;PUERTA DEL SOL;1;1
12;0;SIN CORREGIMIENTO;0;SIN VEREDA;161;PUERTA DEL SOL;9;1
12;0;SIN CORREGIMIENTO;0;SIN VEREDA;201;QUEBRADA LA IGLESIA;1;5
13;0;SIN CORREGIMIENTO;0;SIN VEREDA;2;EL PAULON VILLA LINA;1;2
13;0;SIN CORREGIMIENTO;0;SIN VEREDA;2;EL PAULON VILLA LINA;9;1
13;0;SIN CORREGIMIENTO;0;SIN VEREDA;3;COLORADOS;1;7
13;0;SIN CORREGIMIENTO;0;SIN VEREDA;3;COLORADOS;9;1
13;0;SIN CORREGIMIENTO;0;SIN VEREDA;32;MAR÷A PAZ;1;4
13;0;SIN CORREGIMIENTO;0;SIN VEREDA;32;MAR÷A PAZ;2;1
13;0;SIN CORREGIMIENTO;0;SIN VEREDA;51;LIZCANO I Y II;1;10
13;0;SIN CORREGIMIENTO;0;SIN VEREDA;51;LIZCANO I Y II;9;3
13;0;SIN CORREGIMIENTO;0;SIN VEREDA;67;TRANSICI‡N I AL V;1;5
13;0;SIN CORREGIMIENTO;0;SIN VEREDA;75;SAN RAFAEL;1;1
13;0;SIN CORREGIMIENTO;0;SIN VEREDA;76;CHAPINERO;1;1
13;0;SIN CORREGIMIENTO;0;SIN VEREDA;79;LA FERIA;1;3
13;0;SIN CORREGIMIENTO;0;SIN VEREDA;95;COMUNEROS;1;1
13;0;SIN CORREGIMIENTO;0;SIN VEREDA;98;SAN FRANCISCO;1;1
13;0;SIN CORREGIMIENTO;0;SIN VEREDA;99;ALARC‡N;2;1
13;0;SIN CORREGIMIENTO;0;SIN VEREDA;100;SAN ALONSO;1;139
13;0;SIN CORREGIMIENTO;0;SIN VEREDA;100;SAN ALONSO;2;9
13;0;SIN CORREGIMIENTO;0;SIN VEREDA;100;SAN ALONSO;9;9
13;0;SIN CORREGIMIENTO;0;SIN VEREDA;102;LOS PINOS;1;3
13;0;SIN CORREGIMIENTO;0;SIN VEREDA;102;LOS PINOS;9;1
13;0;SIN CORREGIMIENTO;0;SIN VEREDA;104;EL VENADO DE ORO MORRORRICO;1;1
13;0;SIN CORREGIMIENTO;0;SIN VEREDA;107;LOS SAUCES;1;210
13;0;SIN CORREGIMIENTO;0;SIN VEREDA;107;LOS SAUCES;2;11
13;0;SIN CORREGIMIENTO;0;SIN VEREDA;107;LOS SAUCES;9;25
13;0;SIN CORREGIMIENTO;0;SIN VEREDA;110;MORRORRICO;1;3
13;0;SIN CORREGIMIENTO;0;SIN VEREDA;112;EL DIVISO;1;2
13;0;SIN CORREGIMIENTO;0;SIN VEREDA;112;EL DIVISO;9;1
13;0;SIN CORREGIMIENTO;0;SIN VEREDA;113;PUERTO RICO;1;269
13;0;SIN CORREGIMIENTO;0;SIN VEREDA;113;PUERTO RICO;2;11
13;0;SIN CORREGIMIENTO;0;SIN VEREDA;113;PUERTO RICO;9;26
13;0;SIN CORREGIMIENTO;0;SIN VEREDA;116;MIRAFLORES;1;6
13;0;SIN CORREGIMIENTO;0;SIN VEREDA;116;MIRAFLORES;9;2
13;0;SIN CORREGIMIENTO;0;SIN VEREDA;117;ALBANIA;1;22
13;0;SIN CORREGIMIENTO;0;SIN VEREDA;117;ALBANIA;2;3
13;0;SIN CORREGIMIENTO;0;SIN VEREDA;117;ALBANIA;9;3
13;0;SIN CORREGIMIENTO;0;SIN VEREDA;118;LAS AMêRICAS;1;2
13;0;SIN CORREGIMIENTO;0;SIN VEREDA;119;GALµN;1;11
13;0;SIN CORREGIMIENTO;0;SIN VEREDA;120;µLVAREZ;1;94
13;0;SIN CORREGIMIENTO;0;SIN VEREDA;120;µLVAREZ;2;8
13;0;SIN CORREGIMIENTO;0;SIN VEREDA;120;µLVAREZ;9;6
13;0;SIN CORREGIMIENTO;0;SIN VEREDA;122;EL PRADO;1;12
13;0;SIN CORREGIMIENTO;0;SIN VEREDA;122;EL PRADO;2;1
13;0;SIN CORREGIMIENTO;0;SIN VEREDA;122;EL PRADO;9;1
13;0;SIN CORREGIMIENTO;0;SIN VEREDA;130;CENTRO;1;48
13;0;SIN CORREGIMIENTO;0;SIN VEREDA;130;CENTRO;2;5
13;0;SIN CORREGIMIENTO;0;SIN VEREDA;130;CENTRO;9;6
13;0;SIN CORREGIMIENTO;0;SIN VEREDA;131;ANTONIA SANTOS CENTRO;1;232
13;0;SIN CORREGIMIENTO;0;SIN VEREDA;131;ANTONIA SANTOS CENTRO;2;19
13;0;SIN CORREGIMIENTO;0;SIN VEREDA;131;ANTONIA SANTOS CENTRO;9;19
13;0;SIN CORREGIMIENTO;0;SIN VEREDA;132;MEJORAS PUBLICAS;1;5
13;0;SIN CORREGIMIENTO;0;SIN VEREDA;132;MEJORAS PUBLICAS;2;1
13;0;SIN CORREGIMIENTO;0;SIN VEREDA;133;LA AURORA;1;9
13;0;SIN CORREGIMIENTO;0;SIN VEREDA;133;LA AURORA;2;1
13;0;SIN CORREGIMIENTO;0;SIN VEREDA;133;LA AURORA;9;3
13;0;SIN CORREGIMIENTO;0;SIN VEREDA;136;SOTOMAYOR;1;3
13;0;SIN CORREGIMIENTO;0;SIN VEREDA;142;ALFONSO L‡PEZ;1;3
13;0;SIN CORREGIMIENTO;0;SIN VEREDA;143;LA JOYA;1;2
13;0;SIN CORREGIMIENTO;0;SIN VEREDA;145;CAMPO HERMOSO;1;8
13;0;SIN CORREGIMIENTO;0;SIN VEREDA;145;CAMPO HERMOSO;9;2
13;0;SIN CORREGIMIENTO;0;SIN VEREDA;154;EL PANTANO II;1;5
13;0;SIN CORREGIMIENTO;0;SIN VEREDA;164;MUTIS;2;1
13;0;SIN CORREGIMIENTO;0;SIN VEREDA;173;ESTORAQUES;1;11
13;0;SIN CORREGIMIENTO;0;SIN VEREDA;173;ESTORAQUES;9;1
13;0;SIN CORREGIMIENTO;0;SIN VEREDA;178;SAN GERARDO I Y II;1;3
13;0;SIN CORREGIMIENTO;0;SIN VEREDA;178;SAN GERARDO I Y II;2;1
13;0;SIN CORREGIMIENTO;0;SIN VEREDA;179;COLOMBIA;1;5
13;0;SIN CORREGIMIENTO;0;SIN VEREDA;182;BUCARAMANGA;1;2
13;0;SIN CORREGIMIENTO;0;SIN VEREDA;182;BUCARAMANGA;9;2
13;0;SIN CORREGIMIENTO;0;SIN VEREDA;184;LAURELES;1;8
13;0;SIN CORREGIMIENTO;0;SIN VEREDA;184;LAURELES;2;1
13;0;SIN CORREGIMIENTO;0;SIN VEREDA;184;LAURELES;9;3
13;0;SIN CORREGIMIENTO;0;SIN VEREDA;196;AFRIKA;1;2
13;0;SIN CORREGIMIENTO;0;SIN VEREDA;200;ANTONIA SANTOS SUR;1;7
13;0;SIN CORREGIMIENTO;0;SIN VEREDA;200;ANTONIA SANTOS SUR;9;2
13;0;SIN CORREGIMIENTO;0;SIN VEREDA;202;SAN PEDRO;1;4
13;0;SIN CORREGIMIENTO;0;SIN VEREDA;202;SAN PEDRO;9;1
13;0;SIN CORREGIMIENTO;0;SIN VEREDA;222;PROVENZA;1;1
13;0;SIN CORREGIMIENTO;0;SIN VEREDA;222;PROVENZA;2;1
13;0;SIN CORREGIMIENTO;0;SIN VEREDA;233;"LUZ DE SALVACI‡N BAJO		";1;4
13;0;SIN CORREGIMIENTO;0;SIN VEREDA;233;"LUZ DE SALVACI‡N BAJO		";2;1
13;0;SIN CORREGIMIENTO;0;SIN VEREDA;239;MANUELA BELTRµN ;1;1
13;0;SIN CORREGIMIENTO;0;SIN VEREDA;239;MANUELA BELTRµN ;9;1
13;0;SIN CORREGIMIENTO;0;SIN VEREDA;274;BOL÷VAR;1;43
13;0;SIN CORREGIMIENTO;0;SIN VEREDA;274;BOL÷VAR;2;2
13;0;SIN CORREGIMIENTO;0;SIN VEREDA;278;12 DE OCTUBRE;1;10
13;0;SIN CORREGIMIENTO;0;SIN VEREDA;322;QUINTA BRIGADA;1;91
13;0;SIN CORREGIMIENTO;0;SIN VEREDA;322;QUINTA BRIGADA;2;6
13;0;SIN CORREGIMIENTO;0;SIN VEREDA;322;QUINTA BRIGADA;9;2
13;0;SIN CORREGIMIENTO;0;SIN VEREDA;327;LUZ DE SALVACI‡N ALTO;1;3
13;0;SIN CORREGIMIENTO;0;SIN VEREDA;328;CAMPESTRE NORTE ;1;3
13;0;SIN CORREGIMIENTO;0;SIN VEREDA;331;BRISAS DE PROVENZA ;1;2
13;0;SIN CORREGIMIENTO;0;SIN VEREDA;331;BRISAS DE PROVENZA ;2;1
13;0;SIN CORREGIMIENTO;0;SIN VEREDA;340;GRANJAS REAGAN;1;1
13;0;SIN CORREGIMIENTO;0;SIN VEREDA;345;PASEO DE LA FERIA;1;1
13;0;SIN CORREGIMIENTO;0;SIN VEREDA;368;URBANIZACI‡N LA INMACULADA;1;12
13;0;SIN CORREGIMIENTO;0;SIN VEREDA;368;URBANIZACI‡N LA INMACULADA;2;2
13;0;SIN CORREGIMIENTO;0;SIN VEREDA;368;URBANIZACI‡N LA INMACULADA;9;1
13;0;SIN CORREGIMIENTO;0;SIN VEREDA;999999;BARRIO_S4;1;3
14;0;SIN CORREGIMIENTO;0;SIN VEREDA;0;BARRIO_S4;1;2
14;0;SIN CORREGIMIENTO;0;SIN VEREDA;0;BARRIO_S4;9;1
14;0;SIN CORREGIMIENTO;0;SIN VEREDA;40;MIRAMAR;1;2
14;0;SIN CORREGIMIENTO;0;SIN VEREDA;102;LOS PINOS;1;3
14;0;SIN CORREGIMIENTO;0;SIN VEREDA;103;LA FLORA MORRORRICO;1;2
14;0;SIN CORREGIMIENTO;0;SIN VEREDA;104;EL VENADO DE ORO MORRORRICO;1;340
14;0;SIN CORREGIMIENTO;0;SIN VEREDA;104;EL VENADO DE ORO MORRORRICO;2;21
14;0;SIN CORREGIMIENTO;0;SIN VEREDA;104;EL VENADO DE ORO MORRORRICO;9;29
14;0;SIN CORREGIMIENTO;0;SIN VEREDA;105;LA MALA•A;1;304
14;0;SIN CORREGIMIENTO;0;SIN VEREDA;105;LA MALA•A;2;12
14;0;SIN CORREGIMIENTO;0;SIN VEREDA;105;LA MALA•A;9;24
14;0;SIN CORREGIMIENTO;0;SIN VEREDA;107;LOS SAUCES;1;35
14;0;SIN CORREGIMIENTO;0;SIN VEREDA;107;LOS SAUCES;2;3
14;0;SIN CORREGIMIENTO;0;SIN VEREDA;107;LOS SAUCES;9;6
14;0;SIN CORREGIMIENTO;0;SIN VEREDA;108;LIMONCITO MORRORRICO;1;1053
14;0;SIN CORREGIMIENTO;0;SIN VEREDA;108;LIMONCITO MORRORRICO;2;78
14;0;SIN CORREGIMIENTO;0;SIN VEREDA;108;LIMONCITO MORRORRICO;9;131
14;0;SIN CORREGIMIENTO;0;SIN VEREDA;109;VEGAS DE MORRORRICO;1;672
14;0;SIN CORREGIMIENTO;0;SIN VEREDA;109;VEGAS DE MORRORRICO;2;37
14;0;SIN CORREGIMIENTO;0;SIN VEREDA;109;VEGAS DE MORRORRICO;9;57
14;0;SIN CORREGIMIENTO;0;SIN VEREDA;110;MORRORRICO;1;344
14;0;SIN CORREGIMIENTO;0;SIN VEREDA;110;MORRORRICO;2;41
14;0;SIN CORREGIMIENTO;0;SIN VEREDA;110;MORRORRICO;9;36
14;0;SIN CORREGIMIENTO;0;SIN VEREDA;112;EL DIVISO;1;1007
14;0;SIN CORREGIMIENTO;0;SIN VEREDA;112;EL DIVISO;2;63
14;0;SIN CORREGIMIENTO;0;SIN VEREDA;112;EL DIVISO;9;110
14;0;SIN CORREGIMIENTO;0;SIN VEREDA;114;BUENOS AIRES;1;2927
14;0;SIN CORREGIMIENTO;0;SIN VEREDA;114;BUENOS AIRES;2;214
14;0;SIN CORREGIMIENTO;0;SIN VEREDA;114;BUENOS AIRES;9;335
14;0;SIN CORREGIMIENTO;0;SIN VEREDA;115;BUENAVISTA;1;1258
14;0;SIN CORREGIMIENTO;0;SIN VEREDA;115;BUENAVISTA;2;110
14;0;SIN CORREGIMIENTO;0;SIN VEREDA;115;BUENAVISTA;9;146
14;0;SIN CORREGIMIENTO;0;SIN VEREDA;116;MIRAFLORES;1;2888
14;0;SIN CORREGIMIENTO;0;SIN VEREDA;116;MIRAFLORES;2;245
14;0;SIN CORREGIMIENTO;0;SIN VEREDA;116;MIRAFLORES;9;326
14;0;SIN CORREGIMIENTO;0;SIN VEREDA;117;ALBANIA;1;2322
14;0;SIN CORREGIMIENTO;0;SIN VEREDA;117;ALBANIA;2;131
14;0;SIN CORREGIMIENTO;0;SIN VEREDA;117;ALBANIA;9;232
14;0;SIN CORREGIMIENTO;0;SIN VEREDA;142;ALFONSO L‡PEZ;1;1
14;0;SIN CORREGIMIENTO;0;SIN VEREDA;360;EL RETIRO MORRORRICO;1;1030
14;0;SIN CORREGIMIENTO;0;SIN VEREDA;360;EL RETIRO MORRORRICO;2;155
14;0;SIN CORREGIMIENTO;0;SIN VEREDA;360;EL RETIRO MORRORRICO;9;122
14;0;SIN CORREGIMIENTO;0;SIN VEREDA;369;MIRAMANGA;1;476
14;0;SIN CORREGIMIENTO;0;SIN VEREDA;369;MIRAMANGA;2;33
14;0;SIN CORREGIMIENTO;0;SIN VEREDA;369;MIRAMANGA;9;54
15;0;SIN CORREGIMIENTO;0;SIN VEREDA;82;GIRARDOT;1;1
15;0;SIN CORREGIMIENTO;0;SIN VEREDA;130;CENTRO;1;219
15;0;SIN CORREGIMIENTO;0;SIN VEREDA;130;CENTRO;2;24
15;0;SIN CORREGIMIENTO;0;SIN VEREDA;130;CENTRO;9;15
15;0;SIN CORREGIMIENTO;0;SIN VEREDA;131;ANTONIA SANTOS CENTRO;1;12
15;0;SIN CORREGIMIENTO;0;SIN VEREDA;131;ANTONIA SANTOS CENTRO;2;1
15;0;SIN CORREGIMIENTO;0;SIN VEREDA;131;ANTONIA SANTOS CENTRO;9;1
15;0;SIN CORREGIMIENTO;0;SIN VEREDA;139;MERCEDES;1;5
15;0;SIN CORREGIMIENTO;0;SIN VEREDA;139;MERCEDES;2;1
15;0;SIN CORREGIMIENTO;0;SIN VEREDA;141;GARC÷A ROVIRA;1;102
15;0;SIN CORREGIMIENTO;0;SIN VEREDA;141;GARC÷A ROVIRA;2;8
15;0;SIN CORREGIMIENTO;0;SIN VEREDA;141;GARC÷A ROVIRA;9;15
15;0;SIN CORREGIMIENTO;0;SIN VEREDA;142;ALFONSO L‡PEZ;1;29
15;0;SIN CORREGIMIENTO;0;SIN VEREDA;142;ALFONSO L‡PEZ;2;4
15;0;SIN CORREGIMIENTO;0;SIN VEREDA;142;ALFONSO L‡PEZ;9;3
15;0;SIN CORREGIMIENTO;0;SIN VEREDA;143;LA JOYA;1;1
15;0;SIN CORREGIMIENTO;0;SIN VEREDA;144;CHORRERAS DE DON JUAN;1;5
15;0;SIN CORREGIMIENTO;0;SIN VEREDA;274;BOL÷VAR;1;2
16;0;SIN CORREGIMIENTO;0;SIN VEREDA;203;SAN MART÷N;1;3
16;0;SIN CORREGIMIENTO;0;SIN VEREDA;205;GUAYACANES;1;170
16;0;SIN CORREGIMIENTO;0;SIN VEREDA;205;GUAYACANES;2;13
16;0;SIN CORREGIMIENTO;0;SIN VEREDA;205;GUAYACANES;9;17
16;0;SIN CORREGIMIENTO;0;SIN VEREDA;207;LA PEDREGOSA;1;155
16;0;SIN CORREGIMIENTO;0;SIN VEREDA;207;LA PEDREGOSA;2;5
16;0;SIN CORREGIMIENTO;0;SIN VEREDA;207;LA PEDREGOSA;9;11
16;0;SIN CORREGIMIENTO;0;SIN VEREDA;215;PORTON DEL TEJAR;1;4
16;0;SIN CORREGIMIENTO;0;SIN VEREDA;216;ALTOS DEL CACIQUE;1;10
16;0;SIN CORREGIMIENTO;0;SIN VEREDA;217;HACIENDA SAN JUAN;1;7
16;0;SIN CORREGIMIENTO;0;SIN VEREDA;217;HACIENDA SAN JUAN;9;1
16;0;SIN CORREGIMIENTO;0;SIN VEREDA;218;SAN EXPEDITO;1;266
16;0;SIN CORREGIMIENTO;0;SIN VEREDA;218;SAN EXPEDITO;2;24
16;0;SIN CORREGIMIENTO;0;SIN VEREDA;218;SAN EXPEDITO;9;27
16;0;SIN CORREGIMIENTO;0;SIN VEREDA;219;SANTA BARBARA CASAS;1;26
16;0;SIN CORREGIMIENTO;0;SIN VEREDA;219;SANTA BARBARA CASAS;9;2
16;0;SIN CORREGIMIENTO;0;SIN VEREDA;315;LAGOS DEL CACIQUE;1;7
16;0;SIN CORREGIMIENTO;0;SIN VEREDA;341;BOSQUE DEL CACIQUE;1;31
16;0;SIN CORREGIMIENTO;0;SIN VEREDA;341;BOSQUE DEL CACIQUE;2;2
16;0;SIN CORREGIMIENTO;0;SIN VEREDA;341;BOSQUE DEL CACIQUE;9;3
17;0;SIN CORREGIMIENTO;0;SIN VEREDA;110;MORRORRICO;1;2
17;0;SIN CORREGIMIENTO;0;SIN VEREDA;152;QUINTA ESTRELLA;1;2
17;0;SIN CORREGIMIENTO;0;SIN VEREDA;162;CIUDADELA REAL DE MINAS ;1;8
17;0;SIN CORREGIMIENTO;0;SIN VEREDA;164;MUTIS;1;565
17;0;SIN CORREGIMIENTO;0;SIN VEREDA;164;MUTIS;2;40
17;0;SIN CORREGIMIENTO;0;SIN VEREDA;164;MUTIS;9;48
17;0;SIN CORREGIMIENTO;0;SIN VEREDA;165;BRISAS DEL MUTIS;1;52
17;0;SIN CORREGIMIENTO;0;SIN VEREDA;165;BRISAS DEL MUTIS;2;2
17;0;SIN CORREGIMIENTO;0;SIN VEREDA;165;BRISAS DEL MUTIS;9;4
17;0;SIN CORREGIMIENTO;0;SIN VEREDA;166;MONTERREDONDO;1;1026
17;0;SIN CORREGIMIENTO;0;SIN VEREDA;166;MONTERREDONDO;2;57
17;0;SIN CORREGIMIENTO;0;SIN VEREDA;166;MONTERREDONDO;9;103
17;0;SIN CORREGIMIENTO;0;SIN VEREDA;168;FUNDADORES I Y II;1;11
17;0;SIN CORREGIMIENTO;0;SIN VEREDA;168;FUNDADORES I Y II;9;1
17;0;SIN CORREGIMIENTO;0;SIN VEREDA;170;MANZANARES;1;27
17;0;SIN CORREGIMIENTO;0;SIN VEREDA;170;MANZANARES;2;3
17;0;SIN CORREGIMIENTO;0;SIN VEREDA;170;MANZANARES;9;2
17;0;SIN CORREGIMIENTO;0;SIN VEREDA;172;PRADOS DEL MUTIS;1;74
17;0;SIN CORREGIMIENTO;0;SIN VEREDA;172;PRADOS DEL MUTIS;2;5
17;0;SIN CORREGIMIENTO;0;SIN VEREDA;172;PRADOS DEL MUTIS;9;3
17;0;SIN CORREGIMIENTO;0;SIN VEREDA;173;ESTORAQUES;1;2831
17;0;SIN CORREGIMIENTO;0;SIN VEREDA;173;ESTORAQUES;2;158
17;0;SIN CORREGIMIENTO;0;SIN VEREDA;173;ESTORAQUES;9;270
17;0;SIN CORREGIMIENTO;0;SIN VEREDA;174;EL BUENO;1;7
17;0;SIN CORREGIMIENTO;0;SIN VEREDA;174;EL BUENO;2;1
17;0;SIN CORREGIMIENTO;0;SIN VEREDA;176;LOS HêROES;1;79
17;0;SIN CORREGIMIENTO;0;SIN VEREDA;176;LOS HêROES;2;3
17;0;SIN CORREGIMIENTO;0;SIN VEREDA;176;LOS HêROES;9;8
17;0;SIN CORREGIMIENTO;0;SIN VEREDA;360;EL RETIRO MORRORRICO;1;3
17;0;SIN CORREGIMIENTO;0;SIN VEREDA;360;EL RETIRO MORRORRICO;9;2
17;0;SIN CORREGIMIENTO;0;SIN VEREDA;363;LA GRAN LADERA;1;516
17;0;SIN CORREGIMIENTO;0;SIN VEREDA;363;LA GRAN LADERA;2;17
17;0;SIN CORREGIMIENTO;0;SIN VEREDA;363;LA GRAN LADERA;9;61
99;0;SIN CORREGIMIENTO;0;SIN VEREDA;0;BARRIO_S4;1;42
99;0;SIN CORREGIMIENTO;0;SIN VEREDA;0;BARRIO_S4;2;3
99;0;SIN CORREGIMIENTO;0;SIN VEREDA;0;BARRIO_S4;9;7
99;0;SIN CORREGIMIENTO;246;EL PEDREGAL;0;BARRIO_S4;1;3
99;0;SIN CORREGIMIENTO;255;LOS SANTOS;0;BARRIO_S4;1;32
99;0;SIN CORREGIMIENTO;255;LOS SANTOS;0;BARRIO_S4;2;1
99;0;SIN CORREGIMIENTO;255;LOS SANTOS;0;BARRIO_S4;9;6
99;0;SIN CORREGIMIENTO;261;VIJAGUAL;0;BARRIO_S4;1;7
99;0;SIN CORREGIMIENTO;261;VIJAGUAL;0;BARRIO_S4;9;2
99;0;SIN CORREGIMIENTO;267;LA SABANA;0;BARRIO_S4;1;4
99;0;SIN CORREGIMIENTO;269;ANGELINOS;0;BARRIO_S4;1;1
99;0;SIN CORREGIMIENTO;277;SANTA BARBARA;0;BARRIO_S4;1;10
99;0;SIN CORREGIMIENTO;277;SANTA BARBARA;0;BARRIO_S4;2;1
99;0;SIN CORREGIMIENTO;277;SANTA BARBARA;0;BARRIO_S4;9;1
99;0;SIN CORREGIMIENTO;295;EL NOGAL;0;BARRIO_S4;1;53
99;0;SIN CORREGIMIENTO;295;EL NOGAL;0;BARRIO_S4;2;4
99;0;SIN CORREGIMIENTO;295;EL NOGAL;0;BARRIO_S4;9;8
99;0;SIN CORREGIMIENTO;358;VILLA CARMELO;0;BARRIO_S4;1;11
99;0;SIN CORREGIMIENTO;358;VILLA CARMELO;0;BARRIO_S4;2;1
99;0;SIN CORREGIMIENTO;358;VILLA CARMELO;0;BARRIO_S4;9;2
99;0;SIN CORREGIMIENTO;364;VILLA LUZ CAMPESTRE;0;BARRIO_S4;1;4
99;0;SIN CORREGIMIENTO;364;VILLA LUZ CAMPESTRE;0;BARRIO_S4;9;1
99;1;CORREGIMIENTO UNO;0;SIN VEREDA;0;BARRIO_S4;1;142
99;1;CORREGIMIENTO UNO;0;SIN VEREDA;0;BARRIO_S4;2;15
99;1;CORREGIMIENTO UNO;0;SIN VEREDA;0;BARRIO_S4;9;14
99;1;CORREGIMIENTO UNO;246;EL PEDREGAL;0;BARRIO_S4;1;10
99;1;CORREGIMIENTO UNO;246;EL PEDREGAL;0;BARRIO_S4;2;1
99;1;CORREGIMIENTO UNO;246;EL PEDREGAL;0;BARRIO_S4;9;1
99;1;CORREGIMIENTO UNO;248;LA MALA•A;0;BARRIO_S4;1;1
99;1;CORREGIMIENTO UNO;250;RETIRO GRANDE;0;BARRIO_S4;1;3
99;1;CORREGIMIENTO UNO;250;RETIRO GRANDE;0;BARRIO_S4;9;1
99;1;CORREGIMIENTO UNO;255;LOS SANTOS;0;BARRIO_S4;1;5
99;1;CORREGIMIENTO UNO;261;VIJAGUAL;0;BARRIO_S4;1;185
99;1;CORREGIMIENTO UNO;261;VIJAGUAL;0;BARRIO_S4;2;13
99;1;CORREGIMIENTO UNO;261;VIJAGUAL;0;BARRIO_S4;9;13
99;1;CORREGIMIENTO UNO;262;SAN CAYETANO;0;BARRIO_S4;1;119
99;1;CORREGIMIENTO UNO;262;SAN CAYETANO;0;BARRIO_S4;2;13
99;1;CORREGIMIENTO UNO;262;SAN CAYETANO;0;BARRIO_S4;9;13
99;1;CORREGIMIENTO UNO;263;EL ABURRIDO;0;BARRIO_S4;1;183
99;1;CORREGIMIENTO UNO;263;EL ABURRIDO;0;BARRIO_S4;2;19
99;1;CORREGIMIENTO UNO;263;EL ABURRIDO;0;BARRIO_S4;9;11
99;1;CORREGIMIENTO UNO;264;SAN PEDRO ALTO;0;BARRIO_S4;1;56
99;1;CORREGIMIENTO UNO;264;SAN PEDRO ALTO;0;BARRIO_S4;2;8
99;1;CORREGIMIENTO UNO;264;SAN PEDRO ALTO;0;BARRIO_S4;9;5
99;1;CORREGIMIENTO UNO;265;SANTA RITA;0;BARRIO_S4;1;82
99;1;CORREGIMIENTO UNO;265;SANTA RITA;0;BARRIO_S4;2;6
99;1;CORREGIMIENTO UNO;265;SANTA RITA;0;BARRIO_S4;9;8
99;1;CORREGIMIENTO UNO;266;SAN IGNACIO;0;BARRIO_S4;1;155
99;1;CORREGIMIENTO UNO;266;SAN IGNACIO;0;BARRIO_S4;2;16
99;1;CORREGIMIENTO UNO;266;SAN IGNACIO;0;BARRIO_S4;9;16
99;1;CORREGIMIENTO UNO;267;LA SABANA;0;BARRIO_S4;1;257
99;1;CORREGIMIENTO UNO;267;LA SABANA;0;BARRIO_S4;2;32
99;1;CORREGIMIENTO UNO;267;LA SABANA;0;BARRIO_S4;9;21
99;1;CORREGIMIENTO UNO;268;LA ESMERALDA;0;BARRIO_S4;1;194
99;1;CORREGIMIENTO UNO;268;LA ESMERALDA;0;BARRIO_S4;2;9
99;1;CORREGIMIENTO UNO;268;LA ESMERALDA;0;BARRIO_S4;9;16
99;1;CORREGIMIENTO UNO;269;ANGELINOS;0;BARRIO_S4;1;353
99;1;CORREGIMIENTO UNO;269;ANGELINOS;0;BARRIO_S4;2;40
99;1;CORREGIMIENTO UNO;269;ANGELINOS;0;BARRIO_S4;9;34
99;1;CORREGIMIENTO UNO;275;SAN PEDRO BAJO;0;BARRIO_S4;1;281
99;1;CORREGIMIENTO UNO;275;SAN PEDRO BAJO;0;BARRIO_S4;2;16
99;1;CORREGIMIENTO UNO;275;SAN PEDRO BAJO;0;BARRIO_S4;9;30
99;1;CORREGIMIENTO UNO;277;SANTA BARBARA;0;BARRIO_S4;1;6
99;1;CORREGIMIENTO UNO;282;CAPILLA BAJA;0;BARRIO_S4;1;7
99;1;CORREGIMIENTO UNO;282;CAPILLA BAJA;0;BARRIO_S4;9;1
99;1;CORREGIMIENTO UNO;295;EL NOGAL;0;BARRIO_S4;1;640
99;1;CORREGIMIENTO UNO;295;EL NOGAL;0;BARRIO_S4;2;43
99;1;CORREGIMIENTO UNO;295;EL NOGAL;0;BARRIO_S4;9;85
99;1;CORREGIMIENTO UNO;355;EL PEDREGAL;0;BARRIO_S4;1;3
99;1;CORREGIMIENTO UNO;355;EL PEDREGAL;0;BARRIO_S4;9;1
99;1;CORREGIMIENTO UNO;358;VILLA CARMELO;0;BARRIO_S4;1;725
99;1;CORREGIMIENTO UNO;358;VILLA CARMELO;0;BARRIO_S4;2;37
99;1;CORREGIMIENTO UNO;358;VILLA CARMELO;0;BARRIO_S4;9;80
99;1;CORREGIMIENTO UNO;364;VILLA LUZ CAMPESTRE;0;BARRIO_S4;1;359
99;1;CORREGIMIENTO UNO;364;VILLA LUZ CAMPESTRE;0;BARRIO_S4;2;27
99;1;CORREGIMIENTO UNO;364;VILLA LUZ CAMPESTRE;0;BARRIO_S4;9;51
99;1;CORREGIMIENTO UNO;999;SIN VEREDA;0;BARRIO_S4;1;4
99;1;CORREGIMIENTO UNO;999;SIN VEREDA;0;BARRIO_S4;2;1
99;2;CORREGIMIENTO DOS;0;SIN VEREDA;0;BARRIO_S4;1;157
99;2;CORREGIMIENTO DOS;0;SIN VEREDA;0;BARRIO_S4;2;14
99;2;CORREGIMIENTO DOS;0;SIN VEREDA;0;BARRIO_S4;9;12
99;2;CORREGIMIENTO DOS;246;EL PEDREGAL;0;BARRIO_S4;1;11
99;2;CORREGIMIENTO DOS;251;SAN JOSE;0;BARRIO_S4;1;2
99;2;CORREGIMIENTO DOS;251;SAN JOSE;0;BARRIO_S4;2;1
99;2;CORREGIMIENTO DOS;253;ROSA BLANCA;0;BARRIO_S4;1;162
99;2;CORREGIMIENTO DOS;253;ROSA BLANCA;0;BARRIO_S4;2;17
99;2;CORREGIMIENTO DOS;253;ROSA BLANCA;0;BARRIO_S4;9;15
99;2;CORREGIMIENTO DOS;254;CUCHILLA ALTA;0;BARRIO_S4;1;67
99;2;CORREGIMIENTO DOS;254;CUCHILLA ALTA;0;BARRIO_S4;2;8
99;2;CORREGIMIENTO DOS;254;CUCHILLA ALTA;0;BARRIO_S4;9;7
99;2;CORREGIMIENTO DOS;255;LOS SANTOS;0;BARRIO_S4;1;201
99;2;CORREGIMIENTO DOS;255;LOS SANTOS;0;BARRIO_S4;2;18
99;2;CORREGIMIENTO DOS;255;LOS SANTOS;0;BARRIO_S4;9;23
99;2;CORREGIMIENTO DOS;256;CAPILLA ALTA;0;BARRIO_S4;1;156
99;2;CORREGIMIENTO DOS;256;CAPILLA ALTA;0;BARRIO_S4;2;16
99;2;CORREGIMIENTO DOS;256;CAPILLA ALTA;0;BARRIO_S4;9;22
99;2;CORREGIMIENTO DOS;258;BOLARQU÷ BAJO;0;BARRIO_S4;1;115
99;2;CORREGIMIENTO DOS;258;BOLARQU÷ BAJO;0;BARRIO_S4;2;6
99;2;CORREGIMIENTO DOS;258;BOLARQU÷ BAJO;0;BARRIO_S4;9;7
99;2;CORREGIMIENTO DOS;259;MONSERRATE;0;BARRIO_S4;1;136
99;2;CORREGIMIENTO DOS;259;MONSERRATE;0;BARRIO_S4;2;7
99;2;CORREGIMIENTO DOS;259;MONSERRATE;0;BARRIO_S4;9;7
99;2;CORREGIMIENTO DOS;260;MAGUEYES;0;BARRIO_S4;1;155
99;2;CORREGIMIENTO DOS;260;MAGUEYES;0;BARRIO_S4;2;15
99;2;CORREGIMIENTO DOS;260;MAGUEYES;0;BARRIO_S4;9;9
99;2;CORREGIMIENTO DOS;265;SANTA RITA;0;BARRIO_S4;1;72
99;2;CORREGIMIENTO DOS;265;SANTA RITA;0;BARRIO_S4;2;5
99;2;CORREGIMIENTO DOS;265;SANTA RITA;0;BARRIO_S4;9;7
99;2;CORREGIMIENTO DOS;267;LA SABANA;0;BARRIO_S4;1;3
99;2;CORREGIMIENTO DOS;267;LA SABANA;0;BARRIO_S4;2;1
99;2;CORREGIMIENTO DOS;269;ANGELINOS;0;BARRIO_S4;1;17
99;2;CORREGIMIENTO DOS;269;ANGELINOS;0;BARRIO_S4;2;1
99;2;CORREGIMIENTO DOS;269;ANGELINOS;0;BARRIO_S4;9;4
99;2;CORREGIMIENTO DOS;282;CAPILLA BAJA;0;BARRIO_S4;1;267
99;2;CORREGIMIENTO DOS;282;CAPILLA BAJA;0;BARRIO_S4;2;27
99;2;CORREGIMIENTO DOS;282;CAPILLA BAJA;0;BARRIO_S4;9;15
99;2;CORREGIMIENTO DOS;283;BOLARQU÷ ALTO;0;BARRIO_S4;1;109
99;2;CORREGIMIENTO DOS;283;BOLARQU÷ ALTO;0;BARRIO_S4;2;14
99;2;CORREGIMIENTO DOS;283;BOLARQU÷ ALTO;0;BARRIO_S4;9;8
99;2;CORREGIMIENTO DOS;295;EL NOGAL;0;BARRIO_S4;1;11
99;2;CORREGIMIENTO DOS;295;EL NOGAL;0;BARRIO_S4;2;1
99;2;CORREGIMIENTO DOS;295;EL NOGAL;0;BARRIO_S4;9;1
99;2;CORREGIMIENTO DOS;358;VILLA CARMELO;0;BARRIO_S4;1;6
99;2;CORREGIMIENTO DOS;358;VILLA CARMELO;0;BARRIO_S4;9;1
99;2;CORREGIMIENTO DOS;364;VILLA LUZ CAMPESTRE;0;BARRIO_S4;1;7
99;2;CORREGIMIENTO DOS;364;VILLA LUZ CAMPESTRE;0;BARRIO_S4;2;1
99;2;CORREGIMIENTO DOS;364;VILLA LUZ CAMPESTRE;0;BARRIO_S4;9;1
99;2;CORREGIMIENTO DOS;527;RETIRO GRANDE PARTE BAJA;0;BARRIO_S4;1;24
99;2;CORREGIMIENTO DOS;527;RETIRO GRANDE PARTE BAJA;0;BARRIO_S4;2;1
99;2;CORREGIMIENTO DOS;527;RETIRO GRANDE PARTE BAJA;0;BARRIO_S4;9;1
99;3;CORREGIMIENTO TRES;0;SIN VEREDA;0;BARRIO_S4;2;1
99;3;CORREGIMIENTO TRES;246;EL PEDREGAL;0;BARRIO_S4;1;159
99;3;CORREGIMIENTO TRES;246;EL PEDREGAL;0;BARRIO_S4;2;6
99;3;CORREGIMIENTO TRES;246;EL PEDREGAL;0;BARRIO_S4;9;20
99;3;CORREGIMIENTO TRES;248;LA MALA•A;0;BARRIO_S4;1;346
99;3;CORREGIMIENTO TRES;248;LA MALA•A;0;BARRIO_S4;2;20
99;3;CORREGIMIENTO TRES;248;LA MALA•A;0;BARRIO_S4;9;29
99;3;CORREGIMIENTO TRES;249;EL GUALILO ALTO;0;BARRIO_S4;1;191
99;3;CORREGIMIENTO TRES;249;EL GUALILO ALTO;0;BARRIO_S4;2;10
99;3;CORREGIMIENTO TRES;249;EL GUALILO ALTO;0;BARRIO_S4;9;13
99;3;CORREGIMIENTO TRES;250;RETIRO GRANDE;0;BARRIO_S4;1;111
99;3;CORREGIMIENTO TRES;250;RETIRO GRANDE;0;BARRIO_S4;2;11
99;3;CORREGIMIENTO TRES;250;RETIRO GRANDE;0;BARRIO_S4;9;6
99;3;CORREGIMIENTO TRES;251;SAN JOSE;0;BARRIO_S4;1;213
99;3;CORREGIMIENTO TRES;251;SAN JOSE;0;BARRIO_S4;2;12
99;3;CORREGIMIENTO TRES;251;SAN JOSE;0;BARRIO_S4;9;16
99;3;CORREGIMIENTO TRES;252;RETIRO CHIQUITO;0;BARRIO_S4;1;269
99;3;CORREGIMIENTO TRES;252;RETIRO CHIQUITO;0;BARRIO_S4;2;14
99;3;CORREGIMIENTO TRES;252;RETIRO CHIQUITO;0;BARRIO_S4;9;25
99;3;CORREGIMIENTO TRES;254;CUCHILLA ALTA;0;BARRIO_S4;1;3
99;3;CORREGIMIENTO TRES;255;LOS SANTOS;0;BARRIO_S4;1;3
99;3;CORREGIMIENTO TRES;255;LOS SANTOS;0;BARRIO_S4;2;1
99;3;CORREGIMIENTO TRES;259;MONSERRATE;0;BARRIO_S4;1;6
99;3;CORREGIMIENTO TRES;259;MONSERRATE;0;BARRIO_S4;9;1
99;3;CORREGIMIENTO TRES;276;EL GUALILO BAJO;0;BARRIO_S4;1;271
99;3;CORREGIMIENTO TRES;276;EL GUALILO BAJO;0;BARRIO_S4;2;18
99;3;CORREGIMIENTO TRES;276;EL GUALILO BAJO;0;BARRIO_S4;9;34
99;3;CORREGIMIENTO TRES;277;SANTA BARBARA;0;BARRIO_S4;1;776
99;3;CORREGIMIENTO TRES;277;SANTA BARBARA;0;BARRIO_S4;2;64
99;3;CORREGIMIENTO TRES;277;SANTA BARBARA;0;BARRIO_S4;9;73
99;3;CORREGIMIENTO TRES;355;EL PEDREGAL;0;BARRIO_S4;1;484
99;3;CORREGIMIENTO TRES;355;EL PEDREGAL;0;BARRIO_S4;2;18
99;3;CORREGIMIENTO TRES;355;EL PEDREGAL;0;BARRIO_S4;9;67
99;3;CORREGIMIENTO TRES;527;RETIRO GRANDE PARTE BAJA;0;BARRIO_S4;1;5
99;3;CORREGIMIENTO TRES;527;RETIRO GRANDE PARTE BAJA;0;BARRIO_S4;2;1
99;3;CORREGIMIENTO TRES;527;RETIRO GRANDE PARTE BAJA;0;BARRIO_S4;9;2
