Cod_comuna_x;Cod_corregimiento;NOM_CORREGIMIENTO;Cod_vereda;NOM_VEREDA;Cod_barrio;NOM_BARRIO;ind_discap_ninguna;personas
1;0;SIN CORREGIMIENTO;0;SIN VEREDA;1;EL PAULON VILLA PATRICIA;1;388
1;0;SIN CORREGIMIENTO;0;SIN VEREDA;1;EL PAULON VILLA PATRICIA;2;33
1;0;SIN CORREGIMIENTO;0;SIN VEREDA;2;EL PAULON VILLA LINA;1;897
1;0;SIN CORREGIMIENTO;0;SIN VEREDA;2;EL PAULON VILLA LINA;2;65
1;0;SIN CORREGIMIENTO;0;SIN VEREDA;3;COLORADOS;1;2613
1;0;SIN CORREGIMIENTO;0;SIN VEREDA;3;COLORADOS;2;223
1;0;SIN CORREGIMIENTO;0;SIN VEREDA;4;EL PAULON;1;1028
1;0;SIN CORREGIMIENTO;0;SIN VEREDA;4;EL PAULON;2;105
1;0;SIN CORREGIMIENTO;0;SIN VEREDA;5;ROSALTA COLORADOS;1;317
1;0;SIN CORREGIMIENTO;0;SIN VEREDA;5;ROSALTA COLORADOS;2;33
1;0;SIN CORREGIMIENTO;0;SIN VEREDA;6;COLORADOS PATIO BONITO;1;337
1;0;SIN CORREGIMIENTO;0;SIN VEREDA;6;COLORADOS PATIO BONITO;2;14
1;0;SIN CORREGIMIENTO;0;SIN VEREDA;7;CAFÉ MADRID VILLA ALICIA;1;168
1;0;SIN CORREGIMIENTO;0;SIN VEREDA;7;CAFÉ MADRID VILLA ALICIA;2;22
1;0;SIN CORREGIMIENTO;0;SIN VEREDA;8;EL ROSAL COLORADOS;1;650
1;0;SIN CORREGIMIENTO;0;SIN VEREDA;8;EL ROSAL COLORADOS;2;31
1;0;SIN CORREGIMIENTO;0;SIN VEREDA;9;LAS DELICIAS;1;20
1;0;SIN CORREGIMIENTO;0;SIN VEREDA;9;LAS DELICIAS;2;3
1;0;SIN CORREGIMIENTO;0;SIN VEREDA;10;ASENTAMIENTO BARRIO NUEVO;1;21
1;0;SIN CORREGIMIENTO;0;SIN VEREDA;11;DIVINO NIÑO NORTE;1;271
1;0;SIN CORREGIMIENTO;0;SIN VEREDA;11;DIVINO NIÑO NORTE;2;4
1;0;SIN CORREGIMIENTO;0;SIN VEREDA;12;CAFÉ MADRID EL TÚNEL;1;676
1;0;SIN CORREGIMIENTO;0;SIN VEREDA;12;CAFÉ MADRID EL TÚNEL;2;38
1;0;SIN CORREGIMIENTO;0;SIN VEREDA;13;CAFÉ MADRID LA UNIÓN;1;101
1;0;SIN CORREGIMIENTO;0;SIN VEREDA;13;CAFÉ MADRID LA UNIÓN;2;9
1;0;SIN CORREGIMIENTO;0;SIN VEREDA;14;CAFÉ MADRID;1;619
1;0;SIN CORREGIMIENTO;0;SIN VEREDA;14;CAFÉ MADRID;2;54
1;0;SIN CORREGIMIENTO;0;SIN VEREDA;15;CAFÉ MADRID LA PLAYA;1;594
1;0;SIN CORREGIMIENTO;0;SIN VEREDA;15;CAFÉ MADRID LA PLAYA;2;52
1;0;SIN CORREGIMIENTO;0;SIN VEREDA;19;CAFÉ MADRID LA LOMA;1;179
1;0;SIN CORREGIMIENTO;0;SIN VEREDA;19;CAFÉ MADRID LA LOMA;2;25
1;0;SIN CORREGIMIENTO;0;SIN VEREDA;24;CIUDADELA CAFÉ MADRID ;1;1853
1;0;SIN CORREGIMIENTO;0;SIN VEREDA;24;CIUDADELA CAFÉ MADRID ;2;134
1;0;SIN CORREGIMIENTO;0;SIN VEREDA;25;CAFÉ MADRID EL PLAN;1;651
1;0;SIN CORREGIMIENTO;0;SIN VEREDA;25;CAFÉ MADRID EL PLAN;2;56
1;0;SIN CORREGIMIENTO;0;SIN VEREDA;26;CAFÉ MADRID LA VIRGEN;1;155
1;0;SIN CORREGIMIENTO;0;SIN VEREDA;26;CAFÉ MADRID LA VIRGEN;2;3
1;0;SIN CORREGIMIENTO;0;SIN VEREDA;27;CAFÉ MADRID EL SUICHE;1;54
1;0;SIN CORREGIMIENTO;0;SIN VEREDA;27;CAFÉ MADRID EL SUICHE;2;3
1;0;SIN CORREGIMIENTO;0;SIN VEREDA;28;CAFÉ MADRID EL CABLE;1;383
1;0;SIN CORREGIMIENTO;0;SIN VEREDA;28;CAFÉ MADRID EL CABLE;2;34
1;0;SIN CORREGIMIENTO;0;SIN VEREDA;29;KENNEDY;1;2616
1;0;SIN CORREGIMIENTO;0;SIN VEREDA;29;KENNEDY;2;282
1;0;SIN CORREGIMIENTO;0;SIN VEREDA;30;VILLA ALEGRIA;1;845
1;0;SIN CORREGIMIENTO;0;SIN VEREDA;30;VILLA ALEGRIA;2;54
1;0;SIN CORREGIMIENTO;0;SIN VEREDA;31;LAS HAMACAS;1;678
1;0;SIN CORREGIMIENTO;0;SIN VEREDA;31;LAS HAMACAS;2;53
1;0;SIN CORREGIMIENTO;0;SIN VEREDA;32;MARÍA PAZ;1;3525
1;0;SIN CORREGIMIENTO;0;SIN VEREDA;32;MARÍA PAZ;2;255
1;0;SIN CORREGIMIENTO;0;SIN VEREDA;33;ALTOS DEL KENNEDY;1;451
1;0;SIN CORREGIMIENTO;0;SIN VEREDA;33;ALTOS DEL KENNEDY;2;37
1;0;SIN CORREGIMIENTO;0;SIN VEREDA;35;MINUTO DE DIOS;1;853
1;0;SIN CORREGIMIENTO;0;SIN VEREDA;35;MINUTO DE DIOS;2;64
1;0;SIN CORREGIMIENTO;0;SIN VEREDA;36;MIRADOR DEL KENNEDY;1;159
1;0;SIN CORREGIMIENTO;0;SIN VEREDA;36;MIRADOR DEL KENNEDY;2;14
1;0;SIN CORREGIMIENTO;0;SIN VEREDA;38;COLSEGUROS NORTE;1;894
1;0;SIN CORREGIMIENTO;0;SIN VEREDA;38;COLSEGUROS NORTE;2;61
1;0;SIN CORREGIMIENTO;0;SIN VEREDA;39;OMAGA I ;1;183
1;0;SIN CORREGIMIENTO;0;SIN VEREDA;39;OMAGA I ;2;11
1;0;SIN CORREGIMIENTO;0;SIN VEREDA;40;MIRAMAR;1;430
1;0;SIN CORREGIMIENTO;0;SIN VEREDA;40;MIRAMAR;2;33
1;0;SIN CORREGIMIENTO;0;SIN VEREDA;41;BALCONES DEL KENNEDY;1;1050
1;0;SIN CORREGIMIENTO;0;SIN VEREDA;41;BALCONES DEL KENNEDY;2;71
1;0;SIN CORREGIMIENTO;0;SIN VEREDA;42;VILLA MARÍA;1;357
1;0;SIN CORREGIMIENTO;0;SIN VEREDA;42;VILLA MARÍA;2;17
1;0;SIN CORREGIMIENTO;0;SIN VEREDA;43;ASENTAMIENTO VILLA MARÍA;1;2
1;0;SIN CORREGIMIENTO;0;SIN VEREDA;43;ASENTAMIENTO VILLA MARÍA;2;1
1;0;SIN CORREGIMIENTO;0;SIN VEREDA;45;LOS ÁNGELES;1;2
1;0;SIN CORREGIMIENTO;0;SIN VEREDA;47;OLAS ALTAS Y BAJAS;1;995
1;0;SIN CORREGIMIENTO;0;SIN VEREDA;47;OLAS ALTAS Y BAJAS;2;66
1;0;SIN CORREGIMIENTO;0;SIN VEREDA;49;PAISAJES DEL NORTE;1;664
1;0;SIN CORREGIMIENTO;0;SIN VEREDA;49;PAISAJES DEL NORTE;2;53
1;0;SIN CORREGIMIENTO;0;SIN VEREDA;50;VILLA ROSA;1;5177
1;0;SIN CORREGIMIENTO;0;SIN VEREDA;50;VILLA ROSA;2;438
1;0;SIN CORREGIMIENTO;0;SIN VEREDA;54;MIRADOR NORTE;1;2
1;0;SIN CORREGIMIENTO;0;SIN VEREDA;55;CLAVERIANO;1;1236
1;0;SIN CORREGIMIENTO;0;SIN VEREDA;55;CLAVERIANO;2;142
1;0;SIN CORREGIMIENTO;0;SIN VEREDA;56;ALTOS DEL PROGRESO;1;1165
1;0;SIN CORREGIMIENTO;0;SIN VEREDA;56;ALTOS DEL PROGRESO;2;71
1;0;SIN CORREGIMIENTO;0;SIN VEREDA;58;13 DE JUNIO;1;186
1;0;SIN CORREGIMIENTO;0;SIN VEREDA;58;13 DE JUNIO;2;23
1;0;SIN CORREGIMIENTO;0;SIN VEREDA;69;VILLA MERCEDES;1;1
1;0;SIN CORREGIMIENTO;0;SIN VEREDA;88;CAFÉ MADRID LA 40;1;96
1;0;SIN CORREGIMIENTO;0;SIN VEREDA;88;CAFÉ MADRID LA 40;2;1
1;0;SIN CORREGIMIENTO;0;SIN VEREDA;91;TEJADITOS;1;24
1;0;SIN CORREGIMIENTO;0;SIN VEREDA;91;TEJADITOS;2;1
1;0;SIN CORREGIMIENTO;0;SIN VEREDA;94;EL NOGAL 2;1;615
1;0;SIN CORREGIMIENTO;0;SIN VEREDA;94;EL NOGAL 2;2;35
1;0;SIN CORREGIMIENTO;0;SIN VEREDA;108;LIMONCITO MORRORRICO;1;3
1;0;SIN CORREGIMIENTO;0;SIN VEREDA;229;VILLA SARA;1;3
1;0;SIN CORREGIMIENTO;0;SIN VEREDA;229;VILLA SARA;2;1
1;0;SIN CORREGIMIENTO;0;SIN VEREDA;230;VILLA ALICIA;1;164
1;0;SIN CORREGIMIENTO;0;SIN VEREDA;230;VILLA ALICIA;2;4
1;0;SIN CORREGIMIENTO;0;SIN VEREDA;235;DELICIAS NORTE;1;106
1;0;SIN CORREGIMIENTO;0;SIN VEREDA;235;DELICIAS NORTE;2;8
1;0;SIN CORREGIMIENTO;0;SIN VEREDA;244;VILLA FLOR;1;4
1;0;SIN CORREGIMIENTO;0;SIN VEREDA;247;LA FORTUNA;1;454
1;0;SIN CORREGIMIENTO;0;SIN VEREDA;247;LA FORTUNA;2;47
1;0;SIN CORREGIMIENTO;0;SIN VEREDA;281;SAN IGNACIO REAL;1;408
1;0;SIN CORREGIMIENTO;0;SIN VEREDA;281;SAN IGNACIO REAL;2;15
1;0;SIN CORREGIMIENTO;0;SIN VEREDA;291;CAMINOS DE PAZ;1;133
1;0;SIN CORREGIMIENTO;0;SIN VEREDA;291;CAMINOS DE PAZ;2;16
1;0;SIN CORREGIMIENTO;0;SIN VEREDA;292;LAS TUNAS;1;2
1;0;SIN CORREGIMIENTO;0;SIN VEREDA;297;TEJAR II;1;794
1;0;SIN CORREGIMIENTO;0;SIN VEREDA;297;TEJAR II;2;59
1;0;SIN CORREGIMIENTO;0;SIN VEREDA;298;TEJAR I;1;568
1;0;SIN CORREGIMIENTO;0;SIN VEREDA;298;TEJAR I;2;34
1;0;SIN CORREGIMIENTO;0;SIN VEREDA;299;OMAGA II;1;555
1;0;SIN CORREGIMIENTO;0;SIN VEREDA;299;OMAGA II;2;45
1;0;SIN CORREGIMIENTO;0;SIN VEREDA;301;CERVUNION;1;367
1;0;SIN CORREGIMIENTO;0;SIN VEREDA;301;CERVUNION;2;26
1;0;SIN CORREGIMIENTO;0;SIN VEREDA;302;ASENTAMIENTO LUZ DE ESPERANZA;1;26
1;0;SIN CORREGIMIENTO;0;SIN VEREDA;302;ASENTAMIENTO LUZ DE ESPERANZA;2;2
1;0;SIN CORREGIMIENTO;0;SIN VEREDA;305;SAN VALENTÍN;1;569
1;0;SIN CORREGIMIENTO;0;SIN VEREDA;305;SAN VALENTÍN;2;29
1;0;SIN CORREGIMIENTO;0;SIN VEREDA;311;ALTOS DE BETANIA;1;1135
1;0;SIN CORREGIMIENTO;0;SIN VEREDA;311;ALTOS DE BETANIA;2;104
1;0;SIN CORREGIMIENTO;0;SIN VEREDA;328;CAMPESTRE NORTE ;1;2467
1;0;SIN CORREGIMIENTO;0;SIN VEREDA;328;CAMPESTRE NORTE ;2;140
1;0;SIN CORREGIMIENTO;0;SIN VEREDA;332;BONANZA CAMPESTRE;1;473
1;0;SIN CORREGIMIENTO;0;SIN VEREDA;332;BONANZA CAMPESTRE;2;29
1;0;SIN CORREGIMIENTO;0;SIN VEREDA;335;PUENTE NARIÑO;1;999
1;0;SIN CORREGIMIENTO;0;SIN VEREDA;335;PUENTE NARIÑO;2;44
1;0;SIN CORREGIMIENTO;0;SIN VEREDA;338;CAFE MADRID LA SEXTA;1;98
1;0;SIN CORREGIMIENTO;0;SIN VEREDA;338;CAFE MADRID LA SEXTA;2;4
1;0;SIN CORREGIMIENTO;0;SIN VEREDA;342;VILLAS DE SAN IGNACIO;1;692
1;0;SIN CORREGIMIENTO;0;SIN VEREDA;342;VILLAS DE SAN IGNACIO;2;65
1;0;SIN CORREGIMIENTO;0;SIN VEREDA;346;JARDINES DE ALTAGRACIA;1;128
1;0;SIN CORREGIMIENTO;0;SIN VEREDA;346;JARDINES DE ALTAGRACIA;2;8
1;0;SIN CORREGIMIENTO;0;SIN VEREDA;348;PORTAL DE LOS ÁNGELES;1;659
1;0;SIN CORREGIMIENTO;0;SIN VEREDA;348;PORTAL DE LOS ÁNGELES;2;43
1;0;SIN CORREGIMIENTO;0;SIN VEREDA;350;BETANIA ;1;2856
1;0;SIN CORREGIMIENTO;0;SIN VEREDA;350;BETANIA ;2;298
1;0;SIN CORREGIMIENTO;0;SIN VEREDA;351;CAFÉ MADRID LA ESTACIÓN;1;763
1;0;SIN CORREGIMIENTO;0;SIN VEREDA;351;CAFÉ MADRID LA ESTACIÓN;2;66
1;0;SIN CORREGIMIENTO;0;SIN VEREDA;354;MIRADOR DE COLORADOS;1;148
1;0;SIN CORREGIMIENTO;0;SIN VEREDA;354;MIRADOR DE COLORADOS;2;15
1;0;SIN CORREGIMIENTO;0;SIN VEREDA;356;BAVARIA;1;2547
1;0;SIN CORREGIMIENTO;0;SIN VEREDA;356;BAVARIA;2;190
1;0;SIN CORREGIMIENTO;0;SIN VEREDA;357;CAFÉ MADRID CORRALES;1;47
1;0;SIN CORREGIMIENTO;0;SIN VEREDA;357;CAFÉ MADRID CORRALES;2;2
1;0;SIN CORREGIMIENTO;0;SIN VEREDA;359;GETSEMANI;1;451
1;0;SIN CORREGIMIENTO;0;SIN VEREDA;359;GETSEMANI;2;34
1;0;SIN CORREGIMIENTO;0;SIN VEREDA;361;VILLAS DEL NOGAL;1;4
1;0;SIN CORREGIMIENTO;0;SIN VEREDA;366;LOS CEDROS NORTE;1;77
1;0;SIN CORREGIMIENTO;0;SIN VEREDA;366;LOS CEDROS NORTE;2;1
1;0;SIN CORREGIMIENTO;0;SIN VEREDA;370;CAMPO MADRID;1;3780
1;0;SIN CORREGIMIENTO;0;SIN VEREDA;370;CAMPO MADRID;2;256
2;0;SIN CORREGIMIENTO;0;SIN VEREDA;0;BARRIO_S4;1;463
2;0;SIN CORREGIMIENTO;0;SIN VEREDA;0;BARRIO_S4;2;29
2;0;SIN CORREGIMIENTO;0;SIN VEREDA;8;EL ROSAL COLORADOS;1;2
2;0;SIN CORREGIMIENTO;0;SIN VEREDA;21;MIRADOR DE LA UIS;1;787
2;0;SIN CORREGIMIENTO;0;SIN VEREDA;21;MIRADOR DE LA UIS;2;46
2;0;SIN CORREGIMIENTO;0;SIN VEREDA;37;LOS CUADROS;1;852
2;0;SIN CORREGIMIENTO;0;SIN VEREDA;37;LOS CUADROS;2;64
2;0;SIN CORREGIMIENTO;0;SIN VEREDA;44;VILLA HELENA I Y II;1;2242
2;0;SIN CORREGIMIENTO;0;SIN VEREDA;44;VILLA HELENA I Y II;2;202
2;0;SIN CORREGIMIENTO;0;SIN VEREDA;45;LOS ÁNGELES;1;926
2;0;SIN CORREGIMIENTO;0;SIN VEREDA;45;LOS ÁNGELES;2;101
2;0;SIN CORREGIMIENTO;0;SIN VEREDA;46;JOSE MARÍA CÓRDOBA;1;733
2;0;SIN CORREGIMIENTO;0;SIN VEREDA;46;JOSE MARÍA CÓRDOBA;2;45
2;0;SIN CORREGIMIENTO;0;SIN VEREDA;47;OLAS ALTAS Y BAJAS;1;73
2;0;SIN CORREGIMIENTO;0;SIN VEREDA;47;OLAS ALTAS Y BAJAS;2;6
2;0;SIN CORREGIMIENTO;0;SIN VEREDA;50;VILLA ROSA;1;260
2;0;SIN CORREGIMIENTO;0;SIN VEREDA;50;VILLA ROSA;2;16
2;0;SIN CORREGIMIENTO;0;SIN VEREDA;51;LIZCANO I Y II;1;571
2;0;SIN CORREGIMIENTO;0;SIN VEREDA;51;LIZCANO I Y II;2;38
2;0;SIN CORREGIMIENTO;0;SIN VEREDA;52;ESPERANZA II;1;1793
2;0;SIN CORREGIMIENTO;0;SIN VEREDA;52;ESPERANZA II;2;224
2;0;SIN CORREGIMIENTO;0;SIN VEREDA;53;ESPERANZA III;1;1010
2;0;SIN CORREGIMIENTO;0;SIN VEREDA;53;ESPERANZA III;2;91
2;0;SIN CORREGIMIENTO;0;SIN VEREDA;54;MIRADOR NORTE;1;1000
2;0;SIN CORREGIMIENTO;0;SIN VEREDA;54;MIRADOR NORTE;2;80
2;0;SIN CORREGIMIENTO;0;SIN VEREDA;57;BOSCONIA ;1;7
2;0;SIN CORREGIMIENTO;0;SIN VEREDA;57;BOSCONIA ;2;3
2;0;SIN CORREGIMIENTO;0;SIN VEREDA;58;13 DE JUNIO;1;5
2;0;SIN CORREGIMIENTO;0;SIN VEREDA;59;LA GRANJITA;1;226
2;0;SIN CORREGIMIENTO;0;SIN VEREDA;59;LA GRANJITA;2;3
2;0;SIN CORREGIMIENTO;0;SIN VEREDA;61;REGADERO NORTE;1;1444
2;0;SIN CORREGIMIENTO;0;SIN VEREDA;61;REGADERO NORTE;2;179
2;0;SIN CORREGIMIENTO;0;SIN VEREDA;62;PRIMAVERAL REGADERO;1;151
2;0;SIN CORREGIMIENTO;0;SIN VEREDA;62;PRIMAVERAL REGADERO;2;9
2;0;SIN CORREGIMIENTO;0;SIN VEREDA;64;LA JUVENTUD;1;1238
2;0;SIN CORREGIMIENTO;0;SIN VEREDA;64;LA JUVENTUD;2;133
2;0;SIN CORREGIMIENTO;0;SIN VEREDA;65;ESPERANZA I;1;1291
2;0;SIN CORREGIMIENTO;0;SIN VEREDA;65;ESPERANZA I;2;131
2;0;SIN CORREGIMIENTO;0;SIN VEREDA;66;SAN CRISTOBAL;1;722
2;0;SIN CORREGIMIENTO;0;SIN VEREDA;66;SAN CRISTOBAL;2;105
2;0;SIN CORREGIMIENTO;0;SIN VEREDA;67;TRANSICIÓN I AL V;1;4876
2;0;SIN CORREGIMIENTO;0;SIN VEREDA;67;TRANSICIÓN I AL V;2;504
2;0;SIN CORREGIMIENTO;0;SIN VEREDA;68;NUEVA COLOMBIA;1;370
2;0;SIN CORREGIMIENTO;0;SIN VEREDA;68;NUEVA COLOMBIA;2;34
2;0;SIN CORREGIMIENTO;0;SIN VEREDA;69;VILLA MERCEDES;1;2046
2;0;SIN CORREGIMIENTO;0;SIN VEREDA;69;VILLA MERCEDES;2;127
2;0;SIN CORREGIMIENTO;0;SIN VEREDA;70;OLITAS;1;324
2;0;SIN CORREGIMIENTO;0;SIN VEREDA;70;OLITAS;2;37
2;0;SIN CORREGIMIENTO;0;SIN VEREDA;71;BOSQUE NORTE ;1;1187
2;0;SIN CORREGIMIENTO;0;SIN VEREDA;71;BOSQUE NORTE ;2;116
2;0;SIN CORREGIMIENTO;0;SIN VEREDA;72;LA INDEPENDENCIA;1;3337
2;0;SIN CORREGIMIENTO;0;SIN VEREDA;72;LA INDEPENDENCIA;2;334
2;0;SIN CORREGIMIENTO;0;SIN VEREDA;74;NORTE BAJO;1;137
2;0;SIN CORREGIMIENTO;0;SIN VEREDA;74;NORTE BAJO;2;10
2;0;SIN CORREGIMIENTO;0;SIN VEREDA;75;SAN RAFAEL;1;3
2;0;SIN CORREGIMIENTO;0;SIN VEREDA;75;SAN RAFAEL;2;2
2;0;SIN CORREGIMIENTO;0;SIN VEREDA;76;CHAPINERO;1;4
2;0;SIN CORREGIMIENTO;0;SIN VEREDA;76;CHAPINERO;2;1
2;0;SIN CORREGIMIENTO;0;SIN VEREDA;87;DON BOSCO;1;1
2;0;SIN CORREGIMIENTO;0;SIN VEREDA;87;DON BOSCO;2;1
2;0;SIN CORREGIMIENTO;0;SIN VEREDA;95;COMUNEROS;1;174
2;0;SIN CORREGIMIENTO;0;SIN VEREDA;95;COMUNEROS;2;18
2;0;SIN CORREGIMIENTO;0;SIN VEREDA;101;UNIVERSIDAD;1;7
2;0;SIN CORREGIMIENTO;0;SIN VEREDA;101;UNIVERSIDAD;2;1
2;0;SIN CORREGIMIENTO;0;SIN VEREDA;110;MORRORRICO;1;30
2;0;SIN CORREGIMIENTO;0;SIN VEREDA;113;PUERTO RICO;1;2
2;0;SIN CORREGIMIENTO;0;SIN VEREDA;116;MIRAFLORES;1;4
2;0;SIN CORREGIMIENTO;0;SIN VEREDA;153;EL PANTANO I;1;11
2;0;SIN CORREGIMIENTO;0;SIN VEREDA;179;COLOMBIA;1;2
2;0;SIN CORREGIMIENTO;0;SIN VEREDA;179;COLOMBIA;2;1
2;0;SIN CORREGIMIENTO;0;SIN VEREDA;223;PORVENIR BAJO;1;11
2;0;SIN CORREGIMIENTO;0;SIN VEREDA;223;PORVENIR BAJO;2;1
2;0;SIN CORREGIMIENTO;0;SIN VEREDA;271;MONEQUE;1;67
2;0;SIN CORREGIMIENTO;0;SIN VEREDA;271;MONEQUE;2;13
2;0;SIN CORREGIMIENTO;0;SIN VEREDA;337;CIUDADELA CLUB COMFENALCO;1;406
2;0;SIN CORREGIMIENTO;0;SIN VEREDA;337;CIUDADELA CLUB COMFENALCO;2;15
3;0;SIN CORREGIMIENTO;0;SIN VEREDA;21;MIRADOR DE LA UIS;1;2
3;0;SIN CORREGIMIENTO;0;SIN VEREDA;72;LA INDEPENDENCIA;1;21
3;0;SIN CORREGIMIENTO;0;SIN VEREDA;72;LA INDEPENDENCIA;2;8
3;0;SIN CORREGIMIENTO;0;SIN VEREDA;74;NORTE BAJO;1;541
3;0;SIN CORREGIMIENTO;0;SIN VEREDA;74;NORTE BAJO;2;45
3;0;SIN CORREGIMIENTO;0;SIN VEREDA;75;SAN RAFAEL;1;1880
3;0;SIN CORREGIMIENTO;0;SIN VEREDA;75;SAN RAFAEL;2;224
3;0;SIN CORREGIMIENTO;0;SIN VEREDA;76;CHAPINERO;1;838
3;0;SIN CORREGIMIENTO;0;SIN VEREDA;76;CHAPINERO;2;94
3;0;SIN CORREGIMIENTO;0;SIN VEREDA;95;COMUNEROS;1;4194
3;0;SIN CORREGIMIENTO;0;SIN VEREDA;95;COMUNEROS;2;457
3;0;SIN CORREGIMIENTO;0;SIN VEREDA;96;MODELO;1;654
3;0;SIN CORREGIMIENTO;0;SIN VEREDA;96;MODELO;2;74
3;0;SIN CORREGIMIENTO;0;SIN VEREDA;97;MUTUALIDAD;1;1127
3;0;SIN CORREGIMIENTO;0;SIN VEREDA;97;MUTUALIDAD;2;125
3;0;SIN CORREGIMIENTO;0;SIN VEREDA;98;SAN FRANCISCO;1;1840
3;0;SIN CORREGIMIENTO;0;SIN VEREDA;98;SAN FRANCISCO;2;215
3;0;SIN CORREGIMIENTO;0;SIN VEREDA;99;ALARCÓN;1;204
3;0;SIN CORREGIMIENTO;0;SIN VEREDA;99;ALARCÓN;2;21
3;0;SIN CORREGIMIENTO;0;SIN VEREDA;100;SAN ALONSO;1;11
3;0;SIN CORREGIMIENTO;0;SIN VEREDA;100;SAN ALONSO;2;2
3;0;SIN CORREGIMIENTO;0;SIN VEREDA;101;UNIVERSIDAD;1;117
3;0;SIN CORREGIMIENTO;0;SIN VEREDA;101;UNIVERSIDAD;2;13
3;0;SIN CORREGIMIENTO;0;SIN VEREDA;113;PUERTO RICO;1;142
3;0;SIN CORREGIMIENTO;0;SIN VEREDA;113;PUERTO RICO;2;10
3;0;SIN CORREGIMIENTO;0;SIN VEREDA;130;CENTRO;1;4
3;0;SIN CORREGIMIENTO;0;SIN VEREDA;131;ANTONIA SANTOS CENTRO;1;5
3;0;SIN CORREGIMIENTO;0;SIN VEREDA;195;PABLO VI;1;41
3;0;SIN CORREGIMIENTO;0;SIN VEREDA;195;PABLO VI;2;10
3;0;SIN CORREGIMIENTO;0;SIN VEREDA;218;SAN EXPEDITO;1;5
3;0;SIN CORREGIMIENTO;0;SIN VEREDA;305;SAN VALENTÍN;1;1
4;0;SIN CORREGIMIENTO;0;SIN VEREDA;0;BARRIO_S4;1;2
4;0;SIN CORREGIMIENTO;0;SIN VEREDA;3;COLORADOS;1;2
4;0;SIN CORREGIMIENTO;0;SIN VEREDA;11;DIVINO NIÑO NORTE;1;6
4;0;SIN CORREGIMIENTO;0;SIN VEREDA;14;CAFÉ MADRID;1;2
4;0;SIN CORREGIMIENTO;0;SIN VEREDA;16;GALLINERAL;1;431
4;0;SIN CORREGIMIENTO;0;SIN VEREDA;16;GALLINERAL;2;17
4;0;SIN CORREGIMIENTO;0;SIN VEREDA;18;5 DE ENERO;1;360
4;0;SIN CORREGIMIENTO;0;SIN VEREDA;18;5 DE ENERO;2;31
4;0;SIN CORREGIMIENTO;0;SIN VEREDA;20;CARLOS PIZARRO;1;133
4;0;SIN CORREGIMIENTO;0;SIN VEREDA;20;CARLOS PIZARRO;2;4
4;0;SIN CORREGIMIENTO;0;SIN VEREDA;22;JOSE ANTONIO GALÁN;1;1565
4;0;SIN CORREGIMIENTO;0;SIN VEREDA;22;JOSE ANTONIO GALÁN;2;106
4;0;SIN CORREGIMIENTO;0;SIN VEREDA;35;MINUTO DE DIOS;1;1
4;0;SIN CORREGIMIENTO;0;SIN VEREDA;46;JOSE MARÍA CÓRDOBA;1;1
4;0;SIN CORREGIMIENTO;0;SIN VEREDA;73;CINAL I II Y III;1;472
4;0;SIN CORREGIMIENTO;0;SIN VEREDA;73;CINAL I II Y III;2;70
4;0;SIN CORREGIMIENTO;0;SIN VEREDA;74;NORTE BAJO;1;21
4;0;SIN CORREGIMIENTO;0;SIN VEREDA;74;NORTE BAJO;2;5
4;0;SIN CORREGIMIENTO;0;SIN VEREDA;75;SAN RAFAEL;1;3
4;0;SIN CORREGIMIENTO;0;SIN VEREDA;75;SAN RAFAEL;2;1
4;0;SIN CORREGIMIENTO;0;SIN VEREDA;77;GAITÁN;1;3391
4;0;SIN CORREGIMIENTO;0;SIN VEREDA;77;GAITÁN;2;334
4;0;SIN CORREGIMIENTO;0;SIN VEREDA;78;GRANADA;1;671
4;0;SIN CORREGIMIENTO;0;SIN VEREDA;78;GRANADA;2;56
4;0;SIN CORREGIMIENTO;0;SIN VEREDA;79;LA FERIA;1;572
4;0;SIN CORREGIMIENTO;0;SIN VEREDA;79;LA FERIA;2;86
4;0;SIN CORREGIMIENTO;0;SIN VEREDA;80;NAPOLES;1;821
4;0;SIN CORREGIMIENTO;0;SIN VEREDA;80;NAPOLES;2;82
4;0;SIN CORREGIMIENTO;0;SIN VEREDA;82;GIRARDOT;1;4729
4;0;SIN CORREGIMIENTO;0;SIN VEREDA;82;GIRARDOT;2;461
4;0;SIN CORREGIMIENTO;0;SIN VEREDA;83;ZARABANDA;1;473
4;0;SIN CORREGIMIENTO;0;SIN VEREDA;83;ZARABANDA;2;24
4;0;SIN CORREGIMIENTO;0;SIN VEREDA;84;CUYANITA;1;674
4;0;SIN CORREGIMIENTO;0;SIN VEREDA;84;CUYANITA;2;50
4;0;SIN CORREGIMIENTO;0;SIN VEREDA;85;CAMILO TORRES;1;625
4;0;SIN CORREGIMIENTO;0;SIN VEREDA;85;CAMILO TORRES;2;52
4;0;SIN CORREGIMIENTO;0;SIN VEREDA;86;SANTANDER;1;1804
4;0;SIN CORREGIMIENTO;0;SIN VEREDA;86;SANTANDER;2;195
4;0;SIN CORREGIMIENTO;0;SIN VEREDA;87;DON BOSCO;1;917
4;0;SIN CORREGIMIENTO;0;SIN VEREDA;87;DON BOSCO;2;68
4;0;SIN CORREGIMIENTO;0;SIN VEREDA;89;NAPOLES CURTIEMBRE;1;403
4;0;SIN CORREGIMIENTO;0;SIN VEREDA;89;NAPOLES CURTIEMBRE;2;29
4;0;SIN CORREGIMIENTO;0;SIN VEREDA;90;LA GLORIA;1;813
4;0;SIN CORREGIMIENTO;0;SIN VEREDA;90;LA GLORIA;2;75
4;0;SIN CORREGIMIENTO;0;SIN VEREDA;92;NARIÑO;1;1743
4;0;SIN CORREGIMIENTO;0;SIN VEREDA;92;NARIÑO;2;154
4;0;SIN CORREGIMIENTO;0;SIN VEREDA;93;PIO XII;1;278
4;0;SIN CORREGIMIENTO;0;SIN VEREDA;93;PIO XII;2;21
4;0;SIN CORREGIMIENTO;0;SIN VEREDA;98;SAN FRANCISCO;1;1
4;0;SIN CORREGIMIENTO;0;SIN VEREDA;99;ALARCÓN;1;19
4;0;SIN CORREGIMIENTO;0;SIN VEREDA;99;ALARCÓN;2;3
4;0;SIN CORREGIMIENTO;0;SIN VEREDA;119;GALÁN;1;16
4;0;SIN CORREGIMIENTO;0;SIN VEREDA;119;GALÁN;2;16
4;0;SIN CORREGIMIENTO;0;SIN VEREDA;130;CENTRO;1;1
4;0;SIN CORREGIMIENTO;0;SIN VEREDA;131;ANTONIA SANTOS CENTRO;1;1
4;0;SIN CORREGIMIENTO;0;SIN VEREDA;136;SOTOMAYOR;1;1
4;0;SIN CORREGIMIENTO;0;SIN VEREDA;141;GARCÍA ROVIRA;1;24
4;0;SIN CORREGIMIENTO;0;SIN VEREDA;141;GARCÍA ROVIRA;2;2
4;0;SIN CORREGIMIENTO;0;SIN VEREDA;142;ALFONSO LÓPEZ;1;3
4;0;SIN CORREGIMIENTO;0;SIN VEREDA;142;ALFONSO LÓPEZ;2;1
4;0;SIN CORREGIMIENTO;0;SIN VEREDA;145;CAMPO HERMOSO;2;1
4;0;SIN CORREGIMIENTO;0;SIN VEREDA;154;EL PANTANO II;1;38
4;0;SIN CORREGIMIENTO;0;SIN VEREDA;154;EL PANTANO II;2;11
4;0;SIN CORREGIMIENTO;0;SIN VEREDA;193;NUEVA GRANADA;1;58
4;0;SIN CORREGIMIENTO;0;SIN VEREDA;193;NUEVA GRANADA;2;9
4;0;SIN CORREGIMIENTO;0;SIN VEREDA;232;DANGOND;1;26
4;0;SIN CORREGIMIENTO;0;SIN VEREDA;232;DANGOND;2;1
4;0;SIN CORREGIMIENTO;0;SIN VEREDA;240;IGSABELAR;1;15
4;0;SIN CORREGIMIENTO;0;SIN VEREDA;240;IGSABELAR;2;2
4;0;SIN CORREGIMIENTO;0;SIN VEREDA;278;12 DE OCTUBRE;1;1119
4;0;SIN CORREGIMIENTO;0;SIN VEREDA;278;12 DE OCTUBRE;2;111
4;0;SIN CORREGIMIENTO;0;SIN VEREDA;279;DIVINO NIÑO CENTRO ;1;451
4;0;SIN CORREGIMIENTO;0;SIN VEREDA;279;DIVINO NIÑO CENTRO ;2;32
4;0;SIN CORREGIMIENTO;0;SIN VEREDA;280;RESERVA DE LA INMACULADA;1;1396
4;0;SIN CORREGIMIENTO;0;SIN VEREDA;280;RESERVA DE LA INMACULADA;2;121
4;0;SIN CORREGIMIENTO;0;SIN VEREDA;307;MILAGRO DE DIOS;1;748
4;0;SIN CORREGIMIENTO;0;SIN VEREDA;307;MILAGRO DE DIOS;2;60
4;0;SIN CORREGIMIENTO;0;SIN VEREDA;325;MARÍA AUXILIADORA;1;107
4;0;SIN CORREGIMIENTO;0;SIN VEREDA;325;MARÍA AUXILIADORA;2;18
4;0;SIN CORREGIMIENTO;0;SIN VEREDA;333;23 DE JUNIO;1;537
4;0;SIN CORREGIMIENTO;0;SIN VEREDA;333;23 DE JUNIO;2;59
4;0;SIN CORREGIMIENTO;0;SIN VEREDA;345;PASEO DE LA FERIA;1;1239
4;0;SIN CORREGIMIENTO;0;SIN VEREDA;345;PASEO DE LA FERIA;2;113
4;0;SIN CORREGIMIENTO;0;SIN VEREDA;356;BAVARIA;1;6
4;0;SIN CORREGIMIENTO;0;SIN VEREDA;359;GETSEMANI;1;1
4;0;SIN CORREGIMIENTO;0;SIN VEREDA;365;VILLAS DE GIRARDOT;1;1887
4;0;SIN CORREGIMIENTO;0;SIN VEREDA;365;VILLAS DE GIRARDOT;2;162
4;0;SIN CORREGIMIENTO;0;SIN VEREDA;368;URBANIZACIÓN LA INMACULADA;1;2203
4;0;SIN CORREGIMIENTO;0;SIN VEREDA;368;URBANIZACIÓN LA INMACULADA;2;213
4;0;SIN CORREGIMIENTO;0;SIN VEREDA;999999;BARRIO_S4;1;1
5;0;SIN CORREGIMIENTO;0;SIN VEREDA;17;RINCÓN DE LA PAZ;1;879
5;0;SIN CORREGIMIENTO;0;SIN VEREDA;17;RINCÓN DE LA PAZ;2;67
5;0;SIN CORREGIMIENTO;0;SIN VEREDA;82;GIRARDOT;1;2
5;0;SIN CORREGIMIENTO;0;SIN VEREDA;141;GARCÍA ROVIRA;1;62
5;0;SIN CORREGIMIENTO;0;SIN VEREDA;141;GARCÍA ROVIRA;2;2
5;0;SIN CORREGIMIENTO;0;SIN VEREDA;142;ALFONSO LÓPEZ;1;3000
5;0;SIN CORREGIMIENTO;0;SIN VEREDA;142;ALFONSO LÓPEZ;2;340
5;0;SIN CORREGIMIENTO;0;SIN VEREDA;143;LA JOYA;1;1849
5;0;SIN CORREGIMIENTO;0;SIN VEREDA;143;LA JOYA;2;177
5;0;SIN CORREGIMIENTO;0;SIN VEREDA;144;CHORRERAS DE DON JUAN;1;585
5;0;SIN CORREGIMIENTO;0;SIN VEREDA;144;CHORRERAS DE DON JUAN;2;75
5;0;SIN CORREGIMIENTO;0;SIN VEREDA;145;CAMPO HERMOSO;1;6254
5;0;SIN CORREGIMIENTO;0;SIN VEREDA;145;CAMPO HERMOSO;2;622
5;0;SIN CORREGIMIENTO;0;SIN VEREDA;146;LA ESMERALDA;1;316
5;0;SIN CORREGIMIENTO;0;SIN VEREDA;146;LA ESMERALDA;2;18
5;0;SIN CORREGIMIENTO;0;SIN VEREDA;149;PRIMERO DE MAYO;1;816
5;0;SIN CORREGIMIENTO;0;SIN VEREDA;149;PRIMERO DE MAYO;2;81
5;0;SIN CORREGIMIENTO;0;SIN VEREDA;150;VILLAS DEL ROMERO;1;1
5;0;SIN CORREGIMIENTO;0;SIN VEREDA;151;LA ESTRELLA;1;3
5;0;SIN CORREGIMIENTO;0;SIN VEREDA;152;QUINTA ESTRELLA;1;513
5;0;SIN CORREGIMIENTO;0;SIN VEREDA;152;QUINTA ESTRELLA;2;41
5;0;SIN CORREGIMIENTO;0;SIN VEREDA;153;EL PANTANO I;1;260
5;0;SIN CORREGIMIENTO;0;SIN VEREDA;153;EL PANTANO I;2;18
5;0;SIN CORREGIMIENTO;0;SIN VEREDA;154;EL PANTANO II;1;531
5;0;SIN CORREGIMIENTO;0;SIN VEREDA;154;EL PANTANO II;2;25
5;0;SIN CORREGIMIENTO;0;SIN VEREDA;155;EL PANTANO III;1;296
5;0;SIN CORREGIMIENTO;0;SIN VEREDA;155;EL PANTANO III;2;17
5;0;SIN CORREGIMIENTO;0;SIN VEREDA;168;FUNDADORES I Y II;2;1
5;0;SIN CORREGIMIENTO;0;SIN VEREDA;173;ESTORAQUES;1;1527
5;0;SIN CORREGIMIENTO;0;SIN VEREDA;173;ESTORAQUES;2;127
5;0;SIN CORREGIMIENTO;0;SIN VEREDA;175;PUNTA ESTRELLA;1;17
5;0;SIN CORREGIMIENTO;0;SIN VEREDA;175;PUNTA ESTRELLA;2;2
5;0;SIN CORREGIMIENTO;0;SIN VEREDA;192;LA SALLE;1;4
5;0;SIN CORREGIMIENTO;0;SIN VEREDA;192;LA SALLE;2;1
5;0;SIN CORREGIMIENTO;0;SIN VEREDA;285;URBANIZACIÓN LOS BUCAROS;1;36
5;0;SIN CORREGIMIENTO;0;SIN VEREDA;285;URBANIZACIÓN LOS BUCAROS;2;2
5;0;SIN CORREGIMIENTO;0;SIN VEREDA;296;LA PARCELA;2;1
5;0;SIN CORREGIMIENTO;0;SIN VEREDA;301;CERVUNION;1;1
5;0;SIN CORREGIMIENTO;0;SIN VEREDA;328;CAMPESTRE NORTE ;1;2
5;0;SIN CORREGIMIENTO;0;SIN VEREDA;329;VILLA DEL PRADO;1;139
5;0;SIN CORREGIMIENTO;0;SIN VEREDA;329;VILLA DEL PRADO;2;7
5;0;SIN CORREGIMIENTO;0;SIN VEREDA;336;12 DE FEBRERO;1;13
5;0;SIN CORREGIMIENTO;0;SIN VEREDA;336;12 DE FEBRERO;2;1
5;0;SIN CORREGIMIENTO;0;SIN VEREDA;370;CAMPO MADRID;1;2
5;0;SIN CORREGIMIENTO;0;SIN VEREDA;370;CAMPO MADRID;2;1
6;0;SIN CORREGIMIENTO;0;SIN VEREDA;99;ALARCÓN;1;3
6;0;SIN CORREGIMIENTO;0;SIN VEREDA;130;CENTRO;1;6
6;0;SIN CORREGIMIENTO;0;SIN VEREDA;135;LA CONCORDIA;1;639
6;0;SIN CORREGIMIENTO;0;SIN VEREDA;135;LA CONCORDIA;2;91
6;0;SIN CORREGIMIENTO;0;SIN VEREDA;137;NUEVO SOTOMAYOR;1;5
6;0;SIN CORREGIMIENTO;0;SIN VEREDA;144;CHORRERAS DE DON JUAN;1;100
6;0;SIN CORREGIMIENTO;0;SIN VEREDA;144;CHORRERAS DE DON JUAN;2;23
6;0;SIN CORREGIMIENTO;0;SIN VEREDA;145;CAMPO HERMOSO;1;5
6;0;SIN CORREGIMIENTO;0;SIN VEREDA;156;CANDILES;1;566
6;0;SIN CORREGIMIENTO;0;SIN VEREDA;156;CANDILES;2;35
6;0;SIN CORREGIMIENTO;0;SIN VEREDA;157;SAN MIGUEL;1;987
6;0;SIN CORREGIMIENTO;0;SIN VEREDA;157;SAN MIGUEL;2;103
6;0;SIN CORREGIMIENTO;0;SIN VEREDA;158;GOMEZ NIÑO;1;28
6;0;SIN CORREGIMIENTO;0;SIN VEREDA;158;GOMEZ NIÑO;2;16
6;0;SIN CORREGIMIENTO;0;SIN VEREDA;159;RICAURTE;1;534
6;0;SIN CORREGIMIENTO;0;SIN VEREDA;159;RICAURTE;2;67
6;0;SIN CORREGIMIENTO;0;SIN VEREDA;160;LA CEIBA;1;15
6;0;SIN CORREGIMIENTO;0;SIN VEREDA;160;LA CEIBA;2;3
6;0;SIN CORREGIMIENTO;0;SIN VEREDA;162;CIUDADELA REAL DE MINAS ;2;1
6;0;SIN CORREGIMIENTO;0;SIN VEREDA;180;CANELOS;1;5
6;0;SIN CORREGIMIENTO;0;SIN VEREDA;180;CANELOS;2;1
6;0;SIN CORREGIMIENTO;0;SIN VEREDA;191;LA VICTORIA;1;41
6;0;SIN CORREGIMIENTO;0;SIN VEREDA;191;LA VICTORIA;2;13
6;0;SIN CORREGIMIENTO;0;SIN VEREDA;194;CORDONCILLO I;1;8
6;0;SIN CORREGIMIENTO;0;SIN VEREDA;194;CORDONCILLO I;2;1
6;0;SIN CORREGIMIENTO;0;SIN VEREDA;195;PABLO VI;1;9
6;0;SIN CORREGIMIENTO;0;SIN VEREDA;195;PABLO VI;2;3
6;0;SIN CORREGIMIENTO;0;SIN VEREDA;274;BOLÍVAR;1;1
6;0;SIN CORREGIMIENTO;0;SIN VEREDA;286;MACAREGUA;1;2
6;0;SIN CORREGIMIENTO;0;SIN VEREDA;308;LA CUÑITA;1;1
7;0;SIN CORREGIMIENTO;0;SIN VEREDA;131;ANTONIA SANTOS CENTRO;1;2
7;0;SIN CORREGIMIENTO;0;SIN VEREDA;158;GOMEZ NIÑO;1;5
7;0;SIN CORREGIMIENTO;0;SIN VEREDA;159;RICAURTE;1;2
7;0;SIN CORREGIMIENTO;0;SIN VEREDA;162;CIUDADELA REAL DE MINAS ;1;59
7;0;SIN CORREGIMIENTO;0;SIN VEREDA;162;CIUDADELA REAL DE MINAS ;2;9
7;0;SIN CORREGIMIENTO;0;SIN VEREDA;163;BALCONCITOS;1;446
7;0;SIN CORREGIMIENTO;0;SIN VEREDA;163;BALCONCITOS;2;35
7;0;SIN CORREGIMIENTO;0;SIN VEREDA;164;MUTIS;1;6
7;0;SIN CORREGIMIENTO;0;SIN VEREDA;164;MUTIS;2;1
7;0;SIN CORREGIMIENTO;0;SIN VEREDA;171;CIUDAD BOLIVAR;1;92
7;0;SIN CORREGIMIENTO;0;SIN VEREDA;171;CIUDAD BOLIVAR;2;7
7;0;SIN CORREGIMIENTO;0;SIN VEREDA;177;LOS ALMENDROS;1;12
7;0;SIN CORREGIMIENTO;0;SIN VEREDA;177;LOS ALMENDROS;2;1
7;0;SIN CORREGIMIENTO;0;SIN VEREDA;178;SAN GERARDO I Y II;1;44
7;0;SIN CORREGIMIENTO;0;SIN VEREDA;178;SAN GERARDO I Y II;2;4
7;0;SIN CORREGIMIENTO;0;SIN VEREDA;180;CANELOS;1;1
7;0;SIN CORREGIMIENTO;0;SIN VEREDA;180;CANELOS;2;1
7;0;SIN CORREGIMIENTO;0;SIN VEREDA;182;BUCARAMANGA;1;16
7;0;SIN CORREGIMIENTO;0;SIN VEREDA;182;BUCARAMANGA;2;2
7;0;SIN CORREGIMIENTO;0;SIN VEREDA;184;LAURELES;1;1
7;0;SIN CORREGIMIENTO;0;SIN VEREDA;187;LOS NARANJOS;1;8
7;0;SIN CORREGIMIENTO;0;SIN VEREDA;187;LOS NARANJOS;2;2
7;0;SIN CORREGIMIENTO;0;SIN VEREDA;189;SAMANES;1;5
7;0;SIN CORREGIMIENTO;0;SIN VEREDA;189;SAMANES;2;1
7;0;SIN CORREGIMIENTO;0;SIN VEREDA;273;BALCONES DE GRATAMIRA;1;8
7;0;SIN CORREGIMIENTO;0;SIN VEREDA;286;MACAREGUA;1;1
8;0;SIN CORREGIMIENTO;0;SIN VEREDA;12;CAFÉ MADRID EL TÚNEL;1;2
8;0;SIN CORREGIMIENTO;0;SIN VEREDA;18;5 DE ENERO;1;2
8;0;SIN CORREGIMIENTO;0;SIN VEREDA;35;MINUTO DE DIOS;1;3
8;0;SIN CORREGIMIENTO;0;SIN VEREDA;115;BUENAVISTA;1;3
8;0;SIN CORREGIMIENTO;0;SIN VEREDA;160;LA CEIBA;1;4
8;0;SIN CORREGIMIENTO;0;SIN VEREDA;178;SAN GERARDO I Y II;1;1850
8;0;SIN CORREGIMIENTO;0;SIN VEREDA;178;SAN GERARDO I Y II;2;155
8;0;SIN CORREGIMIENTO;0;SIN VEREDA;179;COLOMBIA;1;263
8;0;SIN CORREGIMIENTO;0;SIN VEREDA;179;COLOMBIA;2;24
8;0;SIN CORREGIMIENTO;0;SIN VEREDA;180;CANELOS;1;1107
8;0;SIN CORREGIMIENTO;0;SIN VEREDA;180;CANELOS;2;101
8;0;SIN CORREGIMIENTO;0;SIN VEREDA;181;MANZANA 10;1;254
8;0;SIN CORREGIMIENTO;0;SIN VEREDA;181;MANZANA 10;2;23
8;0;SIN CORREGIMIENTO;0;SIN VEREDA;182;BUCARAMANGA;1;3407
8;0;SIN CORREGIMIENTO;0;SIN VEREDA;182;BUCARAMANGA;2;276
8;0;SIN CORREGIMIENTO;0;SIN VEREDA;183;PEÑÓN DEL VALLE;1;4
8;0;SIN CORREGIMIENTO;0;SIN VEREDA;183;PEÑÓN DEL VALLE;2;1
8;0;SIN CORREGIMIENTO;0;SIN VEREDA;184;LAURELES;1;436
8;0;SIN CORREGIMIENTO;0;SIN VEREDA;184;LAURELES;2;21
8;0;SIN CORREGIMIENTO;0;SIN VEREDA;185;CORDONCILLO II;1;289
8;0;SIN CORREGIMIENTO;0;SIN VEREDA;185;CORDONCILLO II;2;16
8;0;SIN CORREGIMIENTO;0;SIN VEREDA;191;LA VICTORIA;1;6
8;0;SIN CORREGIMIENTO;0;SIN VEREDA;191;LA VICTORIA;2;1
8;0;SIN CORREGIMIENTO;0;SIN VEREDA;194;CORDONCILLO I;1;762
8;0;SIN CORREGIMIENTO;0;SIN VEREDA;194;CORDONCILLO I;2;76
8;0;SIN CORREGIMIENTO;0;SIN VEREDA;195;PABLO VI;1;1988
8;0;SIN CORREGIMIENTO;0;SIN VEREDA;195;PABLO VI;2;243
8;0;SIN CORREGIMIENTO;0;SIN VEREDA;196;AFRIKA;1;243
8;0;SIN CORREGIMIENTO;0;SIN VEREDA;196;AFRIKA;2;18
8;0;SIN CORREGIMIENTO;0;SIN VEREDA;197;20 DE JULIO;1;88
8;0;SIN CORREGIMIENTO;0;SIN VEREDA;197;20 DE JULIO;2;9
8;0;SIN CORREGIMIENTO;0;SIN VEREDA;198;EL FONCE;1;8
8;0;SIN CORREGIMIENTO;0;SIN VEREDA;199;JUAN XXIII;1;1163
8;0;SIN CORREGIMIENTO;0;SIN VEREDA;199;JUAN XXIII;2;84
8;0;SIN CORREGIMIENTO;0;SIN VEREDA;281;SAN IGNACIO REAL;1;4
8;0;SIN CORREGIMIENTO;0;SIN VEREDA;333;23 DE JUNIO;1;2
8;0;SIN CORREGIMIENTO;0;SIN VEREDA;333;23 DE JUNIO;2;1
8;0;SIN CORREGIMIENTO;0;SIN VEREDA;349;JUAN XXIII CANCHA LA GUACAMAYA;1;56
8;0;SIN CORREGIMIENTO;0;SIN VEREDA;349;JUAN XXIII CANCHA LA GUACAMAYA;2;2
9;0;SIN CORREGIMIENTO;0;SIN VEREDA;192;LA SALLE;1;8
9;0;SIN CORREGIMIENTO;0;SIN VEREDA;192;LA SALLE;2;3
9;0;SIN CORREGIMIENTO;0;SIN VEREDA;193;NUEVA GRANADA;1;349
9;0;SIN CORREGIMIENTO;0;SIN VEREDA;193;NUEVA GRANADA;2;34
9;0;SIN CORREGIMIENTO;0;SIN VEREDA;200;ANTONIA SANTOS SUR;1;75
9;0;SIN CORREGIMIENTO;0;SIN VEREDA;200;ANTONIA SANTOS SUR;2;35
9;0;SIN CORREGIMIENTO;0;SIN VEREDA;201;QUEBRADA LA IGLESIA;1;368
9;0;SIN CORREGIMIENTO;0;SIN VEREDA;201;QUEBRADA LA IGLESIA;2;48
9;0;SIN CORREGIMIENTO;0;SIN VEREDA;202;SAN PEDRO;1;656
9;0;SIN CORREGIMIENTO;0;SIN VEREDA;202;SAN PEDRO;2;50
9;0;SIN CORREGIMIENTO;0;SIN VEREDA;203;SAN MARTÍN;1;1533
9;0;SIN CORREGIMIENTO;0;SIN VEREDA;203;SAN MARTÍN;2;153
9;0;SIN CORREGIMIENTO;0;SIN VEREDA;204;EL SOL I Y II;1;650
9;0;SIN CORREGIMIENTO;0;SIN VEREDA;204;EL SOL I Y II;2;37
9;0;SIN CORREGIMIENTO;0;SIN VEREDA;205;GUAYACANES;1;5
9;0;SIN CORREGIMIENTO;0;SIN VEREDA;205;GUAYACANES;2;1
9;0;SIN CORREGIMIENTO;0;SIN VEREDA;207;LA PEDREGOSA;1;179
9;0;SIN CORREGIMIENTO;0;SIN VEREDA;207;LA PEDREGOSA;2;8
9;0;SIN CORREGIMIENTO;0;SIN VEREDA;208;DIAMANTE I;1;59
9;0;SIN CORREGIMIENTO;0;SIN VEREDA;208;DIAMANTE I;2;6
9;0;SIN CORREGIMIENTO;0;SIN VEREDA;209;LAS CASITAS;1;259
9;0;SIN CORREGIMIENTO;0;SIN VEREDA;209;LAS CASITAS;2;20
9;0;SIN CORREGIMIENTO;0;SIN VEREDA;210;VILLA INES;1;13
9;0;SIN CORREGIMIENTO;0;SIN VEREDA;210;VILLA INES;2;1
9;0;SIN CORREGIMIENTO;0;SIN VEREDA;211;ASTURIAS;1;4
9;0;SIN CORREGIMIENTO;0;SIN VEREDA;213;LA LIBERTAD;1;162
9;0;SIN CORREGIMIENTO;0;SIN VEREDA;213;LA LIBERTAD;2;19
9;0;SIN CORREGIMIENTO;0;SIN VEREDA;239;MANUELA BELTRÁN ;1;3
9;0;SIN CORREGIMIENTO;0;SIN VEREDA;239;MANUELA BELTRÁN ;2;1
9;0;SIN CORREGIMIENTO;0;SIN VEREDA;288;PORTOFINO;1;1
9;0;SIN CORREGIMIENTO;0;SIN VEREDA;316;MIRADOR DE SAN LORENZO;1;5
10;0;SIN CORREGIMIENTO;0;SIN VEREDA;0;BARRIO_S4;1;3
10;0;SIN CORREGIMIENTO;0;SIN VEREDA;182;BUCARAMANGA;1;3
10;0;SIN CORREGIMIENTO;0;SIN VEREDA;220;DIAMANTE II;1;33
10;0;SIN CORREGIMIENTO;0;SIN VEREDA;220;DIAMANTE II;2;10
10;0;SIN CORREGIMIENTO;0;SIN VEREDA;221;SAN LUIS;1;27
10;0;SIN CORREGIMIENTO;0;SIN VEREDA;221;SAN LUIS;2;9
10;0;SIN CORREGIMIENTO;0;SIN VEREDA;222;PROVENZA;1;45
10;0;SIN CORREGIMIENTO;0;SIN VEREDA;222;PROVENZA;2;12
10;0;SIN CORREGIMIENTO;0;SIN VEREDA;225;EL CRISTAL;1;3361
10;0;SIN CORREGIMIENTO;0;SIN VEREDA;225;EL CRISTAL;2;246
10;0;SIN CORREGIMIENTO;0;SIN VEREDA;226;GRANJAS DE PROVENZA;1;1167
10;0;SIN CORREGIMIENTO;0;SIN VEREDA;226;GRANJAS DE PROVENZA;2;64
10;0;SIN CORREGIMIENTO;0;SIN VEREDA;227;GRANJAS DE JULIO RINCÓN;1;1
10;0;SIN CORREGIMIENTO;0;SIN VEREDA;228;EL ROCIO;2;1
10;0;SIN CORREGIMIENTO;0;SIN VEREDA;233;"LUZ DE SALVACIÓN BAJO		";1;114
10;0;SIN CORREGIMIENTO;0;SIN VEREDA;233;"LUZ DE SALVACIÓN BAJO		";2;6
10;0;SIN CORREGIMIENTO;0;SIN VEREDA;234;DELICIAS ALTAS Y BAJAS SUR;1;4
10;0;SIN CORREGIMIENTO;0;SIN VEREDA;243;CIUDAD VENECIA ;1;4
10;0;SIN CORREGIMIENTO;0;SIN VEREDA;243;CIUDAD VENECIA ;2;1
10;0;SIN CORREGIMIENTO;0;SIN VEREDA;284;FONTANA;1;12
10;0;SIN CORREGIMIENTO;0;SIN VEREDA;317;NUEVA FONTANA;1;4
10;0;SIN CORREGIMIENTO;0;SIN VEREDA;317;NUEVA FONTANA;2;4
10;0;SIN CORREGIMIENTO;0;SIN VEREDA;326;VIVEROS DE PROVENZA;1;444
10;0;SIN CORREGIMIENTO;0;SIN VEREDA;326;VIVEROS DE PROVENZA;2;19
10;0;SIN CORREGIMIENTO;0;SIN VEREDA;327;LUZ DE SALVACIÓN ALTO;1;1956
10;0;SIN CORREGIMIENTO;0;SIN VEREDA;327;LUZ DE SALVACIÓN ALTO;2;160
10;0;SIN CORREGIMIENTO;0;SIN VEREDA;331;BRISAS DE PROVENZA ;1;1288
10;0;SIN CORREGIMIENTO;0;SIN VEREDA;331;BRISAS DE PROVENZA ;2;73
11;0;SIN CORREGIMIENTO;0;SIN VEREDA;9;LAS DELICIAS;1;3
11;0;SIN CORREGIMIENTO;0;SIN VEREDA;12;CAFÉ MADRID EL TÚNEL;1;5
11;0;SIN CORREGIMIENTO;0;SIN VEREDA;142;ALFONSO LÓPEZ;1;1
11;0;SIN CORREGIMIENTO;0;SIN VEREDA;174;EL BUENO;1;6
11;0;SIN CORREGIMIENTO;0;SIN VEREDA;174;EL BUENO;2;1
11;0;SIN CORREGIMIENTO;0;SIN VEREDA;194;CORDONCILLO I;1;1
11;0;SIN CORREGIMIENTO;0;SIN VEREDA;222;PROVENZA;1;4
11;0;SIN CORREGIMIENTO;0;SIN VEREDA;223;PORVENIR BAJO;1;30
11;0;SIN CORREGIMIENTO;0;SIN VEREDA;223;PORVENIR BAJO;2;3
11;0;SIN CORREGIMIENTO;0;SIN VEREDA;225;EL CRISTAL;1;2
11;0;SIN CORREGIMIENTO;0;SIN VEREDA;226;GRANJAS DE PROVENZA;1;19
11;0;SIN CORREGIMIENTO;0;SIN VEREDA;226;GRANJAS DE PROVENZA;2;3
11;0;SIN CORREGIMIENTO;0;SIN VEREDA;227;GRANJAS DE JULIO RINCÓN;1;679
11;0;SIN CORREGIMIENTO;0;SIN VEREDA;227;GRANJAS DE JULIO RINCÓN;2;36
11;0;SIN CORREGIMIENTO;0;SIN VEREDA;228;EL ROCIO;1;720
11;0;SIN CORREGIMIENTO;0;SIN VEREDA;228;EL ROCIO;2;93
11;0;SIN CORREGIMIENTO;0;SIN VEREDA;229;VILLA SARA;1;14
11;0;SIN CORREGIMIENTO;0;SIN VEREDA;229;VILLA SARA;2;7
11;0;SIN CORREGIMIENTO;0;SIN VEREDA;230;VILLA ALICIA;1;22
11;0;SIN CORREGIMIENTO;0;SIN VEREDA;230;VILLA ALICIA;2;2
11;0;SIN CORREGIMIENTO;0;SIN VEREDA;231;TOLEDO PLATA ;1;613
11;0;SIN CORREGIMIENTO;0;SIN VEREDA;231;TOLEDO PLATA ;2;59
11;0;SIN CORREGIMIENTO;0;SIN VEREDA;232;DANGOND;1;468
11;0;SIN CORREGIMIENTO;0;SIN VEREDA;232;DANGOND;2;36
11;0;SIN CORREGIMIENTO;0;SIN VEREDA;233;"LUZ DE SALVACIÓN BAJO		";1;700
11;0;SIN CORREGIMIENTO;0;SIN VEREDA;233;"LUZ DE SALVACIÓN BAJO		";2;56
11;0;SIN CORREGIMIENTO;0;SIN VEREDA;234;DELICIAS ALTAS Y BAJAS SUR;1;121
11;0;SIN CORREGIMIENTO;0;SIN VEREDA;234;DELICIAS ALTAS Y BAJAS SUR;2;12
11;0;SIN CORREGIMIENTO;0;SIN VEREDA;236;VILLA CANDADO;1;59
11;0;SIN CORREGIMIENTO;0;SIN VEREDA;236;VILLA CANDADO;2;4
11;0;SIN CORREGIMIENTO;0;SIN VEREDA;237;MALPASO;1;315
11;0;SIN CORREGIMIENTO;0;SIN VEREDA;237;MALPASO;2;42
11;0;SIN CORREGIMIENTO;0;SIN VEREDA;238;EL PORVENIR;1;228
11;0;SIN CORREGIMIENTO;0;SIN VEREDA;238;EL PORVENIR;2;71
11;0;SIN CORREGIMIENTO;0;SIN VEREDA;239;MANUELA BELTRÁN ;1;1255
11;0;SIN CORREGIMIENTO;0;SIN VEREDA;239;MANUELA BELTRÁN ;2;155
11;0;SIN CORREGIMIENTO;0;SIN VEREDA;240;IGSABELAR;1;164
11;0;SIN CORREGIMIENTO;0;SIN VEREDA;240;IGSABELAR;2;22
11;0;SIN CORREGIMIENTO;0;SIN VEREDA;241;SANTAMARÍA;1;890
11;0;SIN CORREGIMIENTO;0;SIN VEREDA;241;SANTAMARÍA;2;102
11;0;SIN CORREGIMIENTO;0;SIN VEREDA;242;COAVICONSA;1;51
11;0;SIN CORREGIMIENTO;0;SIN VEREDA;242;COAVICONSA;2;13
11;0;SIN CORREGIMIENTO;0;SIN VEREDA;243;CIUDAD VENECIA ;1;413
11;0;SIN CORREGIMIENTO;0;SIN VEREDA;243;CIUDAD VENECIA ;2;32
11;0;SIN CORREGIMIENTO;0;SIN VEREDA;244;VILLA FLOR;1;35
11;0;SIN CORREGIMIENTO;0;SIN VEREDA;244;VILLA FLOR;2;3
11;0;SIN CORREGIMIENTO;0;SIN VEREDA;290;LOS CONQUISTADORES;1;861
11;0;SIN CORREGIMIENTO;0;SIN VEREDA;290;LOS CONQUISTADORES;2;38
11;0;SIN CORREGIMIENTO;0;SIN VEREDA;326;VIVEROS DE PROVENZA;1;5
11;0;SIN CORREGIMIENTO;0;SIN VEREDA;326;VIVEROS DE PROVENZA;2;6
11;0;SIN CORREGIMIENTO;0;SIN VEREDA;331;BRISAS DE PROVENZA ;1;18
11;0;SIN CORREGIMIENTO;0;SIN VEREDA;331;BRISAS DE PROVENZA ;2;1
11;0;SIN CORREGIMIENTO;0;SIN VEREDA;340;GRANJAS REAGAN;1;634
11;0;SIN CORREGIMIENTO;0;SIN VEREDA;340;GRANJAS REAGAN;2;66
11;0;SIN CORREGIMIENTO;0;SIN VEREDA;344;BALCONES DEL SUR;1;718
11;0;SIN CORREGIMIENTO;0;SIN VEREDA;344;BALCONES DEL SUR;2;53
11;0;SIN CORREGIMIENTO;0;SIN VEREDA;346;JARDINES DE ALTAGRACIA;1;1
11;0;SIN CORREGIMIENTO;0;SIN VEREDA;347;BRISAS DEL PARAÍSO ;1;858
11;0;SIN CORREGIMIENTO;0;SIN VEREDA;347;BRISAS DEL PARAÍSO ;2;59
11;0;SIN CORREGIMIENTO;0;SIN VEREDA;352;VILLAREAL;1;737
11;0;SIN CORREGIMIENTO;0;SIN VEREDA;352;VILLAREAL;2;69
11;0;SIN CORREGIMIENTO;0;SIN VEREDA;361;VILLAS DEL NOGAL;1;912
11;0;SIN CORREGIMIENTO;0;SIN VEREDA;361;VILLAS DEL NOGAL;2;66
11;0;SIN CORREGIMIENTO;0;SIN VEREDA;362;PUNTA PARAISO;1;856
11;0;SIN CORREGIMIENTO;0;SIN VEREDA;362;PUNTA PARAISO;2;49
11;0;SIN CORREGIMIENTO;0;SIN VEREDA;367;BRISAS DEL PALMAR;1;217
11;0;SIN CORREGIMIENTO;0;SIN VEREDA;367;BRISAS DEL PALMAR;2;22
11;0;SIN CORREGIMIENTO;0;SIN VEREDA;999999;BARRIO_S4;1;11
12;0;SIN CORREGIMIENTO;0;SIN VEREDA;121;QUEBRADA PAN DE AZÚCAR;1;11
12;0;SIN CORREGIMIENTO;0;SIN VEREDA;121;QUEBRADA PAN DE AZÚCAR;2;3
12;0;SIN CORREGIMIENTO;0;SIN VEREDA;123;CABECERA DEL LLANO;1;3
12;0;SIN CORREGIMIENTO;0;SIN VEREDA;126;PAN DE AZUCAR;1;5
12;0;SIN CORREGIMIENTO;0;SIN VEREDA;126;PAN DE AZUCAR;2;2
12;0;SIN CORREGIMIENTO;0;SIN VEREDA;135;LA CONCORDIA;1;11
12;0;SIN CORREGIMIENTO;0;SIN VEREDA;135;LA CONCORDIA;2;4
12;0;SIN CORREGIMIENTO;0;SIN VEREDA;136;SOTOMAYOR;1;15
12;0;SIN CORREGIMIENTO;0;SIN VEREDA;138;BOLARQUI;1;2
12;0;SIN CORREGIMIENTO;0;SIN VEREDA;138;BOLARQUI;2;2
12;0;SIN CORREGIMIENTO;0;SIN VEREDA;139;MERCEDES;1;6
12;0;SIN CORREGIMIENTO;0;SIN VEREDA;139;MERCEDES;2;2
12;0;SIN CORREGIMIENTO;0;SIN VEREDA;140;CONUCOS;1;4
12;0;SIN CORREGIMIENTO;0;SIN VEREDA;161;PUERTA DEL SOL;1;2
12;0;SIN CORREGIMIENTO;0;SIN VEREDA;201;QUEBRADA LA IGLESIA;1;4
12;0;SIN CORREGIMIENTO;0;SIN VEREDA;201;QUEBRADA LA IGLESIA;2;1
13;0;SIN CORREGIMIENTO;0;SIN VEREDA;2;EL PAULON VILLA LINA;1;3
13;0;SIN CORREGIMIENTO;0;SIN VEREDA;3;COLORADOS;1;8
13;0;SIN CORREGIMIENTO;0;SIN VEREDA;32;MARÍA PAZ;1;5
13;0;SIN CORREGIMIENTO;0;SIN VEREDA;51;LIZCANO I Y II;1;12
13;0;SIN CORREGIMIENTO;0;SIN VEREDA;51;LIZCANO I Y II;2;1
13;0;SIN CORREGIMIENTO;0;SIN VEREDA;67;TRANSICIÓN I AL V;1;4
13;0;SIN CORREGIMIENTO;0;SIN VEREDA;67;TRANSICIÓN I AL V;2;1
13;0;SIN CORREGIMIENTO;0;SIN VEREDA;75;SAN RAFAEL;1;1
13;0;SIN CORREGIMIENTO;0;SIN VEREDA;76;CHAPINERO;1;1
13;0;SIN CORREGIMIENTO;0;SIN VEREDA;79;LA FERIA;1;3
13;0;SIN CORREGIMIENTO;0;SIN VEREDA;95;COMUNEROS;1;1
13;0;SIN CORREGIMIENTO;0;SIN VEREDA;98;SAN FRANCISCO;1;1
13;0;SIN CORREGIMIENTO;0;SIN VEREDA;99;ALARCÓN;1;1
13;0;SIN CORREGIMIENTO;0;SIN VEREDA;100;SAN ALONSO;1;126
13;0;SIN CORREGIMIENTO;0;SIN VEREDA;100;SAN ALONSO;2;31
13;0;SIN CORREGIMIENTO;0;SIN VEREDA;102;LOS PINOS;1;4
13;0;SIN CORREGIMIENTO;0;SIN VEREDA;104;EL VENADO DE ORO MORRORRICO;1;1
13;0;SIN CORREGIMIENTO;0;SIN VEREDA;107;LOS SAUCES;1;234
13;0;SIN CORREGIMIENTO;0;SIN VEREDA;107;LOS SAUCES;2;12
13;0;SIN CORREGIMIENTO;0;SIN VEREDA;110;MORRORRICO;1;1
13;0;SIN CORREGIMIENTO;0;SIN VEREDA;110;MORRORRICO;2;2
13;0;SIN CORREGIMIENTO;0;SIN VEREDA;112;EL DIVISO;1;3
13;0;SIN CORREGIMIENTO;0;SIN VEREDA;113;PUERTO RICO;1;288
13;0;SIN CORREGIMIENTO;0;SIN VEREDA;113;PUERTO RICO;2;18
13;0;SIN CORREGIMIENTO;0;SIN VEREDA;116;MIRAFLORES;1;8
13;0;SIN CORREGIMIENTO;0;SIN VEREDA;117;ALBANIA;1;24
13;0;SIN CORREGIMIENTO;0;SIN VEREDA;117;ALBANIA;2;4
13;0;SIN CORREGIMIENTO;0;SIN VEREDA;118;LAS AMÉRICAS;1;2
13;0;SIN CORREGIMIENTO;0;SIN VEREDA;119;GALÁN;1;11
13;0;SIN CORREGIMIENTO;0;SIN VEREDA;120;ÁLVAREZ;1;89
13;0;SIN CORREGIMIENTO;0;SIN VEREDA;120;ÁLVAREZ;2;19
13;0;SIN CORREGIMIENTO;0;SIN VEREDA;122;EL PRADO;1;11
13;0;SIN CORREGIMIENTO;0;SIN VEREDA;122;EL PRADO;2;3
13;0;SIN CORREGIMIENTO;0;SIN VEREDA;130;CENTRO;1;45
13;0;SIN CORREGIMIENTO;0;SIN VEREDA;130;CENTRO;2;14
13;0;SIN CORREGIMIENTO;0;SIN VEREDA;131;ANTONIA SANTOS CENTRO;1;234
13;0;SIN CORREGIMIENTO;0;SIN VEREDA;131;ANTONIA SANTOS CENTRO;2;36
13;0;SIN CORREGIMIENTO;0;SIN VEREDA;132;MEJORAS PUBLICAS;1;6
13;0;SIN CORREGIMIENTO;0;SIN VEREDA;133;LA AURORA;1;12
13;0;SIN CORREGIMIENTO;0;SIN VEREDA;133;LA AURORA;2;1
13;0;SIN CORREGIMIENTO;0;SIN VEREDA;136;SOTOMAYOR;1;2
13;0;SIN CORREGIMIENTO;0;SIN VEREDA;136;SOTOMAYOR;2;1
13;0;SIN CORREGIMIENTO;0;SIN VEREDA;142;ALFONSO LÓPEZ;1;3
13;0;SIN CORREGIMIENTO;0;SIN VEREDA;143;LA JOYA;1;2
13;0;SIN CORREGIMIENTO;0;SIN VEREDA;145;CAMPO HERMOSO;1;10
13;0;SIN CORREGIMIENTO;0;SIN VEREDA;154;EL PANTANO II;1;5
13;0;SIN CORREGIMIENTO;0;SIN VEREDA;164;MUTIS;1;1
13;0;SIN CORREGIMIENTO;0;SIN VEREDA;173;ESTORAQUES;1;12
13;0;SIN CORREGIMIENTO;0;SIN VEREDA;178;SAN GERARDO I Y II;1;2
13;0;SIN CORREGIMIENTO;0;SIN VEREDA;178;SAN GERARDO I Y II;2;2
13;0;SIN CORREGIMIENTO;0;SIN VEREDA;179;COLOMBIA;1;5
13;0;SIN CORREGIMIENTO;0;SIN VEREDA;182;BUCARAMANGA;1;4
13;0;SIN CORREGIMIENTO;0;SIN VEREDA;184;LAURELES;1;10
13;0;SIN CORREGIMIENTO;0;SIN VEREDA;184;LAURELES;2;2
13;0;SIN CORREGIMIENTO;0;SIN VEREDA;196;AFRIKA;1;2
13;0;SIN CORREGIMIENTO;0;SIN VEREDA;200;ANTONIA SANTOS SUR;1;9
13;0;SIN CORREGIMIENTO;0;SIN VEREDA;202;SAN PEDRO;1;5
13;0;SIN CORREGIMIENTO;0;SIN VEREDA;222;PROVENZA;2;2
13;0;SIN CORREGIMIENTO;0;SIN VEREDA;233;"LUZ DE SALVACIÓN BAJO		";1;5
13;0;SIN CORREGIMIENTO;0;SIN VEREDA;239;MANUELA BELTRÁN ;1;2
13;0;SIN CORREGIMIENTO;0;SIN VEREDA;274;BOLÍVAR;1;38
13;0;SIN CORREGIMIENTO;0;SIN VEREDA;274;BOLÍVAR;2;7
13;0;SIN CORREGIMIENTO;0;SIN VEREDA;278;12 DE OCTUBRE;1;10
13;0;SIN CORREGIMIENTO;0;SIN VEREDA;322;QUINTA BRIGADA;1;75
13;0;SIN CORREGIMIENTO;0;SIN VEREDA;322;QUINTA BRIGADA;2;24
13;0;SIN CORREGIMIENTO;0;SIN VEREDA;327;LUZ DE SALVACIÓN ALTO;1;3
13;0;SIN CORREGIMIENTO;0;SIN VEREDA;328;CAMPESTRE NORTE ;1;3
13;0;SIN CORREGIMIENTO;0;SIN VEREDA;331;BRISAS DE PROVENZA ;1;3
13;0;SIN CORREGIMIENTO;0;SIN VEREDA;340;GRANJAS REAGAN;1;1
13;0;SIN CORREGIMIENTO;0;SIN VEREDA;345;PASEO DE LA FERIA;1;1
13;0;SIN CORREGIMIENTO;0;SIN VEREDA;368;URBANIZACIÓN LA INMACULADA;1;14
13;0;SIN CORREGIMIENTO;0;SIN VEREDA;368;URBANIZACIÓN LA INMACULADA;2;1
13;0;SIN CORREGIMIENTO;0;SIN VEREDA;999999;BARRIO_S4;1;3
14;0;SIN CORREGIMIENTO;0;SIN VEREDA;0;BARRIO_S4;1;3
14;0;SIN CORREGIMIENTO;0;SIN VEREDA;40;MIRAMAR;1;1
14;0;SIN CORREGIMIENTO;0;SIN VEREDA;40;MIRAMAR;2;1
14;0;SIN CORREGIMIENTO;0;SIN VEREDA;102;LOS PINOS;1;3
14;0;SIN CORREGIMIENTO;0;SIN VEREDA;103;LA FLORA MORRORRICO;1;1
14;0;SIN CORREGIMIENTO;0;SIN VEREDA;103;LA FLORA MORRORRICO;2;1
14;0;SIN CORREGIMIENTO;0;SIN VEREDA;104;EL VENADO DE ORO MORRORRICO;1;367
14;0;SIN CORREGIMIENTO;0;SIN VEREDA;104;EL VENADO DE ORO MORRORRICO;2;23
14;0;SIN CORREGIMIENTO;0;SIN VEREDA;105;LA MALAÑA;1;312
14;0;SIN CORREGIMIENTO;0;SIN VEREDA;105;LA MALAÑA;2;28
14;0;SIN CORREGIMIENTO;0;SIN VEREDA;107;LOS SAUCES;1;40
14;0;SIN CORREGIMIENTO;0;SIN VEREDA;107;LOS SAUCES;2;4
14;0;SIN CORREGIMIENTO;0;SIN VEREDA;108;LIMONCITO MORRORRICO;1;1129
14;0;SIN CORREGIMIENTO;0;SIN VEREDA;108;LIMONCITO MORRORRICO;2;133
14;0;SIN CORREGIMIENTO;0;SIN VEREDA;109;VEGAS DE MORRORRICO;1;715
14;0;SIN CORREGIMIENTO;0;SIN VEREDA;109;VEGAS DE MORRORRICO;2;51
14;0;SIN CORREGIMIENTO;0;SIN VEREDA;110;MORRORRICO;1;359
14;0;SIN CORREGIMIENTO;0;SIN VEREDA;110;MORRORRICO;2;62
14;0;SIN CORREGIMIENTO;0;SIN VEREDA;112;EL DIVISO;1;1087
14;0;SIN CORREGIMIENTO;0;SIN VEREDA;112;EL DIVISO;2;93
14;0;SIN CORREGIMIENTO;0;SIN VEREDA;114;BUENOS AIRES;1;3162
14;0;SIN CORREGIMIENTO;0;SIN VEREDA;114;BUENOS AIRES;2;314
14;0;SIN CORREGIMIENTO;0;SIN VEREDA;115;BUENAVISTA;1;1339
14;0;SIN CORREGIMIENTO;0;SIN VEREDA;115;BUENAVISTA;2;175
14;0;SIN CORREGIMIENTO;0;SIN VEREDA;116;MIRAFLORES;1;3096
14;0;SIN CORREGIMIENTO;0;SIN VEREDA;116;MIRAFLORES;2;363
14;0;SIN CORREGIMIENTO;0;SIN VEREDA;117;ALBANIA;1;2459
14;0;SIN CORREGIMIENTO;0;SIN VEREDA;117;ALBANIA;2;226
14;0;SIN CORREGIMIENTO;0;SIN VEREDA;142;ALFONSO LÓPEZ;2;1
14;0;SIN CORREGIMIENTO;0;SIN VEREDA;360;EL RETIRO MORRORRICO;1;1088
14;0;SIN CORREGIMIENTO;0;SIN VEREDA;360;EL RETIRO MORRORRICO;2;219
14;0;SIN CORREGIMIENTO;0;SIN VEREDA;369;MIRAMANGA;1;519
14;0;SIN CORREGIMIENTO;0;SIN VEREDA;369;MIRAMANGA;2;44
15;0;SIN CORREGIMIENTO;0;SIN VEREDA;82;GIRARDOT;2;1
15;0;SIN CORREGIMIENTO;0;SIN VEREDA;130;CENTRO;1;217
15;0;SIN CORREGIMIENTO;0;SIN VEREDA;130;CENTRO;2;41
15;0;SIN CORREGIMIENTO;0;SIN VEREDA;131;ANTONIA SANTOS CENTRO;1;12
15;0;SIN CORREGIMIENTO;0;SIN VEREDA;131;ANTONIA SANTOS CENTRO;2;2
15;0;SIN CORREGIMIENTO;0;SIN VEREDA;139;MERCEDES;1;6
15;0;SIN CORREGIMIENTO;0;SIN VEREDA;141;GARCÍA ROVIRA;1;102
15;0;SIN CORREGIMIENTO;0;SIN VEREDA;141;GARCÍA ROVIRA;2;23
15;0;SIN CORREGIMIENTO;0;SIN VEREDA;142;ALFONSO LÓPEZ;1;31
15;0;SIN CORREGIMIENTO;0;SIN VEREDA;142;ALFONSO LÓPEZ;2;5
15;0;SIN CORREGIMIENTO;0;SIN VEREDA;143;LA JOYA;1;1
15;0;SIN CORREGIMIENTO;0;SIN VEREDA;144;CHORRERAS DE DON JUAN;1;4
15;0;SIN CORREGIMIENTO;0;SIN VEREDA;144;CHORRERAS DE DON JUAN;2;1
15;0;SIN CORREGIMIENTO;0;SIN VEREDA;274;BOLÍVAR;1;2
16;0;SIN CORREGIMIENTO;0;SIN VEREDA;203;SAN MARTÍN;1;3
16;0;SIN CORREGIMIENTO;0;SIN VEREDA;205;GUAYACANES;1;191
16;0;SIN CORREGIMIENTO;0;SIN VEREDA;205;GUAYACANES;2;9
16;0;SIN CORREGIMIENTO;0;SIN VEREDA;207;LA PEDREGOSA;1;165
16;0;SIN CORREGIMIENTO;0;SIN VEREDA;207;LA PEDREGOSA;2;6
16;0;SIN CORREGIMIENTO;0;SIN VEREDA;215;PORTON DEL TEJAR;1;1
16;0;SIN CORREGIMIENTO;0;SIN VEREDA;215;PORTON DEL TEJAR;2;3
16;0;SIN CORREGIMIENTO;0;SIN VEREDA;216;ALTOS DEL CACIQUE;1;8
16;0;SIN CORREGIMIENTO;0;SIN VEREDA;216;ALTOS DEL CACIQUE;2;2
16;0;SIN CORREGIMIENTO;0;SIN VEREDA;217;HACIENDA SAN JUAN;1;5
16;0;SIN CORREGIMIENTO;0;SIN VEREDA;217;HACIENDA SAN JUAN;2;3
16;0;SIN CORREGIMIENTO;0;SIN VEREDA;218;SAN EXPEDITO;1;295
16;0;SIN CORREGIMIENTO;0;SIN VEREDA;218;SAN EXPEDITO;2;22
16;0;SIN CORREGIMIENTO;0;SIN VEREDA;219;SANTA BARBARA CASAS;1;24
16;0;SIN CORREGIMIENTO;0;SIN VEREDA;219;SANTA BARBARA CASAS;2;4
16;0;SIN CORREGIMIENTO;0;SIN VEREDA;315;LAGOS DEL CACIQUE;1;7
16;0;SIN CORREGIMIENTO;0;SIN VEREDA;341;BOSQUE DEL CACIQUE;1;34
16;0;SIN CORREGIMIENTO;0;SIN VEREDA;341;BOSQUE DEL CACIQUE;2;2
17;0;SIN CORREGIMIENTO;0;SIN VEREDA;110;MORRORRICO;1;2
17;0;SIN CORREGIMIENTO;0;SIN VEREDA;152;QUINTA ESTRELLA;1;2
17;0;SIN CORREGIMIENTO;0;SIN VEREDA;162;CIUDADELA REAL DE MINAS ;1;7
17;0;SIN CORREGIMIENTO;0;SIN VEREDA;162;CIUDADELA REAL DE MINAS ;2;1
17;0;SIN CORREGIMIENTO;0;SIN VEREDA;164;MUTIS;1;569
17;0;SIN CORREGIMIENTO;0;SIN VEREDA;164;MUTIS;2;84
17;0;SIN CORREGIMIENTO;0;SIN VEREDA;165;BRISAS DEL MUTIS;1;55
17;0;SIN CORREGIMIENTO;0;SIN VEREDA;165;BRISAS DEL MUTIS;2;3
17;0;SIN CORREGIMIENTO;0;SIN VEREDA;166;MONTERREDONDO;1;1114
17;0;SIN CORREGIMIENTO;0;SIN VEREDA;166;MONTERREDONDO;2;72
17;0;SIN CORREGIMIENTO;0;SIN VEREDA;168;FUNDADORES I Y II;1;6
17;0;SIN CORREGIMIENTO;0;SIN VEREDA;168;FUNDADORES I Y II;2;6
17;0;SIN CORREGIMIENTO;0;SIN VEREDA;170;MANZANARES;1;25
17;0;SIN CORREGIMIENTO;0;SIN VEREDA;170;MANZANARES;2;7
17;0;SIN CORREGIMIENTO;0;SIN VEREDA;172;PRADOS DEL MUTIS;1;69
17;0;SIN CORREGIMIENTO;0;SIN VEREDA;172;PRADOS DEL MUTIS;2;13
17;0;SIN CORREGIMIENTO;0;SIN VEREDA;173;ESTORAQUES;1;2999
17;0;SIN CORREGIMIENTO;0;SIN VEREDA;173;ESTORAQUES;2;260
17;0;SIN CORREGIMIENTO;0;SIN VEREDA;174;EL BUENO;1;8
17;0;SIN CORREGIMIENTO;0;SIN VEREDA;176;LOS HÉROES;1;79
17;0;SIN CORREGIMIENTO;0;SIN VEREDA;176;LOS HÉROES;2;11
17;0;SIN CORREGIMIENTO;0;SIN VEREDA;360;EL RETIRO MORRORRICO;1;5
17;0;SIN CORREGIMIENTO;0;SIN VEREDA;363;LA GRAN LADERA;1;557
17;0;SIN CORREGIMIENTO;0;SIN VEREDA;363;LA GRAN LADERA;2;37
99;0;SIN CORREGIMIENTO;0;SIN VEREDA;0;BARRIO_S4;1;45
99;0;SIN CORREGIMIENTO;0;SIN VEREDA;0;BARRIO_S4;2;7
99;0;SIN CORREGIMIENTO;246;EL PEDREGAL;0;BARRIO_S4;1;3
99;0;SIN CORREGIMIENTO;255;LOS SANTOS;0;BARRIO_S4;1;39
99;0;SIN CORREGIMIENTO;261;VIJAGUAL;0;BARRIO_S4;1;9
99;0;SIN CORREGIMIENTO;267;LA SABANA;0;BARRIO_S4;1;4
99;0;SIN CORREGIMIENTO;269;ANGELINOS;0;BARRIO_S4;1;1
99;0;SIN CORREGIMIENTO;277;SANTA BARBARA;0;BARRIO_S4;1;11
99;0;SIN CORREGIMIENTO;277;SANTA BARBARA;0;BARRIO_S4;2;1
99;0;SIN CORREGIMIENTO;295;EL NOGAL;0;BARRIO_S4;1;55
99;0;SIN CORREGIMIENTO;295;EL NOGAL;0;BARRIO_S4;2;10
99;0;SIN CORREGIMIENTO;358;VILLA CARMELO;0;BARRIO_S4;1;12
99;0;SIN CORREGIMIENTO;358;VILLA CARMELO;0;BARRIO_S4;2;2
99;0;SIN CORREGIMIENTO;364;VILLA LUZ CAMPESTRE;0;BARRIO_S4;1;5
99;1;CORREGIMIENTO UNO;0;SIN VEREDA;0;BARRIO_S4;1;157
99;1;CORREGIMIENTO UNO;0;SIN VEREDA;0;BARRIO_S4;2;14
99;1;CORREGIMIENTO UNO;246;EL PEDREGAL;0;BARRIO_S4;1;11
99;1;CORREGIMIENTO UNO;246;EL PEDREGAL;0;BARRIO_S4;2;1
99;1;CORREGIMIENTO UNO;248;LA MALAÑA;0;BARRIO_S4;1;1
99;1;CORREGIMIENTO UNO;250;RETIRO GRANDE;0;BARRIO_S4;1;4
99;1;CORREGIMIENTO UNO;255;LOS SANTOS;0;BARRIO_S4;1;5
99;1;CORREGIMIENTO UNO;261;VIJAGUAL;0;BARRIO_S4;1;200
99;1;CORREGIMIENTO UNO;261;VIJAGUAL;0;BARRIO_S4;2;11
99;1;CORREGIMIENTO UNO;262;SAN CAYETANO;0;BARRIO_S4;1;133
99;1;CORREGIMIENTO UNO;262;SAN CAYETANO;0;BARRIO_S4;2;12
99;1;CORREGIMIENTO UNO;263;EL ABURRIDO;0;BARRIO_S4;1;200
99;1;CORREGIMIENTO UNO;263;EL ABURRIDO;0;BARRIO_S4;2;13
99;1;CORREGIMIENTO UNO;264;SAN PEDRO ALTO;0;BARRIO_S4;1;61
99;1;CORREGIMIENTO UNO;264;SAN PEDRO ALTO;0;BARRIO_S4;2;8
99;1;CORREGIMIENTO UNO;265;SANTA RITA;0;BARRIO_S4;1;92
99;1;CORREGIMIENTO UNO;265;SANTA RITA;0;BARRIO_S4;2;4
99;1;CORREGIMIENTO UNO;266;SAN IGNACIO;0;BARRIO_S4;1;173
99;1;CORREGIMIENTO UNO;266;SAN IGNACIO;0;BARRIO_S4;2;14
99;1;CORREGIMIENTO UNO;267;LA SABANA;0;BARRIO_S4;1;279
99;1;CORREGIMIENTO UNO;267;LA SABANA;0;BARRIO_S4;2;31
99;1;CORREGIMIENTO UNO;268;LA ESMERALDA;0;BARRIO_S4;1;200
99;1;CORREGIMIENTO UNO;268;LA ESMERALDA;0;BARRIO_S4;2;19
99;1;CORREGIMIENTO UNO;269;ANGELINOS;0;BARRIO_S4;1;393
99;1;CORREGIMIENTO UNO;269;ANGELINOS;0;BARRIO_S4;2;34
99;1;CORREGIMIENTO UNO;275;SAN PEDRO BAJO;0;BARRIO_S4;1;303
99;1;CORREGIMIENTO UNO;275;SAN PEDRO BAJO;0;BARRIO_S4;2;24
99;1;CORREGIMIENTO UNO;277;SANTA BARBARA;0;BARRIO_S4;1;6
99;1;CORREGIMIENTO UNO;282;CAPILLA BAJA;0;BARRIO_S4;1;7
99;1;CORREGIMIENTO UNO;282;CAPILLA BAJA;0;BARRIO_S4;2;1
99;1;CORREGIMIENTO UNO;295;EL NOGAL;0;BARRIO_S4;1;719
99;1;CORREGIMIENTO UNO;295;EL NOGAL;0;BARRIO_S4;2;49
99;1;CORREGIMIENTO UNO;355;EL PEDREGAL;0;BARRIO_S4;1;4
99;1;CORREGIMIENTO UNO;358;VILLA CARMELO;0;BARRIO_S4;1;811
99;1;CORREGIMIENTO UNO;358;VILLA CARMELO;0;BARRIO_S4;2;31
99;1;CORREGIMIENTO UNO;364;VILLA LUZ CAMPESTRE;0;BARRIO_S4;1;411
99;1;CORREGIMIENTO UNO;364;VILLA LUZ CAMPESTRE;0;BARRIO_S4;2;26
99;1;CORREGIMIENTO UNO;999;SIN VEREDA;0;BARRIO_S4;1;5
99;2;CORREGIMIENTO DOS;0;SIN VEREDA;0;BARRIO_S4;1;165
99;2;CORREGIMIENTO DOS;0;SIN VEREDA;0;BARRIO_S4;2;18
99;2;CORREGIMIENTO DOS;246;EL PEDREGAL;0;BARRIO_S4;1;11
99;2;CORREGIMIENTO DOS;251;SAN JOSE;0;BARRIO_S4;1;3
99;2;CORREGIMIENTO DOS;253;ROSA BLANCA;0;BARRIO_S4;1;170
99;2;CORREGIMIENTO DOS;253;ROSA BLANCA;0;BARRIO_S4;2;24
99;2;CORREGIMIENTO DOS;254;CUCHILLA ALTA;0;BARRIO_S4;1;77
99;2;CORREGIMIENTO DOS;254;CUCHILLA ALTA;0;BARRIO_S4;2;5
99;2;CORREGIMIENTO DOS;255;LOS SANTOS;0;BARRIO_S4;1;216
99;2;CORREGIMIENTO DOS;255;LOS SANTOS;0;BARRIO_S4;2;26
99;2;CORREGIMIENTO DOS;256;CAPILLA ALTA;0;BARRIO_S4;1;184
99;2;CORREGIMIENTO DOS;256;CAPILLA ALTA;0;BARRIO_S4;2;10
99;2;CORREGIMIENTO DOS;258;BOLARQUÍ BAJO;0;BARRIO_S4;1;124
99;2;CORREGIMIENTO DOS;258;BOLARQUÍ BAJO;0;BARRIO_S4;2;4
99;2;CORREGIMIENTO DOS;259;MONSERRATE;0;BARRIO_S4;1;139
99;2;CORREGIMIENTO DOS;259;MONSERRATE;0;BARRIO_S4;2;11
99;2;CORREGIMIENTO DOS;260;MAGUEYES;0;BARRIO_S4;1;171
99;2;CORREGIMIENTO DOS;260;MAGUEYES;0;BARRIO_S4;2;8
99;2;CORREGIMIENTO DOS;265;SANTA RITA;0;BARRIO_S4;1;80
99;2;CORREGIMIENTO DOS;265;SANTA RITA;0;BARRIO_S4;2;4
99;2;CORREGIMIENTO DOS;267;LA SABANA;0;BARRIO_S4;1;3
99;2;CORREGIMIENTO DOS;267;LA SABANA;0;BARRIO_S4;2;1
99;2;CORREGIMIENTO DOS;269;ANGELINOS;0;BARRIO_S4;1;22
99;2;CORREGIMIENTO DOS;282;CAPILLA BAJA;0;BARRIO_S4;1;267
99;2;CORREGIMIENTO DOS;282;CAPILLA BAJA;0;BARRIO_S4;2;42
99;2;CORREGIMIENTO DOS;283;BOLARQUÍ ALTO;0;BARRIO_S4;1;120
99;2;CORREGIMIENTO DOS;283;BOLARQUÍ ALTO;0;BARRIO_S4;2;11
99;2;CORREGIMIENTO DOS;295;EL NOGAL;0;BARRIO_S4;1;13
99;2;CORREGIMIENTO DOS;358;VILLA CARMELO;0;BARRIO_S4;1;7
99;2;CORREGIMIENTO DOS;364;VILLA LUZ CAMPESTRE;0;BARRIO_S4;1;7
99;2;CORREGIMIENTO DOS;364;VILLA LUZ CAMPESTRE;0;BARRIO_S4;2;2
99;2;CORREGIMIENTO DOS;527;RETIRO GRANDE PARTE BAJA;0;BARRIO_S4;1;25
99;2;CORREGIMIENTO DOS;527;RETIRO GRANDE PARTE BAJA;0;BARRIO_S4;2;1
99;3;CORREGIMIENTO TRES;0;SIN VEREDA;0;BARRIO_S4;2;1
99;3;CORREGIMIENTO TRES;246;EL PEDREGAL;0;BARRIO_S4;1;173
99;3;CORREGIMIENTO TRES;246;EL PEDREGAL;0;BARRIO_S4;2;12
99;3;CORREGIMIENTO TRES;248;LA MALAÑA;0;BARRIO_S4;1;360
99;3;CORREGIMIENTO TRES;248;LA MALAÑA;0;BARRIO_S4;2;35
99;3;CORREGIMIENTO TRES;249;EL GUALILO ALTO;0;BARRIO_S4;1;205
99;3;CORREGIMIENTO TRES;249;EL GUALILO ALTO;0;BARRIO_S4;2;9
99;3;CORREGIMIENTO TRES;250;RETIRO GRANDE;0;BARRIO_S4;1;120
99;3;CORREGIMIENTO TRES;250;RETIRO GRANDE;0;BARRIO_S4;2;8
99;3;CORREGIMIENTO TRES;251;SAN JOSE;0;BARRIO_S4;1;216
99;3;CORREGIMIENTO TRES;251;SAN JOSE;0;BARRIO_S4;2;25
99;3;CORREGIMIENTO TRES;252;RETIRO CHIQUITO;0;BARRIO_S4;1;302
99;3;CORREGIMIENTO TRES;252;RETIRO CHIQUITO;0;BARRIO_S4;2;6
99;3;CORREGIMIENTO TRES;254;CUCHILLA ALTA;0;BARRIO_S4;1;3
99;3;CORREGIMIENTO TRES;255;LOS SANTOS;0;BARRIO_S4;1;4
99;3;CORREGIMIENTO TRES;259;MONSERRATE;0;BARRIO_S4;1;4
99;3;CORREGIMIENTO TRES;259;MONSERRATE;0;BARRIO_S4;2;3
99;3;CORREGIMIENTO TRES;276;EL GUALILO BAJO;0;BARRIO_S4;1;300
99;3;CORREGIMIENTO TRES;276;EL GUALILO BAJO;0;BARRIO_S4;2;23
99;3;CORREGIMIENTO TRES;277;SANTA BARBARA;0;BARRIO_S4;1;849
99;3;CORREGIMIENTO TRES;277;SANTA BARBARA;0;BARRIO_S4;2;64
99;3;CORREGIMIENTO TRES;355;EL PEDREGAL;0;BARRIO_S4;1;528
99;3;CORREGIMIENTO TRES;355;EL PEDREGAL;0;BARRIO_S4;2;41
99;3;CORREGIMIENTO TRES;527;RETIRO GRANDE PARTE BAJA;0;BARRIO_S4;1;8
