Cod_comuna_x;Cod_corregimiento;NOM_CORREGIMIENTO;Cod_barrio;NOM_BARRIO;LLAVE;GEOJSON_BARRIO;BARRIO_AT;ind_discap_ninguna;personas
1;0;SIN CORREGIMIENTO;1;EL PAULON VILLA PATRICIA;1-EL PAULON VILLA PATRICIA;EL PABLÓN;SI;1;388
1;0;SIN CORREGIMIENTO;1;EL PAULON VILLA PATRICIA;1-EL PAULON VILLA PATRICIA;EL PABLÓN;SI;2;33
1;0;SIN CORREGIMIENTO;2;EL PAULON VILLA LINA;1-EL PAULON VILLA LINA;EL PABLÓN;SI;1;897
1;0;SIN CORREGIMIENTO;2;EL PAULON VILLA LINA;1-EL PAULON VILLA LINA;EL PABLÓN;SI;2;65
1;0;SIN CORREGIMIENTO;3;COLORADOS;1-COLORADOS;COLORADOS;SI;1;2613
1;0;SIN CORREGIMIENTO;3;COLORADOS;1-COLORADOS;COLORADOS;SI;2;223
1;0;SIN CORREGIMIENTO;4;EL PAULON;1-EL PAULON;EL PABLÓN;SI;1;1028
1;0;SIN CORREGIMIENTO;4;EL PAULON;1-EL PAULON;EL PABLÓN;SI;2;105
1;0;SIN CORREGIMIENTO;5;ROSALTA COLORADOS;1-ROSALTA COLORADOS;ROSALTA;0;1;317
1;0;SIN CORREGIMIENTO;5;ROSALTA COLORADOS;1-ROSALTA COLORADOS;ROSALTA;0;2;33
1;0;SIN CORREGIMIENTO;6;COLORADOS PATIO BONITO;1-COLORADOS PATIO BONITO;0;0;1;337
1;0;SIN CORREGIMIENTO;6;COLORADOS PATIO BONITO;1-COLORADOS PATIO BONITO;0;0;2;14
1;0;SIN CORREGIMIENTO;7;CAFE MADRID VILLA ALICIA;1-CAFE MADRID VILLA ALICIA;0;0;1;168
1;0;SIN CORREGIMIENTO;7;CAFE MADRID VILLA ALICIA;1-CAFE MADRID VILLA ALICIA;0;0;2;22
1;0;SIN CORREGIMIENTO;8;EL ROSAL COLORADOS;1-EL ROSAL COLORADOS;EL ROSAL;SI;1;650
1;0;SIN CORREGIMIENTO;8;EL ROSAL COLORADOS;1-EL ROSAL COLORADOS;EL ROSAL;SI;2;31
1;0;SIN CORREGIMIENTO;9;LAS DELICIAS;1-LAS DELICIAS;0;0;1;20
1;0;SIN CORREGIMIENTO;9;LAS DELICIAS;1-LAS DELICIAS;0;0;2;3
1;0;SIN CORREGIMIENTO;10;ASENTAMIENTO BARRIO NUEVO;1-ASENTAMIENTO BARRIO NUEVO;BARRIO NUEVO;SI;1;21
1;0;SIN CORREGIMIENTO;11;DIVINO NIÑO NORTE;1-DIVINO NIÑO NORTE;0;0;1;271
1;0;SIN CORREGIMIENTO;11;DIVINO NIÑO NORTE;1-DIVINO NIÑO NORTE;0;0;2;4
1;0;SIN CORREGIMIENTO;12;CAFE MADRID EL TUNEL;1-CAFE MADRID EL TUNEL;0;0;1;676
1;0;SIN CORREGIMIENTO;12;CAFE MADRID EL TUNEL;1-CAFE MADRID EL TUNEL;0;0;2;38
1;0;SIN CORREGIMIENTO;13;CAFE MADRID LA UNION;1-CAFE MADRID LA UNION;0;0;1;101
1;0;SIN CORREGIMIENTO;13;CAFE MADRID LA UNION;1-CAFE MADRID LA UNION;0;0;2;9
1;0;SIN CORREGIMIENTO;14;CAFE MADRID;1-CAFE MADRID;CAFE MADRID;SI;1;619
1;0;SIN CORREGIMIENTO;14;CAFE MADRID;1-CAFE MADRID;CAFE MADRID;SI;2;54
1;0;SIN CORREGIMIENTO;15;CAFE MADRID LA PLAYA;1-CAFE MADRID LA PLAYA;0;0;1;594
1;0;SIN CORREGIMIENTO;15;CAFE MADRID LA PLAYA;1-CAFE MADRID LA PLAYA;0;0;2;52
1;0;SIN CORREGIMIENTO;19;CAFE MADRID LA LOMA;1-CAFE MADRID LA LOMA;0;0;1;179
1;0;SIN CORREGIMIENTO;19;CAFE MADRID LA LOMA;1-CAFE MADRID LA LOMA;0;0;2;25
1;0;SIN CORREGIMIENTO;24;CIUDADELA CAFE MADRID ;1-CIUDADELA CAFE MADRID ;0;0;1;1853
1;0;SIN CORREGIMIENTO;24;CIUDADELA CAFE MADRID ;1-CIUDADELA CAFE MADRID ;0;0;2;134
1;0;SIN CORREGIMIENTO;25;CAFE MADRID EL PLAN;1-CAFE MADRID EL PLAN;0;0;1;651
1;0;SIN CORREGIMIENTO;25;CAFE MADRID EL PLAN;1-CAFE MADRID EL PLAN;0;0;2;56
1;0;SIN CORREGIMIENTO;26;CAFE MADRID LA VIRGEN;1-CAFE MADRID LA VIRGEN;0;0;1;155
1;0;SIN CORREGIMIENTO;26;CAFE MADRID LA VIRGEN;1-CAFE MADRID LA VIRGEN;0;0;2;3
1;0;SIN CORREGIMIENTO;27;CAFE MADRID EL SUICHE;1-CAFE MADRID EL SUICHE;0;0;1;54
1;0;SIN CORREGIMIENTO;27;CAFE MADRID EL SUICHE;1-CAFE MADRID EL SUICHE;0;0;2;3
1;0;SIN CORREGIMIENTO;28;CAFE MADRID EL CABLE;1-CAFE MADRID EL CABLE;0;0;1;383
1;0;SIN CORREGIMIENTO;28;CAFE MADRID EL CABLE;1-CAFE MADRID EL CABLE;0;0;2;34
1;0;SIN CORREGIMIENTO;29;KENNEDY;1-KENNEDY;KENNEDY;SI;1;2616
1;0;SIN CORREGIMIENTO;29;KENNEDY;1-KENNEDY;KENNEDY;SI;2;282
1;0;SIN CORREGIMIENTO;30;VILLA ALEGRIA;1-VILLA ALEGRIA;0;0;1;845
1;0;SIN CORREGIMIENTO;30;VILLA ALEGRIA;1-VILLA ALEGRIA;0;0;2;54
1;0;SIN CORREGIMIENTO;31;LAS HAMACAS;1-LAS HAMACAS;LAS HAMACAS;SI;1;678
1;0;SIN CORREGIMIENTO;31;LAS HAMACAS;1-LAS HAMACAS;LAS HAMACAS;SI;2;53
1;0;SIN CORREGIMIENTO;32;MARIA PAZ;1-MARIA PAZ;MARIA PAZ;SI;1;3525
1;0;SIN CORREGIMIENTO;32;MARIA PAZ;1-MARIA PAZ;MARIA PAZ;SI;2;255
1;0;SIN CORREGIMIENTO;33;ALTOS DEL KENNEDY;1-ALTOS DEL KENNEDY;ALTOS DEL KENNEDY;SI;1;451
1;0;SIN CORREGIMIENTO;33;ALTOS DEL KENNEDY;1-ALTOS DEL KENNEDY;ALTOS DEL KENNEDY;SI;2;37
1;0;SIN CORREGIMIENTO;35;MINUTO DE DIOS;1-MINUTO DE DIOS;MINUTO DE DIOS;SI;1;853
1;0;SIN CORREGIMIENTO;35;MINUTO DE DIOS;1-MINUTO DE DIOS;MINUTO DE DIOS;SI;2;64
1;0;SIN CORREGIMIENTO;36;MIRADOR DEL KENNEDY;1-MIRADOR DEL KENNEDY;MIRADOR DEL KENNEDY;SI;1;159
1;0;SIN CORREGIMIENTO;36;MIRADOR DEL KENNEDY;1-MIRADOR DEL KENNEDY;MIRADOR DEL KENNEDY;SI;2;14
1;0;SIN CORREGIMIENTO;38;COLSEGUROS NORTE;1-COLSEGUROS NORTE;0;0;1;894
1;0;SIN CORREGIMIENTO;38;COLSEGUROS NORTE;1-COLSEGUROS NORTE;0;0;2;61
1;0;SIN CORREGIMIENTO;39;OMAGA I ;1-OMAGA I ;OMAGA I;SI;1;183
1;0;SIN CORREGIMIENTO;39;OMAGA I ;1-OMAGA I ;OMAGA I;SI;2;11
1;0;SIN CORREGIMIENTO;40;MIRAMAR;1-MIRAMAR;MIRAMAR;SI;1;430
1;0;SIN CORREGIMIENTO;40;MIRAMAR;1-MIRAMAR;MIRAMAR;SI;2;33
1;0;SIN CORREGIMIENTO;41;BALCONES DEL KENNEDY;1-BALCONES DEL KENNEDY;BALCONES DEL KENEDY;SI;1;1050
1;0;SIN CORREGIMIENTO;41;BALCONES DEL KENNEDY;1-BALCONES DEL KENNEDY;BALCONES DEL KENEDY;SI;2;71
1;0;SIN CORREGIMIENTO;42;VILLA MARIA;1-VILLA MARIA;VILLA MARIA I;SI;1;357
1;0;SIN CORREGIMIENTO;42;VILLA MARIA;1-VILLA MARIA;VILLA MARIA I;SI;2;17
1;0;SIN CORREGIMIENTO;43;ASENTAMIENTO VILLA MARIA;1-ASENTAMIENTO VILLA MARIA;NO;0;1;2
1;0;SIN CORREGIMIENTO;43;ASENTAMIENTO VILLA MARIA;1-ASENTAMIENTO VILLA MARIA;NO;0;2;1
1;0;SIN CORREGIMIENTO;45;LOS ANGELES;1-LOS ANGELES;0;0;1;2
1;0;SIN CORREGIMIENTO;47;OLAS ALTAS Y BAJAS;1-OLAS ALTAS Y BAJAS;OLAS ALTAS;SI;1;995
1;0;SIN CORREGIMIENTO;47;OLAS ALTAS Y BAJAS;1-OLAS ALTAS Y BAJAS;OLAS ALTAS;SI;2;66
1;0;SIN CORREGIMIENTO;49;PAISAJES DEL NORTE;1-PAISAJES DEL NORTE;0;0;1;664
1;0;SIN CORREGIMIENTO;49;PAISAJES DEL NORTE;1-PAISAJES DEL NORTE;0;0;2;53
1;0;SIN CORREGIMIENTO;50;VILLA ROSA;1-VILLA ROSA;VILLA ROSA;SI;1;5177
1;0;SIN CORREGIMIENTO;50;VILLA ROSA;1-VILLA ROSA;VILLA ROSA;SI;2;438
1;0;SIN CORREGIMIENTO;54;MIRADOR NORTE;1-MIRADOR NORTE;0;0;1;2
1;0;SIN CORREGIMIENTO;55;CLAVERIANO;1-CLAVERIANO;CLAVERIANO;SI;1;1236
1;0;SIN CORREGIMIENTO;55;CLAVERIANO;1-CLAVERIANO;CLAVERIANO;SI;2;142
1;0;SIN CORREGIMIENTO;56;ALTOS DEL PROGRESO;1-ALTOS DEL PROGRESO;ALTOS DEL PROGRESO;SI;1;1165
1;0;SIN CORREGIMIENTO;56;ALTOS DEL PROGRESO;1-ALTOS DEL PROGRESO;ALTOS DEL PROGRESO;SI;2;71
1;0;SIN CORREGIMIENTO;58;13 DE JUNIO;1-13 DE JUNIO;13 DE JUNIO;SI;1;186
1;0;SIN CORREGIMIENTO;58;13 DE JUNIO;1-13 DE JUNIO;13 DE JUNIO;SI;2;23
1;0;SIN CORREGIMIENTO;69;VILLA MERCEDES;1-VILLA MERCEDES;0;0;1;1
1;0;SIN CORREGIMIENTO;88;CAFE MADRID LA 40;1-CAFE MADRID LA 40;0;0;1;96
1;0;SIN CORREGIMIENTO;88;CAFE MADRID LA 40;1-CAFE MADRID LA 40;0;0;2;1
1;0;SIN CORREGIMIENTO;91;TEJADITOS;1-TEJADITOS;0;0;1;24
1;0;SIN CORREGIMIENTO;91;TEJADITOS;1-TEJADITOS;0;0;2;1
1;0;SIN CORREGIMIENTO;94;EL NOGAL 2;1-EL NOGAL 2;0;0;1;615
1;0;SIN CORREGIMIENTO;94;EL NOGAL 2;1-EL NOGAL 2;0;0;2;35
1;0;SIN CORREGIMIENTO;108;LIMONCITO MORRORRICO;1-LIMONCITO MORRORRICO;0;0;1;3
1;0;SIN CORREGIMIENTO;229;VILLA SARA;1-VILLA SARA;0;0;1;3
1;0;SIN CORREGIMIENTO;229;VILLA SARA;1-VILLA SARA;0;0;2;1
1;0;SIN CORREGIMIENTO;230;VILLA ALICIA;1-VILLA ALICIA;0;0;1;164
1;0;SIN CORREGIMIENTO;230;VILLA ALICIA;1-VILLA ALICIA;0;0;2;4
1;0;SIN CORREGIMIENTO;235;DELICIAS NORTE;1-DELICIAS NORTE;0;0;1;106
1;0;SIN CORREGIMIENTO;235;DELICIAS NORTE;1-DELICIAS NORTE;0;0;2;8
1;0;SIN CORREGIMIENTO;244;VILLA FLOR;1-VILLA FLOR;0;0;1;4
1;0;SIN CORREGIMIENTO;247;LA FORTUNA;1-LA FORTUNA;0;0;1;454
1;0;SIN CORREGIMIENTO;247;LA FORTUNA;1-LA FORTUNA;0;0;2;47
1;0;SIN CORREGIMIENTO;281;SAN IGNACIO REAL;1-SAN IGNACIO REAL;0;0;1;408
1;0;SIN CORREGIMIENTO;281;SAN IGNACIO REAL;1-SAN IGNACIO REAL;0;0;2;15
1;0;SIN CORREGIMIENTO;291;CAMINOS DE PAZ;1-CAMINOS DE PAZ;0;0;1;133
1;0;SIN CORREGIMIENTO;291;CAMINOS DE PAZ;1-CAMINOS DE PAZ;0;0;2;16
1;0;SIN CORREGIMIENTO;292;LAS TUNAS;1-LAS TUNAS;0;0;1;2
1;0;SIN CORREGIMIENTO;297;TEJAR II;1-TEJAR II;TEJAR NORTE;SI;1;794
1;0;SIN CORREGIMIENTO;297;TEJAR II;1-TEJAR II;TEJAR NORTE;SI;2;59
1;0;SIN CORREGIMIENTO;298;TEJAR I;1-TEJAR I;TEJAR NORTE;SI;1;568
1;0;SIN CORREGIMIENTO;298;TEJAR I;1-TEJAR I;TEJAR NORTE;SI;2;34
1;0;SIN CORREGIMIENTO;299;OMAGA II;1-OMAGA II;OMAGA II;SI;1;555
1;0;SIN CORREGIMIENTO;299;OMAGA II;1-OMAGA II;OMAGA II;SI;2;45
1;0;SIN CORREGIMIENTO;301;CERVUNION;1-CERVUNION;0;0;1;367
1;0;SIN CORREGIMIENTO;301;CERVUNION;1-CERVUNION;0;0;2;26
1;0;SIN CORREGIMIENTO;302;ASENTAMIENTO LUZ DE ESPERANZA;1-ASENTAMIENTO LUZ DE ESPERANZA;LUZ DE ESPERENZA;0;1;26
1;0;SIN CORREGIMIENTO;302;ASENTAMIENTO LUZ DE ESPERANZA;1-ASENTAMIENTO LUZ DE ESPERANZA;LUZ DE ESPERENZA;0;2;2
1;0;SIN CORREGIMIENTO;305;SAN VALENTIN;1-SAN VALENTIN;0;0;1;569
1;0;SIN CORREGIMIENTO;305;SAN VALENTIN;1-SAN VALENTIN;0;0;2;29
1;0;SIN CORREGIMIENTO;311;ALTOS DE BETANIA;1-ALTOS DE BETANIA;BETANIA;SI;1;1135
1;0;SIN CORREGIMIENTO;311;ALTOS DE BETANIA;1-ALTOS DE BETANIA;BETANIA;SI;2;104
1;0;SIN CORREGIMIENTO;328;CAMPESTRE NORTE ;1-CAMPESTRE NORTE ;0;0;1;2467
1;0;SIN CORREGIMIENTO;328;CAMPESTRE NORTE ;1-CAMPESTRE NORTE ;0;0;2;140
1;0;SIN CORREGIMIENTO;332;BONANZA CAMPESTRE;1-BONANZA CAMPESTRE;0;0;1;473
1;0;SIN CORREGIMIENTO;332;BONANZA CAMPESTRE;1-BONANZA CAMPESTRE;0;0;2;29
1;0;SIN CORREGIMIENTO;335;PUENTE NARIÑO;1-PUENTE NARIÑO;0;0;1;999
1;0;SIN CORREGIMIENTO;335;PUENTE NARIÑO;1-PUENTE NARIÑO;0;0;2;44
1;0;SIN CORREGIMIENTO;338;CAFE MADRID LA SEXTA;1-CAFE MADRID LA SEXTA;0;0;1;98
1;0;SIN CORREGIMIENTO;338;CAFE MADRID LA SEXTA;1-CAFE MADRID LA SEXTA;0;0;2;4
1;0;SIN CORREGIMIENTO;342;VILLAS DE SAN IGNACIO;1-VILLAS DE SAN IGNACIO;0;0;1;692
1;0;SIN CORREGIMIENTO;342;VILLAS DE SAN IGNACIO;1-VILLAS DE SAN IGNACIO;0;0;2;65
1;0;SIN CORREGIMIENTO;346;JARDINES DE ALTAGRACIA;1-JARDINES DE ALTAGRACIA;0;0;1;128
1;0;SIN CORREGIMIENTO;346;JARDINES DE ALTAGRACIA;1-JARDINES DE ALTAGRACIA;0;0;2;8
1;0;SIN CORREGIMIENTO;348;PORTAL DE LOS ANGELES;1-PORTAL DE LOS ANGELES;0;0;1;659
1;0;SIN CORREGIMIENTO;348;PORTAL DE LOS ANGELES;1-PORTAL DE LOS ANGELES;0;0;2;43
1;0;SIN CORREGIMIENTO;350;BETANIA ;1-BETANIA ;0;0;1;2856
1;0;SIN CORREGIMIENTO;350;BETANIA ;1-BETANIA ;0;0;2;298
1;0;SIN CORREGIMIENTO;351;CAFE MADRID LA ESTACION;1-CAFE MADRID LA ESTACION;0;0;1;763
1;0;SIN CORREGIMIENTO;351;CAFE MADRID LA ESTACION;1-CAFE MADRID LA ESTACION;0;0;2;66
1;0;SIN CORREGIMIENTO;354;MIRADOR DE COLORADOS;1-MIRADOR DE COLORADOS;0;0;1;148
1;0;SIN CORREGIMIENTO;354;MIRADOR DE COLORADOS;1-MIRADOR DE COLORADOS;0;0;2;15
1;0;SIN CORREGIMIENTO;356;BAVARIA;1-BAVARIA;0;0;1;2547
1;0;SIN CORREGIMIENTO;356;BAVARIA;1-BAVARIA;0;0;2;190
1;0;SIN CORREGIMIENTO;357;CAFE MADRID CORRALES;1-CAFE MADRID CORRALES;0;0;1;47
1;0;SIN CORREGIMIENTO;357;CAFE MADRID CORRALES;1-CAFE MADRID CORRALES;0;0;2;2
1;0;SIN CORREGIMIENTO;359;GETSEMANI;1-GETSEMANI;0;0;1;451
1;0;SIN CORREGIMIENTO;359;GETSEMANI;1-GETSEMANI;0;0;2;34
1;0;SIN CORREGIMIENTO;361;VILLAS DEL NOGAL;1-VILLAS DEL NOGAL;0;0;1;4
1;0;SIN CORREGIMIENTO;366;LOS CEDROS NORTE;1-LOS CEDROS NORTE;0;0;1;77
1;0;SIN CORREGIMIENTO;366;LOS CEDROS NORTE;1-LOS CEDROS NORTE;0;0;2;1
1;0;SIN CORREGIMIENTO;370;CAMPO MADRID;1-CAMPO MADRID;SIN GEOJSON;SI;1;3780
1;0;SIN CORREGIMIENTO;370;CAMPO MADRID;1-CAMPO MADRID;SIN GEOJSON;SI;2;256
2;0;SIN CORREGIMIENTO;0;BARRIO_S4;2-BARRIO_S4;0;0;1;463
2;0;SIN CORREGIMIENTO;0;BARRIO_S4;2-BARRIO_S4;0;0;2;29
2;0;SIN CORREGIMIENTO;8;EL ROSAL COLORADOS;2-EL ROSAL COLORADOS;0;0;1;2
2;0;SIN CORREGIMIENTO;21;MIRADOR DE LA UIS;2-MIRADOR DE LA UIS;0;0;1;787
2;0;SIN CORREGIMIENTO;21;MIRADOR DE LA UIS;2-MIRADOR DE LA UIS;0;0;2;46
2;0;SIN CORREGIMIENTO;37;LOS CUADROS;2-LOS CUADROS;0;0;1;852
2;0;SIN CORREGIMIENTO;37;LOS CUADROS;2-LOS CUADROS;0;0;2;64
2;0;SIN CORREGIMIENTO;44;VILLA HELENA I Y II;2-VILLA HELENA I Y II;VILLA HELENA I;SI;1;2242
2;0;SIN CORREGIMIENTO;44;VILLA HELENA I Y II;2-VILLA HELENA I Y II;VILLA HELENA I;SI;2;202
2;0;SIN CORREGIMIENTO;45;LOS ANGELES;2-LOS ANGELES;LOS ANGELES;SI;1;926
2;0;SIN CORREGIMIENTO;45;LOS ANGELES;2-LOS ANGELES;LOS ANGELES;SI;2;101
2;0;SIN CORREGIMIENTO;46;JOSE MARIA CORDOBA;2-JOSE MARIA CORDOBA;NUEVO HORIZONTE;SI;1;733
2;0;SIN CORREGIMIENTO;46;JOSE MARIA CORDOBA;2-JOSE MARIA CORDOBA;NUEVO HORIZONTE;SI;2;45
2;0;SIN CORREGIMIENTO;47;OLAS ALTAS Y BAJAS;2-OLAS ALTAS Y BAJAS;OLAS BAJAS;SI;1;73
2;0;SIN CORREGIMIENTO;47;OLAS ALTAS Y BAJAS;2-OLAS ALTAS Y BAJAS;OLAS BAJAS;SI;2;6
2;0;SIN CORREGIMIENTO;50;VILLA ROSA;2-VILLA ROSA;0;0;1;260
2;0;SIN CORREGIMIENTO;50;VILLA ROSA;2-VILLA ROSA;0;0;2;16
2;0;SIN CORREGIMIENTO;51;LIZCANO I Y II;2-LIZCANO I Y II;LIZCANO I;SI;1;571
2;0;SIN CORREGIMIENTO;51;LIZCANO I Y II;2-LIZCANO I Y II;LIZCANO I;SI;2;38
2;0;SIN CORREGIMIENTO;52;ESPERANZA II;2-ESPERANZA II;LA ESPERANZA II;SI;1;1793
2;0;SIN CORREGIMIENTO;52;ESPERANZA II;2-ESPERANZA II;LA ESPERANZA II;SI;2;224
2;0;SIN CORREGIMIENTO;53;ESPERANZA III;2-ESPERANZA III;LA ESPERANZA III;SI;1;1010
2;0;SIN CORREGIMIENTO;53;ESPERANZA III;2-ESPERANZA III;LA ESPERANZA III;SI;2;91
2;0;SIN CORREGIMIENTO;54;MIRADOR NORTE;2-MIRADOR NORTE;MIRADOR;SI;1;1000
2;0;SIN CORREGIMIENTO;54;MIRADOR NORTE;2-MIRADOR NORTE;MIRADOR;SI;2;80
2;0;SIN CORREGIMIENTO;57;BOSCONIA ;2-BOSCONIA ;0;0;1;7
2;0;SIN CORREGIMIENTO;57;BOSCONIA ;2-BOSCONIA ;0;0;2;3
2;0;SIN CORREGIMIENTO;58;13 DE JUNIO;2-13 DE JUNIO;0;0;1;5
2;0;SIN CORREGIMIENTO;59;LA GRANJITA;2-LA GRANJITA;0;0;1;226
2;0;SIN CORREGIMIENTO;59;LA GRANJITA;2-LA GRANJITA;0;0;2;3
2;0;SIN CORREGIMIENTO;61;REGADERO NORTE;2-REGADERO NORTE;REGADERO NORTE;SI;1;1444
2;0;SIN CORREGIMIENTO;61;REGADERO NORTE;2-REGADERO NORTE;REGADERO NORTE;SI;2;179
2;0;SIN CORREGIMIENTO;62;PRIMAVERAL REGADERO;2-PRIMAVERAL REGADERO;SIN GEOJSON;SI;1;151
2;0;SIN CORREGIMIENTO;62;PRIMAVERAL REGADERO;2-PRIMAVERAL REGADERO;SIN GEOJSON;SI;2;9
2;0;SIN CORREGIMIENTO;64;LA JUVENTUD;2-LA JUVENTUD;LA JUVENTUD;SI;1;1238
2;0;SIN CORREGIMIENTO;64;LA JUVENTUD;2-LA JUVENTUD;LA JUVENTUD;SI;2;133
2;0;SIN CORREGIMIENTO;65;ESPERANZA I;2-ESPERANZA I;LA ESPERANZA I;SI;1;1291
2;0;SIN CORREGIMIENTO;65;ESPERANZA I;2-ESPERANZA I;LA ESPERANZA I;SI;2;131
2;0;SIN CORREGIMIENTO;66;SAN CRISTOBAL;2-SAN CRISTOBAL;SAN CRISTOBAL;SI;1;722
2;0;SIN CORREGIMIENTO;66;SAN CRISTOBAL;2-SAN CRISTOBAL;SAN CRISTOBAL;SI;2;105
2;0;SIN CORREGIMIENTO;67;TRANSICION I AL V;2-TRANSICION I AL V;SIN GEOJSON;SI;1;4876
2;0;SIN CORREGIMIENTO;67;TRANSICION I AL V;2-TRANSICION I AL V;SIN GEOJSON;SI;2;504
2;0;SIN CORREGIMIENTO;68;NUEVA COLOMBIA;2-NUEVA COLOMBIA;0;0;1;370
2;0;SIN CORREGIMIENTO;68;NUEVA COLOMBIA;2-NUEVA COLOMBIA;0;0;2;34
2;0;SIN CORREGIMIENTO;69;VILLA MERCEDES;2-VILLA MERCEDES;VILLA MERCEDES;SI;1;2046
2;0;SIN CORREGIMIENTO;69;VILLA MERCEDES;2-VILLA MERCEDES;VILLA MERCEDES;SI;2;127
2;0;SIN CORREGIMIENTO;70;OLITAS;2-OLITAS;0;0;1;324
2;0;SIN CORREGIMIENTO;70;OLITAS;2-OLITAS;0;0;2;37
2;0;SIN CORREGIMIENTO;71;BOSQUE NORTE ;2-BOSQUE NORTE ;BOSQUE NORTE;SI;1;1187
2;0;SIN CORREGIMIENTO;71;BOSQUE NORTE ;2-BOSQUE NORTE ;BOSQUE NORTE;SI;2;116
2;0;SIN CORREGIMIENTO;72;LA INDEPENDENCIA;2-LA INDEPENDENCIA;LA INDEPENDENCIA;SI;1;3337
2;0;SIN CORREGIMIENTO;72;LA INDEPENDENCIA;2-LA INDEPENDENCIA;LA INDEPENDENCIA;SI;2;334
2;0;SIN CORREGIMIENTO;74;NORTE BAJO;2-NORTE BAJO;0;0;1;137
2;0;SIN CORREGIMIENTO;74;NORTE BAJO;2-NORTE BAJO;0;0;2;10
2;0;SIN CORREGIMIENTO;75;SAN RAFAEL;2-SAN RAFAEL;0;0;1;3
2;0;SIN CORREGIMIENTO;75;SAN RAFAEL;2-SAN RAFAEL;0;0;2;2
2;0;SIN CORREGIMIENTO;76;CHAPINERO;2-CHAPINERO;0;0;1;4
2;0;SIN CORREGIMIENTO;76;CHAPINERO;2-CHAPINERO;0;0;2;1
2;0;SIN CORREGIMIENTO;87;DON BOSCO;2-DON BOSCO;0;0;1;1
2;0;SIN CORREGIMIENTO;87;DON BOSCO;2-DON BOSCO;0;0;2;1
2;0;SIN CORREGIMIENTO;95;COMUNEROS;2-COMUNEROS;0;0;1;174
2;0;SIN CORREGIMIENTO;95;COMUNEROS;2-COMUNEROS;0;0;2;18
2;0;SIN CORREGIMIENTO;101;UNIVERSIDAD;2-UNIVERSIDAD;0;0;1;7
2;0;SIN CORREGIMIENTO;101;UNIVERSIDAD;2-UNIVERSIDAD;0;0;2;1
2;0;SIN CORREGIMIENTO;110;MORRORRICO;2-MORRORRICO;0;0;1;30
2;0;SIN CORREGIMIENTO;113;PUERTO RICO;2-PUERTO RICO;0;0;1;2
2;0;SIN CORREGIMIENTO;116;MIRAFLORES;2-MIRAFLORES;0;0;1;4
2;0;SIN CORREGIMIENTO;153;EL PANTANO I;2-EL PANTANO I;0;0;1;11
2;0;SIN CORREGIMIENTO;179;COLOMBIA;2-COLOMBIA;0;0;1;2
2;0;SIN CORREGIMIENTO;179;COLOMBIA;2-COLOMBIA;0;0;2;1
2;0;SIN CORREGIMIENTO;223;PORVENIR BAJO;2-PORVENIR BAJO;0;0;1;11
2;0;SIN CORREGIMIENTO;223;PORVENIR BAJO;2-PORVENIR BAJO;0;0;2;1
2;0;SIN CORREGIMIENTO;271;MONEQUE;2-MONEQUE;0;0;1;67
2;0;SIN CORREGIMIENTO;271;MONEQUE;2-MONEQUE;0;0;2;13
2;0;SIN CORREGIMIENTO;337;CIUDADELA CLUB COMFENALCO;2-CIUDADELA CLUB COMFENALCO;0;0;1;406
2;0;SIN CORREGIMIENTO;337;CIUDADELA CLUB COMFENALCO;2-CIUDADELA CLUB COMFENALCO;0;0;2;15
3;0;SIN CORREGIMIENTO;21;MIRADOR DE LA UIS;3-MIRADOR DE LA UIS;0;0;1;2
3;0;SIN CORREGIMIENTO;72;LA INDEPENDENCIA;3-LA INDEPENDENCIA;0;0;1;21
3;0;SIN CORREGIMIENTO;72;LA INDEPENDENCIA;3-LA INDEPENDENCIA;0;0;2;8
3;0;SIN CORREGIMIENTO;74;NORTE BAJO;3-NORTE BAJO;NORTE BAJO;SI;1;541
3;0;SIN CORREGIMIENTO;74;NORTE BAJO;3-NORTE BAJO;NORTE BAJO;SI;2;45
3;0;SIN CORREGIMIENTO;75;SAN RAFAEL;3-SAN RAFAEL;SAN RAFAEL;SI;1;1880
3;0;SIN CORREGIMIENTO;75;SAN RAFAEL;3-SAN RAFAEL;SAN RAFAEL;SI;2;224
3;0;SIN CORREGIMIENTO;76;CHAPINERO;3-CHAPINERO;CHAPINERO;SI;1;838
3;0;SIN CORREGIMIENTO;76;CHAPINERO;3-CHAPINERO;CHAPINERO;SI;2;94
3;0;SIN CORREGIMIENTO;95;COMUNEROS;3-COMUNEROS;COMUNEROS;SI;1;4194
3;0;SIN CORREGIMIENTO;95;COMUNEROS;3-COMUNEROS;COMUNEROS;SI;2;457
3;0;SIN CORREGIMIENTO;96;MODELO;3-MODELO;MODELO;SI;1;654
3;0;SIN CORREGIMIENTO;96;MODELO;3-MODELO;MODELO;SI;2;74
3;0;SIN CORREGIMIENTO;97;MUTUALIDAD;3-MUTUALIDAD;MUTUALIDAD;SI;1;1127
3;0;SIN CORREGIMIENTO;97;MUTUALIDAD;3-MUTUALIDAD;MUTUALIDAD;SI;2;125
3;0;SIN CORREGIMIENTO;98;SAN FRANCISCO;3-SAN FRANCISCO;0;0;1;1840
3;0;SIN CORREGIMIENTO;98;SAN FRANCISCO;3-SAN FRANCISCO;0;0;2;215
3;0;SIN CORREGIMIENTO;99;ALARCON;3-ALARCON;ALARCON;SI;1;204
3;0;SIN CORREGIMIENTO;99;ALARCON;3-ALARCON;ALARCON;SI;2;21
3;0;SIN CORREGIMIENTO;100;SAN ALONSO;3-SAN ALONSO;0;0;1;11
3;0;SIN CORREGIMIENTO;100;SAN ALONSO;3-SAN ALONSO;0;0;2;2
3;0;SIN CORREGIMIENTO;101;UNIVERSIDAD;3-UNIVERSIDAD;0;0;1;117
3;0;SIN CORREGIMIENTO;101;UNIVERSIDAD;3-UNIVERSIDAD;0;0;2;13
3;0;SIN CORREGIMIENTO;113;PUERTO RICO;3-PUERTO RICO;PUERTORICO;SI;1;142
3;0;SIN CORREGIMIENTO;113;PUERTO RICO;3-PUERTO RICO;PUERTORICO;SI;2;10
3;0;SIN CORREGIMIENTO;130;CENTRO;3-CENTRO;0;0;1;4
3;0;SIN CORREGIMIENTO;131;ANTONIA SANTOS CENTRO;3-ANTONIA SANTOS CENTRO;0;0;1;5
3;0;SIN CORREGIMIENTO;195;PABLO VI;3-PABLO VI;0;0;1;41
3;0;SIN CORREGIMIENTO;195;PABLO VI;3-PABLO VI;0;0;2;10
3;0;SIN CORREGIMIENTO;218;SAN EXPEDITO;3-SAN EXPEDITO;0;0;1;5
3;0;SIN CORREGIMIENTO;305;SAN VALENTIN;3-SAN VALENTIN;0;0;1;1
4;0;SIN CORREGIMIENTO;0;BARRIO_S4;4-BARRIO_S4;0;0;1;2
4;0;SIN CORREGIMIENTO;3;COLORADOS;4-COLORADOS;0;0;1;2
4;0;SIN CORREGIMIENTO;11;DIVINO NIÑO NORTE;4-DIVINO NIÑO NORTE;0;0;1;6
4;0;SIN CORREGIMIENTO;14;CAFE MADRID;4-CAFE MADRID;0;0;1;2
4;0;SIN CORREGIMIENTO;16;GALLINERAL;4-GALLINERAL;GALLINERAL;SI;1;431
4;0;SIN CORREGIMIENTO;16;GALLINERAL;4-GALLINERAL;GALLINERAL;SI;2;17
4;0;SIN CORREGIMIENTO;18;5 DE ENERO;4-5 DE ENERO;5 DE ENERO;SI;1;360
4;0;SIN CORREGIMIENTO;18;5 DE ENERO;4-5 DE ENERO;5 DE ENERO;SI;2;31
4;0;SIN CORREGIMIENTO;20;CARLOS PIZARRO;4-CARLOS PIZARRO;CARLOS PIZARRO;SI;1;133
4;0;SIN CORREGIMIENTO;20;CARLOS PIZARRO;4-CARLOS PIZARRO;CARLOS PIZARRO;SI;2;4
4;0;SIN CORREGIMIENTO;22;JOSE ANTONIO GALAN;4-JOSE ANTONIO GALAN;JOSE ANTONIO GALAN;SI;1;1565
4;0;SIN CORREGIMIENTO;22;JOSE ANTONIO GALAN;4-JOSE ANTONIO GALAN;JOSE ANTONIO GALAN;SI;2;106
4;0;SIN CORREGIMIENTO;35;MINUTO DE DIOS;4-MINUTO DE DIOS;0;0;1;1
4;0;SIN CORREGIMIENTO;46;JOSE MARIA CORDOBA;4-JOSE MARIA CORDOBA;0;0;1;1
4;0;SIN CORREGIMIENTO;73;CINAL I II Y III;4-CINAL I II Y III;EL CINAL;SI;1;472
4;0;SIN CORREGIMIENTO;73;CINAL I II Y III;4-CINAL I II Y III;EL CINAL;SI;2;70
4;0;SIN CORREGIMIENTO;74;NORTE BAJO;4-NORTE BAJO;0;0;1;21
4;0;SIN CORREGIMIENTO;74;NORTE BAJO;4-NORTE BAJO;0;0;2;5
4;0;SIN CORREGIMIENTO;75;SAN RAFAEL;4-SAN RAFAEL;0;0;1;3
4;0;SIN CORREGIMIENTO;75;SAN RAFAEL;4-SAN RAFAEL;0;0;2;1
4;0;SIN CORREGIMIENTO;77;GAITAN;4-GAITAN;GAITAN;SI;1;3391
4;0;SIN CORREGIMIENTO;77;GAITAN;4-GAITAN;GAITAN;SI;2;334
4;0;SIN CORREGIMIENTO;78;GRANADA;4-GRANADA;GRANADA;SI;1;671
4;0;SIN CORREGIMIENTO;78;GRANADA;4-GRANADA;GRANADA;SI;2;56
4;0;SIN CORREGIMIENTO;79;LA FERIA;4-LA FERIA;LA FERIA;SI;1;572
4;0;SIN CORREGIMIENTO;79;LA FERIA;4-LA FERIA;LA FERIA;SI;2;86
4;0;SIN CORREGIMIENTO;80;NAPOLES;4-NAPOLES;NAPOLES;SI;1;821
4;0;SIN CORREGIMIENTO;80;NAPOLES;4-NAPOLES;NAPOLES;SI;2;82
4;0;SIN CORREGIMIENTO;82;GIRARDOT;4-GIRARDOT;GIRARDOT;SI;1;4729
4;0;SIN CORREGIMIENTO;82;GIRARDOT;4-GIRARDOT;GIRARDOT;SI;2;461
4;0;SIN CORREGIMIENTO;83;ZARABANDA;4-ZARABANDA;ZARABANDA;SI;1;473
4;0;SIN CORREGIMIENTO;83;ZARABANDA;4-ZARABANDA;ZARABANDA;SI;2;24
4;0;SIN CORREGIMIENTO;84;CUYANITA;4-CUYANITA;0;0;1;674
4;0;SIN CORREGIMIENTO;84;CUYANITA;4-CUYANITA;0;0;2;50
4;0;SIN CORREGIMIENTO;85;CAMILO TORRES;4-CAMILO TORRES;CAMILO TORRES;SI;1;625
4;0;SIN CORREGIMIENTO;85;CAMILO TORRES;4-CAMILO TORRES;CAMILO TORRES;SI;2;52
4;0;SIN CORREGIMIENTO;86;SANTANDER;4-SANTANDER;SANTANDER;SI;1;1804
4;0;SIN CORREGIMIENTO;86;SANTANDER;4-SANTANDER;SANTANDER;SI;2;195
4;0;SIN CORREGIMIENTO;87;DON BOSCO;4-DON BOSCO;DON BOSCO;SI;1;917
4;0;SIN CORREGIMIENTO;87;DON BOSCO;4-DON BOSCO;DON BOSCO;SI;2;68
4;0;SIN CORREGIMIENTO;89;NAPOLES CURTIEMBRE;4-NAPOLES CURTIEMBRE;0;0;1;403
4;0;SIN CORREGIMIENTO;89;NAPOLES CURTIEMBRE;4-NAPOLES CURTIEMBRE;0;0;2;29
4;0;SIN CORREGIMIENTO;90;LA GLORIA;4-LA GLORIA;LA GLORIA;SI;1;813
4;0;SIN CORREGIMIENTO;90;LA GLORIA;4-LA GLORIA;LA GLORIA;SI;2;75
4;0;SIN CORREGIMIENTO;92;NARIÑO;4-NARIÑO;NARIÑO;SI;1;1743
4;0;SIN CORREGIMIENTO;92;NARIÑO;4-NARIÑO;NARIÑO;SI;2;154
4;0;SIN CORREGIMIENTO;93;PIO XII;4-PIO XII;SIN GEOJSON;SI;1;278
4;0;SIN CORREGIMIENTO;93;PIO XII;4-PIO XII;SIN GEOJSON;SI;2;21
4;0;SIN CORREGIMIENTO;98;SAN FRANCISCO;4-SAN FRANCISCO;0;0;1;1
4;0;SIN CORREGIMIENTO;99;ALARCON;4-ALARCON;0;0;1;19
4;0;SIN CORREGIMIENTO;99;ALARCON;4-ALARCON;0;0;2;3
4;0;SIN CORREGIMIENTO;119;GALAN;4-GALAN;0;0;1;16
4;0;SIN CORREGIMIENTO;119;GALAN;4-GALAN;0;0;2;16
4;0;SIN CORREGIMIENTO;130;CENTRO;4-CENTRO;0;0;1;1
4;0;SIN CORREGIMIENTO;131;ANTONIA SANTOS CENTRO;4-ANTONIA SANTOS CENTRO;0;0;1;1
4;0;SIN CORREGIMIENTO;136;SOTOMAYOR;4-SOTOMAYOR;0;0;1;1
4;0;SIN CORREGIMIENTO;141;GARCIA ROVIRA;4-GARCIA ROVIRA;0;0;1;24
4;0;SIN CORREGIMIENTO;141;GARCIA ROVIRA;4-GARCIA ROVIRA;0;0;2;2
4;0;SIN CORREGIMIENTO;142;ALFONSO LOPEZ;4-ALFONSO LOPEZ;0;0;1;3
4;0;SIN CORREGIMIENTO;142;ALFONSO LOPEZ;4-ALFONSO LOPEZ;0;0;2;1
4;0;SIN CORREGIMIENTO;145;CAMPO HERMOSO;4-CAMPO HERMOSO;0;0;2;1
4;0;SIN CORREGIMIENTO;154;EL PANTANO II;4-EL PANTANO II;0;0;1;38
4;0;SIN CORREGIMIENTO;154;EL PANTANO II;4-EL PANTANO II;0;0;2;11
4;0;SIN CORREGIMIENTO;193;NUEVA GRANADA;4-NUEVA GRANADA;0;0;1;58
4;0;SIN CORREGIMIENTO;193;NUEVA GRANADA;4-NUEVA GRANADA;0;0;2;9
4;0;SIN CORREGIMIENTO;232;DANGOND;4-DANGOND;0;0;1;26
4;0;SIN CORREGIMIENTO;232;DANGOND;4-DANGOND;0;0;2;1
4;0;SIN CORREGIMIENTO;240;IGSABELAR;4-IGSABELAR;0;0;1;15
4;0;SIN CORREGIMIENTO;240;IGSABELAR;4-IGSABELAR;0;0;2;2
4;0;SIN CORREGIMIENTO;278;12 DE OCTUBRE;4-12 DE OCTUBRE;12 DE OCTUBRE;SI;1;1119
4;0;SIN CORREGIMIENTO;278;12 DE OCTUBRE;4-12 DE OCTUBRE;12 DE OCTUBRE;SI;2;111
4;0;SIN CORREGIMIENTO;279;DIVINO NIÑO CENTRO ;4-DIVINO NIÑO CENTRO ;DIVINO NIÑO;SI;1;451
4;0;SIN CORREGIMIENTO;279;DIVINO NIÑO CENTRO ;4-DIVINO NIÑO CENTRO ;DIVINO NIÑO;SI;2;32
4;0;SIN CORREGIMIENTO;280;RESERVA DE LA INMACULADA;4-RESERVA DE LA INMACULADA;SIN GEOJSON;SI;1;1396
4;0;SIN CORREGIMIENTO;280;RESERVA DE LA INMACULADA;4-RESERVA DE LA INMACULADA;SIN GEOJSON;SI;2;121
4;0;SIN CORREGIMIENTO;307;MILAGRO DE DIOS;4-MILAGRO DE DIOS;0;0;1;748
4;0;SIN CORREGIMIENTO;307;MILAGRO DE DIOS;4-MILAGRO DE DIOS;0;0;2;60
4;0;SIN CORREGIMIENTO;325;MARIA AUXILIADORA;4-MARIA AUXILIADORA;0;0;1;107
4;0;SIN CORREGIMIENTO;325;MARIA AUXILIADORA;4-MARIA AUXILIADORA;0;0;2;18
4;0;SIN CORREGIMIENTO;333;23 DE JUNIO;4-23 DE JUNIO;23 DE JUNIO;SI;1;537
4;0;SIN CORREGIMIENTO;333;23 DE JUNIO;4-23 DE JUNIO;23 DE JUNIO;SI;2;59
4;0;SIN CORREGIMIENTO;345;PASEO DE LA FERIA;4-PASEO DE LA FERIA;0;0;1;1239
4;0;SIN CORREGIMIENTO;345;PASEO DE LA FERIA;4-PASEO DE LA FERIA;0;0;2;113
4;0;SIN CORREGIMIENTO;356;BAVARIA;4-BAVARIA;0;0;1;6
4;0;SIN CORREGIMIENTO;359;GETSEMANI;4-GETSEMANI;0;0;1;1
4;0;SIN CORREGIMIENTO;365;VILLAS DE GIRARDOT;4-VILLAS DE GIRARDOT;VILLAS DE GIRARDOT;SI;1;1887
4;0;SIN CORREGIMIENTO;365;VILLAS DE GIRARDOT;4-VILLAS DE GIRARDOT;VILLAS DE GIRARDOT;SI;2;162
4;0;SIN CORREGIMIENTO;368;URBANIZACION LA INMACULADA;4-URBANIZACION LA INMACULADA;0;0;1;2203
4;0;SIN CORREGIMIENTO;368;URBANIZACION LA INMACULADA;4-URBANIZACION LA INMACULADA;0;0;2;213
4;0;SIN CORREGIMIENTO;999999;BARRIO_S4;4-BARRIO_S4;0;0;1;1
5;0;SIN CORREGIMIENTO;17;RINCON DE LA PAZ;5-RINCON DE LA PAZ;RINCON DE LA PAZ;SI;1;879
5;0;SIN CORREGIMIENTO;17;RINCON DE LA PAZ;5-RINCON DE LA PAZ;RINCON DE LA PAZ;SI;2;67
5;0;SIN CORREGIMIENTO;82;GIRARDOT;5-GIRARDOT;0;0;1;2
5;0;SIN CORREGIMIENTO;141;GARCIA ROVIRA;5-GARCIA ROVIRA;0;0;1;62
5;0;SIN CORREGIMIENTO;141;GARCIA ROVIRA;5-GARCIA ROVIRA;0;0;2;2
5;0;SIN CORREGIMIENTO;142;ALFONSO LOPEZ;5-ALFONSO LOPEZ;0;0;1;3000
5;0;SIN CORREGIMIENTO;142;ALFONSO LOPEZ;5-ALFONSO LOPEZ;0;0;2;340
5;0;SIN CORREGIMIENTO;143;LA JOYA;5-LA JOYA;0;0;1;1849
5;0;SIN CORREGIMIENTO;143;LA JOYA;5-LA JOYA;0;0;2;177
5;0;SIN CORREGIMIENTO;144;CHORRERAS DE DON JUAN;5-CHORRERAS DE DON JUAN;0;0;1;585
5;0;SIN CORREGIMIENTO;144;CHORRERAS DE DON JUAN;5-CHORRERAS DE DON JUAN;0;0;2;75
5;0;SIN CORREGIMIENTO;145;CAMPO HERMOSO;5-CAMPO HERMOSO;0;0;1;6254
5;0;SIN CORREGIMIENTO;145;CAMPO HERMOSO;5-CAMPO HERMOSO;0;0;2;622
5;0;SIN CORREGIMIENTO;146;LA ESMERALDA;5-LA ESMERALDA;0;0;1;316
5;0;SIN CORREGIMIENTO;146;LA ESMERALDA;5-LA ESMERALDA;0;0;2;18
5;0;SIN CORREGIMIENTO;149;PRIMERO DE MAYO;5-PRIMERO DE MAYO;0;0;1;816
5;0;SIN CORREGIMIENTO;149;PRIMERO DE MAYO;5-PRIMERO DE MAYO;0;0;2;81
5;0;SIN CORREGIMIENTO;150;VILLAS DEL ROMERO;5-VILLAS DEL ROMERO;0;0;1;1
5;0;SIN CORREGIMIENTO;151;LA ESTRELLA;5-LA ESTRELLA;0;0;1;3
5;0;SIN CORREGIMIENTO;152;QUINTA ESTRELLA;5-QUINTA ESTRELLA;0;0;1;513
5;0;SIN CORREGIMIENTO;152;QUINTA ESTRELLA;5-QUINTA ESTRELLA;0;0;2;41
5;0;SIN CORREGIMIENTO;153;EL PANTANO I;5-EL PANTANO I;0;0;1;260
5;0;SIN CORREGIMIENTO;153;EL PANTANO I;5-EL PANTANO I;0;0;2;18
5;0;SIN CORREGIMIENTO;154;EL PANTANO II;5-EL PANTANO II;0;0;1;531
5;0;SIN CORREGIMIENTO;154;EL PANTANO II;5-EL PANTANO II;0;0;2;25
5;0;SIN CORREGIMIENTO;155;EL PANTANO III;5-EL PANTANO III;0;0;1;296
5;0;SIN CORREGIMIENTO;155;EL PANTANO III;5-EL PANTANO III;0;0;2;17
5;0;SIN CORREGIMIENTO;168;FUNDADORES I Y II;5-FUNDADORES I Y II;0;0;2;1
5;0;SIN CORREGIMIENTO;173;ESTORAQUES;5-ESTORAQUES;0;0;1;1527
5;0;SIN CORREGIMIENTO;173;ESTORAQUES;5-ESTORAQUES;0;0;2;127
5;0;SIN CORREGIMIENTO;175;PUNTA ESTRELLA;5-PUNTA ESTRELLA;0;0;1;17
5;0;SIN CORREGIMIENTO;175;PUNTA ESTRELLA;5-PUNTA ESTRELLA;0;0;2;2
5;0;SIN CORREGIMIENTO;192;LA SALLE;5-LA SALLE;0;0;1;4
5;0;SIN CORREGIMIENTO;192;LA SALLE;5-LA SALLE;0;0;2;1
5;0;SIN CORREGIMIENTO;285;URBANIZACION LOS BUCAROS;5-URBANIZACION LOS BUCAROS;0;0;1;36
5;0;SIN CORREGIMIENTO;285;URBANIZACION LOS BUCAROS;5-URBANIZACION LOS BUCAROS;0;0;2;2
5;0;SIN CORREGIMIENTO;296;LA PARCELA;5-LA PARCELA;0;0;2;1
5;0;SIN CORREGIMIENTO;301;CERVUNION;5-CERVUNION;0;0;1;1
5;0;SIN CORREGIMIENTO;328;CAMPESTRE NORTE ;5-CAMPESTRE NORTE ;0;0;1;2
5;0;SIN CORREGIMIENTO;329;VILLA DEL PRADO;5-VILLA DEL PRADO;0;0;1;139
5;0;SIN CORREGIMIENTO;329;VILLA DEL PRADO;5-VILLA DEL PRADO;0;0;2;7
5;0;SIN CORREGIMIENTO;336;12 DE FEBRERO;5-12 DE FEBRERO;NO;0;1;13
5;0;SIN CORREGIMIENTO;336;12 DE FEBRERO;5-12 DE FEBRERO;NO;0;2;1
5;0;SIN CORREGIMIENTO;370;CAMPO MADRID;5-CAMPO MADRID;0;0;1;2
5;0;SIN CORREGIMIENTO;370;CAMPO MADRID;5-CAMPO MADRID;0;0;2;1
6;0;SIN CORREGIMIENTO;99;ALARCON;6-ALARCON;0;0;1;3
6;0;SIN CORREGIMIENTO;130;CENTRO;6-CENTRO;0;0;1;6
6;0;SIN CORREGIMIENTO;135;LA CONCORDIA;6-LA CONCORDIA;0;0;1;639
6;0;SIN CORREGIMIENTO;135;LA CONCORDIA;6-LA CONCORDIA;0;0;2;91
6;0;SIN CORREGIMIENTO;137;NUEVO SOTOMAYOR;6-NUEVO SOTOMAYOR;0;0;1;5
6;0;SIN CORREGIMIENTO;144;CHORRERAS DE DON JUAN;6-CHORRERAS DE DON JUAN;0;0;1;100
6;0;SIN CORREGIMIENTO;144;CHORRERAS DE DON JUAN;6-CHORRERAS DE DON JUAN;0;0;2;23
6;0;SIN CORREGIMIENTO;145;CAMPO HERMOSO;6-CAMPO HERMOSO;0;0;1;5
6;0;SIN CORREGIMIENTO;156;CANDILES;6-CANDILES;0;0;1;566
6;0;SIN CORREGIMIENTO;156;CANDILES;6-CANDILES;0;0;2;35
6;0;SIN CORREGIMIENTO;157;SAN MIGUEL;6-SAN MIGUEL;0;0;1;987
6;0;SIN CORREGIMIENTO;157;SAN MIGUEL;6-SAN MIGUEL;0;0;2;103
6;0;SIN CORREGIMIENTO;158;GOMEZ NIÑO;6-GOMEZ NIÑO;0;0;1;28
6;0;SIN CORREGIMIENTO;158;GOMEZ NIÑO;6-GOMEZ NIÑO;0;0;2;16
6;0;SIN CORREGIMIENTO;159;RICAURTE;6-RICAURTE;0;0;1;534
6;0;SIN CORREGIMIENTO;159;RICAURTE;6-RICAURTE;0;0;2;67
6;0;SIN CORREGIMIENTO;160;LA CEIBA;6-LA CEIBA;0;0;1;15
6;0;SIN CORREGIMIENTO;160;LA CEIBA;6-LA CEIBA;0;0;2;3
6;0;SIN CORREGIMIENTO;162;CIUDADELA REAL DE MINAS ;6-CIUDADELA REAL DE MINAS ;0;0;2;1
6;0;SIN CORREGIMIENTO;180;CANELOS;6-CANELOS;0;0;1;5
6;0;SIN CORREGIMIENTO;180;CANELOS;6-CANELOS;0;0;2;1
6;0;SIN CORREGIMIENTO;191;LA VICTORIA;6-LA VICTORIA;0;0;1;41
6;0;SIN CORREGIMIENTO;191;LA VICTORIA;6-LA VICTORIA;0;0;2;13
6;0;SIN CORREGIMIENTO;194;CORDONCILLO I;6-CORDONCILLO I;0;0;1;8
6;0;SIN CORREGIMIENTO;194;CORDONCILLO I;6-CORDONCILLO I;0;0;2;1
6;0;SIN CORREGIMIENTO;195;PABLO VI;6-PABLO VI;0;0;1;9
6;0;SIN CORREGIMIENTO;195;PABLO VI;6-PABLO VI;0;0;2;3
6;0;SIN CORREGIMIENTO;274;BOLIVAR;6-BOLIVAR;0;0;1;1
6;0;SIN CORREGIMIENTO;286;MACAREGUA;6-MACAREGUA;0;0;1;2
6;0;SIN CORREGIMIENTO;308;LA CUÑITA;6-LA CUÑITA;0;0;1;1
7;0;SIN CORREGIMIENTO;131;ANTONIA SANTOS CENTRO;7-ANTONIA SANTOS CENTRO;0;0;1;2
7;0;SIN CORREGIMIENTO;158;GOMEZ NIÑO;7-GOMEZ NIÑO;0;0;1;5
7;0;SIN CORREGIMIENTO;159;RICAURTE;7-RICAURTE;0;0;1;2
7;0;SIN CORREGIMIENTO;162;CIUDADELA REAL DE MINAS ;7-CIUDADELA REAL DE MINAS ;0;0;1;59
7;0;SIN CORREGIMIENTO;162;CIUDADELA REAL DE MINAS ;7-CIUDADELA REAL DE MINAS ;0;0;2;9
7;0;SIN CORREGIMIENTO;163;BALCONCITOS;7-BALCONCITOS;0;0;1;446
7;0;SIN CORREGIMIENTO;163;BALCONCITOS;7-BALCONCITOS;0;0;2;35
7;0;SIN CORREGIMIENTO;164;MUTIS;7-MUTIS;0;0;1;6
7;0;SIN CORREGIMIENTO;164;MUTIS;7-MUTIS;0;0;2;1
7;0;SIN CORREGIMIENTO;171;CIUDAD BOLIVAR;7-CIUDAD BOLIVAR;0;0;1;92
7;0;SIN CORREGIMIENTO;171;CIUDAD BOLIVAR;7-CIUDAD BOLIVAR;0;0;2;7
7;0;SIN CORREGIMIENTO;177;LOS ALMENDROS;7-LOS ALMENDROS;0;0;1;12
7;0;SIN CORREGIMIENTO;177;LOS ALMENDROS;7-LOS ALMENDROS;0;0;2;1
7;0;SIN CORREGIMIENTO;178;SAN GERARDO I Y II;7-SAN GERARDO I Y II;0;0;1;44
7;0;SIN CORREGIMIENTO;178;SAN GERARDO I Y II;7-SAN GERARDO I Y II;0;0;2;4
7;0;SIN CORREGIMIENTO;180;CANELOS;7-CANELOS;0;0;1;1
7;0;SIN CORREGIMIENTO;180;CANELOS;7-CANELOS;0;0;2;1
7;0;SIN CORREGIMIENTO;182;BUCARAMANGA;7-BUCARAMANGA;0;0;1;16
7;0;SIN CORREGIMIENTO;182;BUCARAMANGA;7-BUCARAMANGA;0;0;2;2
7;0;SIN CORREGIMIENTO;184;LAURELES;7-LAURELES;0;0;1;1
7;0;SIN CORREGIMIENTO;187;LOS NARANJOS;7-LOS NARANJOS;0;0;1;8
7;0;SIN CORREGIMIENTO;187;LOS NARANJOS;7-LOS NARANJOS;0;0;2;2
7;0;SIN CORREGIMIENTO;189;SAMANES;7-SAMANES;0;0;1;5
7;0;SIN CORREGIMIENTO;189;SAMANES;7-SAMANES;0;0;2;1
7;0;SIN CORREGIMIENTO;273;BALCONES DE GRATAMIRA;7-BALCONES DE GRATAMIRA;0;0;1;8
7;0;SIN CORREGIMIENTO;286;MACAREGUA;7-MACAREGUA;0;0;1;1
8;0;SIN CORREGIMIENTO;12;CAFE MADRID EL TUNEL;8-CAFE MADRID EL TUNEL;0;0;1;2
8;0;SIN CORREGIMIENTO;18;5 DE ENERO;8-5 DE ENERO;0;0;1;2
8;0;SIN CORREGIMIENTO;35;MINUTO DE DIOS;8-MINUTO DE DIOS;0;0;1;3
8;0;SIN CORREGIMIENTO;115;BUENAVISTA;8-BUENAVISTA;0;0;1;3
8;0;SIN CORREGIMIENTO;160;LA CEIBA;8-LA CEIBA;0;0;1;4
8;0;SIN CORREGIMIENTO;178;SAN GERARDO I Y II;8-SAN GERARDO I Y II;0;0;1;1850
8;0;SIN CORREGIMIENTO;178;SAN GERARDO I Y II;8-SAN GERARDO I Y II;0;0;2;155
8;0;SIN CORREGIMIENTO;179;COLOMBIA;8-COLOMBIA;0;0;1;263
8;0;SIN CORREGIMIENTO;179;COLOMBIA;8-COLOMBIA;0;0;2;24
8;0;SIN CORREGIMIENTO;180;CANELOS;8-CANELOS;0;0;1;1107
8;0;SIN CORREGIMIENTO;180;CANELOS;8-CANELOS;0;0;2;101
8;0;SIN CORREGIMIENTO;181;MANZANA 10;8-MANZANA 10;0;0;1;254
8;0;SIN CORREGIMIENTO;181;MANZANA 10;8-MANZANA 10;0;0;2;23
8;0;SIN CORREGIMIENTO;182;BUCARAMANGA;8-BUCARAMANGA;0;0;1;3407
8;0;SIN CORREGIMIENTO;182;BUCARAMANGA;8-BUCARAMANGA;0;0;2;276
8;0;SIN CORREGIMIENTO;183;PEÑON DEL VALLE;8-PEÑON DEL VALLE;0;0;1;4
8;0;SIN CORREGIMIENTO;183;PEÑON DEL VALLE;8-PEÑON DEL VALLE;0;0;2;1
8;0;SIN CORREGIMIENTO;184;LAURELES;8-LAURELES;0;0;1;436
8;0;SIN CORREGIMIENTO;184;LAURELES;8-LAURELES;0;0;2;21
8;0;SIN CORREGIMIENTO;185;CORDONCILLO II;8-CORDONCILLO II;0;0;1;289
8;0;SIN CORREGIMIENTO;185;CORDONCILLO II;8-CORDONCILLO II;0;0;2;16
8;0;SIN CORREGIMIENTO;191;LA VICTORIA;8-LA VICTORIA;0;0;1;6
8;0;SIN CORREGIMIENTO;191;LA VICTORIA;8-LA VICTORIA;0;0;2;1
8;0;SIN CORREGIMIENTO;194;CORDONCILLO I;8-CORDONCILLO I;0;0;1;762
8;0;SIN CORREGIMIENTO;194;CORDONCILLO I;8-CORDONCILLO I;0;0;2;76
8;0;SIN CORREGIMIENTO;195;PABLO VI;8-PABLO VI;0;0;1;1988
8;0;SIN CORREGIMIENTO;195;PABLO VI;8-PABLO VI;0;0;2;243
8;0;SIN CORREGIMIENTO;196;AFRIKA;8-AFRIKA;ASENTAMIENTO EL AFRICA;0;1;243
8;0;SIN CORREGIMIENTO;196;AFRIKA;8-AFRIKA;ASENTAMIENTO EL AFRICA;0;2;18
8;0;SIN CORREGIMIENTO;197;20 DE JULIO;8-20 DE JULIO;ASENTAMIENTO 20 DE JULIO;0;1;88
8;0;SIN CORREGIMIENTO;197;20 DE JULIO;8-20 DE JULIO;ASENTAMIENTO 20 DE JULIO;0;2;9
8;0;SIN CORREGIMIENTO;198;EL FONCE;8-EL FONCE;0;0;1;8
8;0;SIN CORREGIMIENTO;199;JUAN XXIII;8-JUAN XXIII;0;0;1;1163
8;0;SIN CORREGIMIENTO;199;JUAN XXIII;8-JUAN XXIII;0;0;2;84
8;0;SIN CORREGIMIENTO;281;SAN IGNACIO REAL;8-SAN IGNACIO REAL;0;0;1;4
8;0;SIN CORREGIMIENTO;333;23 DE JUNIO;8-23 DE JUNIO;0;0;1;2
8;0;SIN CORREGIMIENTO;333;23 DE JUNIO;8-23 DE JUNIO;0;0;2;1
8;0;SIN CORREGIMIENTO;349;JUAN XXIII CANCHA LA GUACAMAYA;8-JUAN XXIII CANCHA LA GUACAMAYA;0;0;1;56
8;0;SIN CORREGIMIENTO;349;JUAN XXIII CANCHA LA GUACAMAYA;8-JUAN XXIII CANCHA LA GUACAMAYA;0;0;2;2
9;0;SIN CORREGIMIENTO;192;LA SALLE;9-LA SALLE;0;0;1;8
9;0;SIN CORREGIMIENTO;192;LA SALLE;9-LA SALLE;0;0;2;3
9;0;SIN CORREGIMIENTO;193;NUEVA GRANADA;9-NUEVA GRANADA;0;0;1;349
9;0;SIN CORREGIMIENTO;193;NUEVA GRANADA;9-NUEVA GRANADA;0;0;2;34
9;0;SIN CORREGIMIENTO;200;ANTONIA SANTOS SUR;9-ANTONIA SANTOS SUR;0;0;1;75
9;0;SIN CORREGIMIENTO;200;ANTONIA SANTOS SUR;9-ANTONIA SANTOS SUR;0;0;2;35
9;0;SIN CORREGIMIENTO;201;QUEBRADA LA IGLESIA;9-QUEBRADA LA IGLESIA;QUEBRADA LA IGLESIA I;SI;1;368
9;0;SIN CORREGIMIENTO;201;QUEBRADA LA IGLESIA;9-QUEBRADA LA IGLESIA;QUEBRADA LA IGLESIA I;SI;2;48
9;0;SIN CORREGIMIENTO;202;SAN PEDRO;9-SAN PEDRO;SAN PEDRO CLAVER;SI;1;656
9;0;SIN CORREGIMIENTO;202;SAN PEDRO;9-SAN PEDRO;SAN PEDRO CLAVER;SI;2;50
9;0;SIN CORREGIMIENTO;203;SAN MARTIN;9-SAN MARTIN;SAN MARTIN;SI;1;1533
9;0;SIN CORREGIMIENTO;203;SAN MARTIN;9-SAN MARTIN;SAN MARTIN;SI;2;153
9;0;SIN CORREGIMIENTO;204;EL SOL I Y II;9-EL SOL I Y II;0;0;1;650
9;0;SIN CORREGIMIENTO;204;EL SOL I Y II;9-EL SOL I Y II;0;0;2;37
9;0;SIN CORREGIMIENTO;205;GUAYACANES;9-GUAYACANES;0;0;1;5
9;0;SIN CORREGIMIENTO;205;GUAYACANES;9-GUAYACANES;0;0;2;1
9;0;SIN CORREGIMIENTO;207;LA PEDREGOSA;9-LA PEDREGOSA;0;0;1;179
9;0;SIN CORREGIMIENTO;207;LA PEDREGOSA;9-LA PEDREGOSA;0;0;2;8
9;0;SIN CORREGIMIENTO;208;DIAMANTE I;9-DIAMANTE I;0;0;1;59
9;0;SIN CORREGIMIENTO;208;DIAMANTE I;9-DIAMANTE I;0;0;2;6
9;0;SIN CORREGIMIENTO;209;LAS CASITAS;9-LAS CASITAS;0;0;1;259
9;0;SIN CORREGIMIENTO;209;LAS CASITAS;9-LAS CASITAS;0;0;2;20
9;0;SIN CORREGIMIENTO;210;VILLA INES;9-VILLA INES;0;0;1;13
9;0;SIN CORREGIMIENTO;210;VILLA INES;9-VILLA INES;0;0;2;1
9;0;SIN CORREGIMIENTO;211;ASTURIAS;9-ASTURIAS;ASTURIAS II;0;1;4
9;0;SIN CORREGIMIENTO;213;LA LIBERTAD;9-LA LIBERTAD;0;0;1;162
9;0;SIN CORREGIMIENTO;213;LA LIBERTAD;9-LA LIBERTAD;0;0;2;19
9;0;SIN CORREGIMIENTO;239;MANUELA BELTRAN ;9-MANUELA BELTRAN ;0;0;1;3
9;0;SIN CORREGIMIENTO;239;MANUELA BELTRAN ;9-MANUELA BELTRAN ;0;0;2;1
9;0;SIN CORREGIMIENTO;288;PORTOFINO;9-PORTOFINO;0;0;1;1
9;0;SIN CORREGIMIENTO;316;MIRADOR DE SAN LORENZO;9-MIRADOR DE SAN LORENZO;0;0;1;5
10;0;SIN CORREGIMIENTO;0;BARRIO_S4;10-BARRIO_S4;0;0;1;3
10;0;SIN CORREGIMIENTO;182;BUCARAMANGA;10-BUCARAMANGA;0;0;1;3
10;0;SIN CORREGIMIENTO;220;DIAMANTE II;10-DIAMANTE II;0;0;1;33
10;0;SIN CORREGIMIENTO;220;DIAMANTE II;10-DIAMANTE II;0;0;2;10
10;0;SIN CORREGIMIENTO;221;SAN LUIS;10-SAN LUIS;0;0;1;27
10;0;SIN CORREGIMIENTO;221;SAN LUIS;10-SAN LUIS;0;0;2;9
10;0;SIN CORREGIMIENTO;222;PROVENZA;10-PROVENZA;0;0;1;45
10;0;SIN CORREGIMIENTO;222;PROVENZA;10-PROVENZA;0;0;2;12
10;0;SIN CORREGIMIENTO;225;EL CRISTAL;10-EL CRISTAL;0;0;1;3361
10;0;SIN CORREGIMIENTO;225;EL CRISTAL;10-EL CRISTAL;0;0;2;246
10;0;SIN CORREGIMIENTO;226;GRANJAS DE PROVENZA;10-GRANJAS DE PROVENZA;0;0;1;1167
10;0;SIN CORREGIMIENTO;226;GRANJAS DE PROVENZA;10-GRANJAS DE PROVENZA;0;0;2;64
10;0;SIN CORREGIMIENTO;227;GRANJAS DE JULIO RINCON;10-GRANJAS DE JULIO RINCON;0;0;1;1
10;0;SIN CORREGIMIENTO;228;EL ROCIO;10-EL ROCIO;0;0;2;1
10;0;SIN CORREGIMIENTO;233;"LUZ DE SALVACION BAJO		";"10-LUZ DE SALVACION BAJO		";0;0;1;114
10;0;SIN CORREGIMIENTO;233;"LUZ DE SALVACION BAJO		";"10-LUZ DE SALVACION BAJO		";0;0;2;6
10;0;SIN CORREGIMIENTO;234;DELICIAS ALTAS Y BAJAS SUR;10-DELICIAS ALTAS Y BAJAS SUR;0;0;1;4
10;0;SIN CORREGIMIENTO;243;CIUDAD VENECIA ;10-CIUDAD VENECIA ;0;0;1;4
10;0;SIN CORREGIMIENTO;243;CIUDAD VENECIA ;10-CIUDAD VENECIA ;0;0;2;1
10;0;SIN CORREGIMIENTO;284;FONTANA;10-FONTANA;0;0;1;12
10;0;SIN CORREGIMIENTO;317;NUEVA FONTANA;10-NUEVA FONTANA;0;0;1;4
10;0;SIN CORREGIMIENTO;317;NUEVA FONTANA;10-NUEVA FONTANA;0;0;2;4
10;0;SIN CORREGIMIENTO;326;VIVEROS DE PROVENZA;10-VIVEROS DE PROVENZA;0;0;1;444
10;0;SIN CORREGIMIENTO;326;VIVEROS DE PROVENZA;10-VIVEROS DE PROVENZA;0;0;2;19
10;0;SIN CORREGIMIENTO;327;LUZ DE SALVACION ALTO;10-LUZ DE SALVACION ALTO;0;0;1;1956
10;0;SIN CORREGIMIENTO;327;LUZ DE SALVACION ALTO;10-LUZ DE SALVACION ALTO;0;0;2;160
10;0;SIN CORREGIMIENTO;331;BRISAS DE PROVENZA ;10-BRISAS DE PROVENZA ;0;0;1;1288
10;0;SIN CORREGIMIENTO;331;BRISAS DE PROVENZA ;10-BRISAS DE PROVENZA ;0;0;2;73
11;0;SIN CORREGIMIENTO;9;LAS DELICIAS;11-LAS DELICIAS;0;0;1;3
11;0;SIN CORREGIMIENTO;12;CAFE MADRID EL TUNEL;11-CAFE MADRID EL TUNEL;0;0;1;5
11;0;SIN CORREGIMIENTO;142;ALFONSO LOPEZ;11-ALFONSO LOPEZ;0;0;1;1
11;0;SIN CORREGIMIENTO;174;EL BUENO;11-EL BUENO;0;0;1;6
11;0;SIN CORREGIMIENTO;174;EL BUENO;11-EL BUENO;0;0;2;1
11;0;SIN CORREGIMIENTO;194;CORDONCILLO I;11-CORDONCILLO I;0;0;1;1
11;0;SIN CORREGIMIENTO;222;PROVENZA;11-PROVENZA;0;0;1;4
11;0;SIN CORREGIMIENTO;223;PORVENIR BAJO;11-PORVENIR BAJO;0;0;1;30
11;0;SIN CORREGIMIENTO;223;PORVENIR BAJO;11-PORVENIR BAJO;0;0;2;3
11;0;SIN CORREGIMIENTO;225;EL CRISTAL;11-EL CRISTAL;0;0;1;2
11;0;SIN CORREGIMIENTO;226;GRANJAS DE PROVENZA;11-GRANJAS DE PROVENZA;0;0;1;19
11;0;SIN CORREGIMIENTO;226;GRANJAS DE PROVENZA;11-GRANJAS DE PROVENZA;0;0;2;3
11;0;SIN CORREGIMIENTO;227;GRANJAS DE JULIO RINCON;11-GRANJAS DE JULIO RINCON;0;0;1;679
11;0;SIN CORREGIMIENTO;227;GRANJAS DE JULIO RINCON;11-GRANJAS DE JULIO RINCON;0;0;2;36
11;0;SIN CORREGIMIENTO;228;EL ROCIO;11-EL ROCIO;0;0;1;720
11;0;SIN CORREGIMIENTO;228;EL ROCIO;11-EL ROCIO;0;0;2;93
11;0;SIN CORREGIMIENTO;229;VILLA SARA;11-VILLA SARA;0;0;1;14
11;0;SIN CORREGIMIENTO;229;VILLA SARA;11-VILLA SARA;0;0;2;7
11;0;SIN CORREGIMIENTO;230;VILLA ALICIA;11-VILLA ALICIA;0;0;1;22
11;0;SIN CORREGIMIENTO;230;VILLA ALICIA;11-VILLA ALICIA;0;0;2;2
11;0;SIN CORREGIMIENTO;231;TOLEDO PLATA ;11-TOLEDO PLATA ;0;0;1;613
11;0;SIN CORREGIMIENTO;231;TOLEDO PLATA ;11-TOLEDO PLATA ;0;0;2;59
11;0;SIN CORREGIMIENTO;232;DANGOND;11-DANGOND;0;0;1;468
11;0;SIN CORREGIMIENTO;232;DANGOND;11-DANGOND;0;0;2;36
11;0;SIN CORREGIMIENTO;233;"LUZ DE SALVACION BAJO		";"11-LUZ DE SALVACION BAJO		";0;0;1;700
11;0;SIN CORREGIMIENTO;233;"LUZ DE SALVACION BAJO		";"11-LUZ DE SALVACION BAJO		";0;0;2;56
11;0;SIN CORREGIMIENTO;234;DELICIAS ALTAS Y BAJAS SUR;11-DELICIAS ALTAS Y BAJAS SUR;0;0;1;121
11;0;SIN CORREGIMIENTO;234;DELICIAS ALTAS Y BAJAS SUR;11-DELICIAS ALTAS Y BAJAS SUR;0;0;2;12
11;0;SIN CORREGIMIENTO;236;VILLA CANDADO;11-VILLA CANDADO;0;0;1;59
11;0;SIN CORREGIMIENTO;236;VILLA CANDADO;11-VILLA CANDADO;0;0;2;4
11;0;SIN CORREGIMIENTO;237;MALPASO;11-MALPASO;0;0;1;315
11;0;SIN CORREGIMIENTO;237;MALPASO;11-MALPASO;0;0;2;42
11;0;SIN CORREGIMIENTO;238;EL PORVENIR;11-EL PORVENIR;0;0;1;228
11;0;SIN CORREGIMIENTO;238;EL PORVENIR;11-EL PORVENIR;0;0;2;71
11;0;SIN CORREGIMIENTO;239;MANUELA BELTRAN ;11-MANUELA BELTRAN ;0;0;1;1255
11;0;SIN CORREGIMIENTO;239;MANUELA BELTRAN ;11-MANUELA BELTRAN ;0;0;2;155
11;0;SIN CORREGIMIENTO;240;IGSABELAR;11-IGSABELAR;0;0;1;164
11;0;SIN CORREGIMIENTO;240;IGSABELAR;11-IGSABELAR;0;0;2;22
11;0;SIN CORREGIMIENTO;241;SANTAMARIA;11-SANTAMARIA;0;0;1;890
11;0;SIN CORREGIMIENTO;241;SANTAMARIA;11-SANTAMARIA;0;0;2;102
11;0;SIN CORREGIMIENTO;242;COAVICONSA;11-COAVICONSA;0;0;1;51
11;0;SIN CORREGIMIENTO;242;COAVICONSA;11-COAVICONSA;0;0;2;13
11;0;SIN CORREGIMIENTO;243;CIUDAD VENECIA ;11-CIUDAD VENECIA ;0;0;1;413
11;0;SIN CORREGIMIENTO;243;CIUDAD VENECIA ;11-CIUDAD VENECIA ;0;0;2;32
11;0;SIN CORREGIMIENTO;244;VILLA FLOR;11-VILLA FLOR;0;0;1;35
11;0;SIN CORREGIMIENTO;244;VILLA FLOR;11-VILLA FLOR;0;0;2;3
11;0;SIN CORREGIMIENTO;290;LOS CONQUISTADORES;11-LOS CONQUISTADORES;0;0;1;861
11;0;SIN CORREGIMIENTO;290;LOS CONQUISTADORES;11-LOS CONQUISTADORES;0;0;2;38
11;0;SIN CORREGIMIENTO;326;VIVEROS DE PROVENZA;11-VIVEROS DE PROVENZA;0;0;1;5
11;0;SIN CORREGIMIENTO;326;VIVEROS DE PROVENZA;11-VIVEROS DE PROVENZA;0;0;2;6
11;0;SIN CORREGIMIENTO;331;BRISAS DE PROVENZA ;11-BRISAS DE PROVENZA ;0;0;1;18
11;0;SIN CORREGIMIENTO;331;BRISAS DE PROVENZA ;11-BRISAS DE PROVENZA ;0;0;2;1
11;0;SIN CORREGIMIENTO;340;GRANJAS REAGAN;11-GRANJAS REAGAN;0;0;1;634
11;0;SIN CORREGIMIENTO;340;GRANJAS REAGAN;11-GRANJAS REAGAN;0;0;2;66
11;0;SIN CORREGIMIENTO;344;BALCONES DEL SUR;11-BALCONES DEL SUR;0;0;1;718
11;0;SIN CORREGIMIENTO;344;BALCONES DEL SUR;11-BALCONES DEL SUR;0;0;2;53
11;0;SIN CORREGIMIENTO;346;JARDINES DE ALTAGRACIA;11-JARDINES DE ALTAGRACIA;0;0;1;1
11;0;SIN CORREGIMIENTO;347;BRISAS DEL PARAISO ;11-BRISAS DEL PARAISO ;0;0;1;858
11;0;SIN CORREGIMIENTO;347;BRISAS DEL PARAISO ;11-BRISAS DEL PARAISO ;0;0;2;59
11;0;SIN CORREGIMIENTO;352;VILLAREAL;11-VILLAREAL;0;0;1;737
11;0;SIN CORREGIMIENTO;352;VILLAREAL;11-VILLAREAL;0;0;2;69
11;0;SIN CORREGIMIENTO;361;VILLAS DEL NOGAL;11-VILLAS DEL NOGAL;0;0;1;912
11;0;SIN CORREGIMIENTO;361;VILLAS DEL NOGAL;11-VILLAS DEL NOGAL;0;0;2;66
11;0;SIN CORREGIMIENTO;362;PUNTA PARAISO;11-PUNTA PARAISO;0;0;1;856
11;0;SIN CORREGIMIENTO;362;PUNTA PARAISO;11-PUNTA PARAISO;0;0;2;49
11;0;SIN CORREGIMIENTO;367;BRISAS DEL PALMAR;11-BRISAS DEL PALMAR;0;0;1;217
11;0;SIN CORREGIMIENTO;367;BRISAS DEL PALMAR;11-BRISAS DEL PALMAR;0;0;2;22
11;0;SIN CORREGIMIENTO;999999;BARRIO_S4;11-BARRIO_S4;0;0;1;11
12;0;SIN CORREGIMIENTO;121;QUEBRADA PAN DE AZUCAR;12-QUEBRADA PAN DE AZUCAR;0;0;1;11
12;0;SIN CORREGIMIENTO;121;QUEBRADA PAN DE AZUCAR;12-QUEBRADA PAN DE AZUCAR;0;0;2;3
12;0;SIN CORREGIMIENTO;123;CABECERA DEL LLANO;12-CABECERA DEL LLANO;0;0;1;3
12;0;SIN CORREGIMIENTO;126;PAN DE AZUCAR;12-PAN DE AZUCAR;0;0;1;5
12;0;SIN CORREGIMIENTO;126;PAN DE AZUCAR;12-PAN DE AZUCAR;0;0;2;2
12;0;SIN CORREGIMIENTO;135;LA CONCORDIA;12-LA CONCORDIA;0;0;1;11
12;0;SIN CORREGIMIENTO;135;LA CONCORDIA;12-LA CONCORDIA;0;0;2;4
12;0;SIN CORREGIMIENTO;136;SOTOMAYOR;12-SOTOMAYOR;0;0;1;15
12;0;SIN CORREGIMIENTO;138;BOLARQUI;12-BOLARQUI;0;0;1;2
12;0;SIN CORREGIMIENTO;138;BOLARQUI;12-BOLARQUI;0;0;2;2
12;0;SIN CORREGIMIENTO;139;MERCEDES;12-MERCEDES;0;0;1;6
12;0;SIN CORREGIMIENTO;139;MERCEDES;12-MERCEDES;0;0;2;2
12;0;SIN CORREGIMIENTO;140;CONUCOS;12-CONUCOS;0;0;1;4
12;0;SIN CORREGIMIENTO;161;PUERTA DEL SOL;12-PUERTA DEL SOL;0;0;1;2
12;0;SIN CORREGIMIENTO;201;QUEBRADA LA IGLESIA;12-QUEBRADA LA IGLESIA;0;0;1;4
12;0;SIN CORREGIMIENTO;201;QUEBRADA LA IGLESIA;12-QUEBRADA LA IGLESIA;0;0;2;1
13;0;SIN CORREGIMIENTO;2;EL PAULON VILLA LINA;13-EL PAULON VILLA LINA;EL PABLÓN;SI;1;3
13;0;SIN CORREGIMIENTO;3;COLORADOS;13-COLORADOS;0;0;1;8
13;0;SIN CORREGIMIENTO;32;MARIA PAZ;13-MARIA PAZ;0;0;1;5
13;0;SIN CORREGIMIENTO;51;LIZCANO I Y II;13-LIZCANO I Y II;0;0;1;12
13;0;SIN CORREGIMIENTO;51;LIZCANO I Y II;13-LIZCANO I Y II;0;0;2;1
13;0;SIN CORREGIMIENTO;67;TRANSICION I AL V;13-TRANSICION I AL V;0;0;1;4
13;0;SIN CORREGIMIENTO;67;TRANSICION I AL V;13-TRANSICION I AL V;0;0;2;1
13;0;SIN CORREGIMIENTO;75;SAN RAFAEL;13-SAN RAFAEL;0;0;1;1
13;0;SIN CORREGIMIENTO;76;CHAPINERO;13-CHAPINERO;0;0;1;1
13;0;SIN CORREGIMIENTO;79;LA FERIA;13-LA FERIA;0;0;1;3
13;0;SIN CORREGIMIENTO;95;COMUNEROS;13-COMUNEROS;0;0;1;1
13;0;SIN CORREGIMIENTO;98;SAN FRANCISCO;13-SAN FRANCISCO;0;0;1;1
13;0;SIN CORREGIMIENTO;99;ALARCON;13-ALARCON;0;0;1;1
13;0;SIN CORREGIMIENTO;100;SAN ALONSO;13-SAN ALONSO;0;0;1;126
13;0;SIN CORREGIMIENTO;100;SAN ALONSO;13-SAN ALONSO;0;0;2;31
13;0;SIN CORREGIMIENTO;102;LOS PINOS;13-LOS PINOS;0;0;1;4
13;0;SIN CORREGIMIENTO;104;EL VENADO DE ORO MORRORRICO;13-EL VENADO DE ORO MORRORRICO;0;0;1;1
13;0;SIN CORREGIMIENTO;107;LOS SAUCES;13-LOS SAUCES;0;0;1;234
13;0;SIN CORREGIMIENTO;107;LOS SAUCES;13-LOS SAUCES;0;0;2;12
13;0;SIN CORREGIMIENTO;110;MORRORRICO;13-MORRORRICO;0;0;1;1
13;0;SIN CORREGIMIENTO;110;MORRORRICO;13-MORRORRICO;0;0;2;2
13;0;SIN CORREGIMIENTO;112;EL DIVISO;13-EL DIVISO;0;0;1;3
13;0;SIN CORREGIMIENTO;113;PUERTO RICO;13-PUERTO RICO;0;0;1;288
13;0;SIN CORREGIMIENTO;113;PUERTO RICO;13-PUERTO RICO;0;0;2;18
13;0;SIN CORREGIMIENTO;116;MIRAFLORES;13-MIRAFLORES;0;0;1;8
13;0;SIN CORREGIMIENTO;117;ALBANIA;13-ALBANIA;0;0;1;24
13;0;SIN CORREGIMIENTO;117;ALBANIA;13-ALBANIA;0;0;2;4
13;0;SIN CORREGIMIENTO;118;LAS AMERICAS;13-LAS AMERICAS;0;0;1;2
13;0;SIN CORREGIMIENTO;119;GALAN;13-GALAN;0;0;1;11
13;0;SIN CORREGIMIENTO;120;ALVAREZ;13-ALVAREZ;ALVAREZ LAS AMERICAS;0;1;89
13;0;SIN CORREGIMIENTO;120;ALVAREZ;13-ALVAREZ;ALVAREZ LAS AMERICAS;0;2;19
13;0;SIN CORREGIMIENTO;122;EL PRADO;13-EL PRADO;0;0;1;11
13;0;SIN CORREGIMIENTO;122;EL PRADO;13-EL PRADO;0;0;2;3
13;0;SIN CORREGIMIENTO;130;CENTRO;13-CENTRO;0;0;1;45
13;0;SIN CORREGIMIENTO;130;CENTRO;13-CENTRO;0;0;2;14
13;0;SIN CORREGIMIENTO;131;ANTONIA SANTOS CENTRO;13-ANTONIA SANTOS CENTRO;0;0;1;234
13;0;SIN CORREGIMIENTO;131;ANTONIA SANTOS CENTRO;13-ANTONIA SANTOS CENTRO;0;0;2;36
13;0;SIN CORREGIMIENTO;132;MEJORAS PUBLICAS;13-MEJORAS PUBLICAS;0;0;1;6
13;0;SIN CORREGIMIENTO;133;LA AURORA;13-LA AURORA;0;0;1;12
13;0;SIN CORREGIMIENTO;133;LA AURORA;13-LA AURORA;0;0;2;1
13;0;SIN CORREGIMIENTO;136;SOTOMAYOR;13-SOTOMAYOR;0;0;1;2
13;0;SIN CORREGIMIENTO;136;SOTOMAYOR;13-SOTOMAYOR;0;0;2;1
13;0;SIN CORREGIMIENTO;142;ALFONSO LOPEZ;13-ALFONSO LOPEZ;0;0;1;3
13;0;SIN CORREGIMIENTO;143;LA JOYA;13-LA JOYA;0;0;1;2
13;0;SIN CORREGIMIENTO;145;CAMPO HERMOSO;13-CAMPO HERMOSO;0;0;1;10
13;0;SIN CORREGIMIENTO;154;EL PANTANO II;13-EL PANTANO II;0;0;1;5
13;0;SIN CORREGIMIENTO;164;MUTIS;13-MUTIS;0;0;1;1
13;0;SIN CORREGIMIENTO;173;ESTORAQUES;13-ESTORAQUES;0;0;1;12
13;0;SIN CORREGIMIENTO;178;SAN GERARDO I Y II;13-SAN GERARDO I Y II;0;0;1;2
13;0;SIN CORREGIMIENTO;178;SAN GERARDO I Y II;13-SAN GERARDO I Y II;0;0;2;2
13;0;SIN CORREGIMIENTO;179;COLOMBIA;13-COLOMBIA;0;0;1;5
13;0;SIN CORREGIMIENTO;182;BUCARAMANGA;13-BUCARAMANGA;0;0;1;4
13;0;SIN CORREGIMIENTO;184;LAURELES;13-LAURELES;0;0;1;10
13;0;SIN CORREGIMIENTO;184;LAURELES;13-LAURELES;0;0;2;2
13;0;SIN CORREGIMIENTO;196;AFRIKA;13-AFRIKA;ASENTAMIENTO EL AFRICA;0;1;2
13;0;SIN CORREGIMIENTO;200;ANTONIA SANTOS SUR;13-ANTONIA SANTOS SUR;0;0;1;9
13;0;SIN CORREGIMIENTO;202;SAN PEDRO;13-SAN PEDRO;0;0;1;5
13;0;SIN CORREGIMIENTO;222;PROVENZA;13-PROVENZA;0;0;2;2
13;0;SIN CORREGIMIENTO;233;"LUZ DE SALVACION BAJO		";"13-LUZ DE SALVACION BAJO		";0;0;1;5
13;0;SIN CORREGIMIENTO;239;MANUELA BELTRAN ;13-MANUELA BELTRAN ;0;0;1;2
13;0;SIN CORREGIMIENTO;274;BOLIVAR;13-BOLIVAR;0;0;1;38
13;0;SIN CORREGIMIENTO;274;BOLIVAR;13-BOLIVAR;0;0;2;7
13;0;SIN CORREGIMIENTO;278;12 DE OCTUBRE;13-12 DE OCTUBRE;0;0;1;10
13;0;SIN CORREGIMIENTO;322;QUINTA BRIGADA;13-QUINTA BRIGADA;0;0;1;75
13;0;SIN CORREGIMIENTO;322;QUINTA BRIGADA;13-QUINTA BRIGADA;0;0;2;24
13;0;SIN CORREGIMIENTO;327;LUZ DE SALVACION ALTO;13-LUZ DE SALVACION ALTO;0;0;1;3
13;0;SIN CORREGIMIENTO;328;CAMPESTRE NORTE ;13-CAMPESTRE NORTE ;0;0;1;3
13;0;SIN CORREGIMIENTO;331;BRISAS DE PROVENZA ;13-BRISAS DE PROVENZA ;0;0;1;3
13;0;SIN CORREGIMIENTO;340;GRANJAS REAGAN;13-GRANJAS REAGAN;0;0;1;1
13;0;SIN CORREGIMIENTO;345;PASEO DE LA FERIA;13-PASEO DE LA FERIA;0;0;1;1
13;0;SIN CORREGIMIENTO;368;URBANIZACION LA INMACULADA;13-URBANIZACION LA INMACULADA;0;0;1;14
13;0;SIN CORREGIMIENTO;368;URBANIZACION LA INMACULADA;13-URBANIZACION LA INMACULADA;0;0;2;1
13;0;SIN CORREGIMIENTO;999999;BARRIO_S4;13-BARRIO_S4;0;0;1;3
14;0;SIN CORREGIMIENTO;0;BARRIO_S4;14-BARRIO_S4;0;0;1;3
14;0;SIN CORREGIMIENTO;40;MIRAMAR;14-MIRAMAR;0;0;1;1
14;0;SIN CORREGIMIENTO;40;MIRAMAR;14-MIRAMAR;0;0;2;1
14;0;SIN CORREGIMIENTO;102;LOS PINOS;14-LOS PINOS;0;0;1;3
14;0;SIN CORREGIMIENTO;103;LA FLORA MORRORRICO;14-LA FLORA MORRORRICO;0;0;1;1
14;0;SIN CORREGIMIENTO;103;LA FLORA MORRORRICO;14-LA FLORA MORRORRICO;0;0;2;1
14;0;SIN CORREGIMIENTO;104;EL VENADO DE ORO MORRORRICO;14-EL VENADO DE ORO MORRORRICO;0;0;1;367
14;0;SIN CORREGIMIENTO;104;EL VENADO DE ORO MORRORRICO;14-EL VENADO DE ORO MORRORRICO;0;0;2;23
14;0;SIN CORREGIMIENTO;105;LA MALAÑA;14-LA MALAÑA;0;0;1;312
14;0;SIN CORREGIMIENTO;105;LA MALAÑA;14-LA MALAÑA;0;0;2;28
14;0;SIN CORREGIMIENTO;107;LOS SAUCES;14-LOS SAUCES;0;0;1;40
14;0;SIN CORREGIMIENTO;107;LOS SAUCES;14-LOS SAUCES;0;0;2;4
14;0;SIN CORREGIMIENTO;108;LIMONCITO MORRORRICO;14-LIMONCITO MORRORRICO;0;0;1;1129
14;0;SIN CORREGIMIENTO;108;LIMONCITO MORRORRICO;14-LIMONCITO MORRORRICO;0;0;2;133
14;0;SIN CORREGIMIENTO;109;VEGAS DE MORRORRICO;14-VEGAS DE MORRORRICO;0;0;1;715
14;0;SIN CORREGIMIENTO;109;VEGAS DE MORRORRICO;14-VEGAS DE MORRORRICO;0;0;2;51
14;0;SIN CORREGIMIENTO;110;MORRORRICO;14-MORRORRICO;0;0;1;359
14;0;SIN CORREGIMIENTO;110;MORRORRICO;14-MORRORRICO;0;0;2;62
14;0;SIN CORREGIMIENTO;112;EL DIVISO;14-EL DIVISO;0;0;1;1087
14;0;SIN CORREGIMIENTO;112;EL DIVISO;14-EL DIVISO;0;0;2;93
14;0;SIN CORREGIMIENTO;114;BUENOS AIRES;14-BUENOS AIRES;BUENOS AIRES;SI;1;3162
14;0;SIN CORREGIMIENTO;114;BUENOS AIRES;14-BUENOS AIRES;BUENOS AIRES;SI;2;314
14;0;SIN CORREGIMIENTO;115;BUENAVISTA;14-BUENAVISTA;0;0;1;1339
14;0;SIN CORREGIMIENTO;115;BUENAVISTA;14-BUENAVISTA;0;0;2;175
14;0;SIN CORREGIMIENTO;116;MIRAFLORES;14-MIRAFLORES;MIRAFLORES;SI;1;3096
14;0;SIN CORREGIMIENTO;116;MIRAFLORES;14-MIRAFLORES;MIRAFLORES;SI;2;363
14;0;SIN CORREGIMIENTO;117;ALBANIA;14-ALBANIA;0;0;1;2459
14;0;SIN CORREGIMIENTO;117;ALBANIA;14-ALBANIA;0;0;2;226
14;0;SIN CORREGIMIENTO;142;ALFONSO LOPEZ;14-ALFONSO LOPEZ;0;0;2;1
14;0;SIN CORREGIMIENTO;360;EL RETIRO MORRORRICO;14-EL RETIRO MORRORRICO;0;0;1;1088
14;0;SIN CORREGIMIENTO;360;EL RETIRO MORRORRICO;14-EL RETIRO MORRORRICO;0;0;2;219
14;0;SIN CORREGIMIENTO;369;MIRAMANGA;14-MIRAMANGA;0;0;1;519
14;0;SIN CORREGIMIENTO;369;MIRAMANGA;14-MIRAMANGA;0;0;2;44
15;0;SIN CORREGIMIENTO;82;GIRARDOT;15-GIRARDOT;0;0;2;1
15;0;SIN CORREGIMIENTO;130;CENTRO;15-CENTRO;0;0;1;217
15;0;SIN CORREGIMIENTO;130;CENTRO;15-CENTRO;0;0;2;41
15;0;SIN CORREGIMIENTO;131;ANTONIA SANTOS CENTRO;15-ANTONIA SANTOS CENTRO;0;0;1;12
15;0;SIN CORREGIMIENTO;131;ANTONIA SANTOS CENTRO;15-ANTONIA SANTOS CENTRO;0;0;2;2
15;0;SIN CORREGIMIENTO;139;MERCEDES;15-MERCEDES;0;0;1;6
15;0;SIN CORREGIMIENTO;141;GARCIA ROVIRA;15-GARCIA ROVIRA;0;0;1;102
15;0;SIN CORREGIMIENTO;141;GARCIA ROVIRA;15-GARCIA ROVIRA;0;0;2;23
15;0;SIN CORREGIMIENTO;142;ALFONSO LOPEZ;15-ALFONSO LOPEZ;0;0;1;31
15;0;SIN CORREGIMIENTO;142;ALFONSO LOPEZ;15-ALFONSO LOPEZ;0;0;2;5
15;0;SIN CORREGIMIENTO;143;LA JOYA;15-LA JOYA;0;0;1;1
15;0;SIN CORREGIMIENTO;144;CHORRERAS DE DON JUAN;15-CHORRERAS DE DON JUAN;0;0;1;4
15;0;SIN CORREGIMIENTO;144;CHORRERAS DE DON JUAN;15-CHORRERAS DE DON JUAN;0;0;2;1
15;0;SIN CORREGIMIENTO;274;BOLIVAR;15-BOLIVAR;0;0;1;2
16;0;SIN CORREGIMIENTO;203;SAN MARTIN;16-SAN MARTIN;0;0;1;3
16;0;SIN CORREGIMIENTO;205;GUAYACANES;16-GUAYACANES;0;0;1;191
16;0;SIN CORREGIMIENTO;205;GUAYACANES;16-GUAYACANES;0;0;2;9
16;0;SIN CORREGIMIENTO;207;LA PEDREGOSA;16-LA PEDREGOSA;0;0;1;165
16;0;SIN CORREGIMIENTO;207;LA PEDREGOSA;16-LA PEDREGOSA;0;0;2;6
16;0;SIN CORREGIMIENTO;215;PORTON DEL TEJAR;16-PORTON DEL TEJAR;0;0;1;1
16;0;SIN CORREGIMIENTO;215;PORTON DEL TEJAR;16-PORTON DEL TEJAR;0;0;2;3
16;0;SIN CORREGIMIENTO;216;ALTOS DEL CACIQUE;16-ALTOS DEL CACIQUE;0;0;1;8
16;0;SIN CORREGIMIENTO;216;ALTOS DEL CACIQUE;16-ALTOS DEL CACIQUE;0;0;2;2
16;0;SIN CORREGIMIENTO;217;HACIENDA SAN JUAN;16-HACIENDA SAN JUAN;0;0;1;5
16;0;SIN CORREGIMIENTO;217;HACIENDA SAN JUAN;16-HACIENDA SAN JUAN;0;0;2;3
16;0;SIN CORREGIMIENTO;218;SAN EXPEDITO;16-SAN EXPEDITO;0;0;1;295
16;0;SIN CORREGIMIENTO;218;SAN EXPEDITO;16-SAN EXPEDITO;0;0;2;22
16;0;SIN CORREGIMIENTO;219;SANTA BARBARA CASAS;16-SANTA BARBARA CASAS;0;0;1;24
16;0;SIN CORREGIMIENTO;219;SANTA BARBARA CASAS;16-SANTA BARBARA CASAS;0;0;2;4
16;0;SIN CORREGIMIENTO;315;LAGOS DEL CACIQUE;16-LAGOS DEL CACIQUE;0;0;1;7
16;0;SIN CORREGIMIENTO;341;BOSQUE DEL CACIQUE;16-BOSQUE DEL CACIQUE;0;0;1;34
16;0;SIN CORREGIMIENTO;341;BOSQUE DEL CACIQUE;16-BOSQUE DEL CACIQUE;0;0;2;2
17;0;SIN CORREGIMIENTO;110;MORRORRICO;17-MORRORRICO;0;0;1;2
17;0;SIN CORREGIMIENTO;152;QUINTA ESTRELLA;17-QUINTA ESTRELLA;0;0;1;2
17;0;SIN CORREGIMIENTO;162;CIUDADELA REAL DE MINAS ;17-CIUDADELA REAL DE MINAS ;0;0;1;7
17;0;SIN CORREGIMIENTO;162;CIUDADELA REAL DE MINAS ;17-CIUDADELA REAL DE MINAS ;0;0;2;1
17;0;SIN CORREGIMIENTO;164;MUTIS;17-MUTIS;0;0;1;569
17;0;SIN CORREGIMIENTO;164;MUTIS;17-MUTIS;0;0;2;84
17;0;SIN CORREGIMIENTO;165;BRISAS DEL MUTIS;17-BRISAS DEL MUTIS;0;0;1;55
17;0;SIN CORREGIMIENTO;165;BRISAS DEL MUTIS;17-BRISAS DEL MUTIS;0;0;2;3
17;0;SIN CORREGIMIENTO;166;MONTERREDONDO;17-MONTERREDONDO;0;0;1;1114
17;0;SIN CORREGIMIENTO;166;MONTERREDONDO;17-MONTERREDONDO;0;0;2;72
17;0;SIN CORREGIMIENTO;168;FUNDADORES I Y II;17-FUNDADORES I Y II;0;0;1;6
17;0;SIN CORREGIMIENTO;168;FUNDADORES I Y II;17-FUNDADORES I Y II;0;0;2;6
17;0;SIN CORREGIMIENTO;170;MANZANARES;17-MANZANARES;0;0;1;25
17;0;SIN CORREGIMIENTO;170;MANZANARES;17-MANZANARES;0;0;2;7
17;0;SIN CORREGIMIENTO;172;PRADOS DEL MUTIS;17-PRADOS DEL MUTIS;0;0;1;69
17;0;SIN CORREGIMIENTO;172;PRADOS DEL MUTIS;17-PRADOS DEL MUTIS;0;0;2;13
17;0;SIN CORREGIMIENTO;173;ESTORAQUES;17-ESTORAQUES;ESTORAQUES;SI;1;2999
17;0;SIN CORREGIMIENTO;173;ESTORAQUES;17-ESTORAQUES;ESTORAQUES;SI;2;260
17;0;SIN CORREGIMIENTO;174;EL BUENO;17-EL BUENO;0;0;1;8
17;0;SIN CORREGIMIENTO;176;LOS HEROES;17-LOS HEROES;0;0;1;79
17;0;SIN CORREGIMIENTO;176;LOS HEROES;17-LOS HEROES;0;0;2;11
17;0;SIN CORREGIMIENTO;360;EL RETIRO MORRORRICO;17-EL RETIRO MORRORRICO;0;0;1;5
17;0;SIN CORREGIMIENTO;363;LA GRAN LADERA;17-LA GRAN LADERA;0;0;1;557
17;0;SIN CORREGIMIENTO;363;LA GRAN LADERA;17-LA GRAN LADERA;0;0;2;37
99;0;SIN CORREGIMIENTO;0;BARRIO_S4;99-BARRIO_S4;0;0;1;184
99;0;SIN CORREGIMIENTO;0;BARRIO_S4;99-BARRIO_S4;0;0;2;20
99;1;CORREGIMIENTO UNO;0;BARRIO_S4;99-BARRIO_S4;0;0;1;4175
99;1;CORREGIMIENTO UNO;0;BARRIO_S4;99-BARRIO_S4;0;0;2;292
99;2;CORREGIMIENTO DOS;0;BARRIO_S4;99-BARRIO_S4;0;0;1;1804
99;2;CORREGIMIENTO DOS;0;BARRIO_S4;99-BARRIO_S4;0;0;2;167
99;3;CORREGIMIENTO TRES;0;BARRIO_S4;99-BARRIO_S4;0;0;1;3072
99;3;CORREGIMIENTO TRES;0;BARRIO_S4;99-BARRIO_S4;0;0;2;227
