Cod_comuna_x;Cod_corregimiento;NOM_CORREGIMIENTO;Cod_vereda;NOM_VEREDA;Cod_barrio;NOM_BARRIO;ind_estudia;personas
1;0;SIN CORREGIMIENTO;0;SIN VEREDA;1;EL PAULON VILLA PATRICIA;1;93
1;0;SIN CORREGIMIENTO;0;SIN VEREDA;1;EL PAULON VILLA PATRICIA;2;279
1;0;SIN CORREGIMIENTO;0;SIN VEREDA;1;EL PAULON VILLA PATRICIA;9;49
1;0;SIN CORREGIMIENTO;0;SIN VEREDA;2;EL PAULON VILLA LINA;1;203
1;0;SIN CORREGIMIENTO;0;SIN VEREDA;2;EL PAULON VILLA LINA;2;657
1;0;SIN CORREGIMIENTO;0;SIN VEREDA;2;EL PAULON VILLA LINA;9;102
1;0;SIN CORREGIMIENTO;0;SIN VEREDA;3;COLORADOS;1;607
1;0;SIN CORREGIMIENTO;0;SIN VEREDA;3;COLORADOS;2;1951
1;0;SIN CORREGIMIENTO;0;SIN VEREDA;3;COLORADOS;9;278
1;0;SIN CORREGIMIENTO;0;SIN VEREDA;4;EL PAULON;1;250
1;0;SIN CORREGIMIENTO;0;SIN VEREDA;4;EL PAULON;2;784
1;0;SIN CORREGIMIENTO;0;SIN VEREDA;4;EL PAULON;9;99
1;0;SIN CORREGIMIENTO;0;SIN VEREDA;5;ROSALTA COLORADOS;1;76
1;0;SIN CORREGIMIENTO;0;SIN VEREDA;5;ROSALTA COLORADOS;2;239
1;0;SIN CORREGIMIENTO;0;SIN VEREDA;5;ROSALTA COLORADOS;9;35
1;0;SIN CORREGIMIENTO;0;SIN VEREDA;6;COLORADOS PATIO BONITO;1;89
1;0;SIN CORREGIMIENTO;0;SIN VEREDA;6;COLORADOS PATIO BONITO;2;228
1;0;SIN CORREGIMIENTO;0;SIN VEREDA;6;COLORADOS PATIO BONITO;9;34
1;0;SIN CORREGIMIENTO;0;SIN VEREDA;7;CAFê MADRID VILLA ALICIA;1;53
1;0;SIN CORREGIMIENTO;0;SIN VEREDA;7;CAFê MADRID VILLA ALICIA;2;121
1;0;SIN CORREGIMIENTO;0;SIN VEREDA;7;CAFê MADRID VILLA ALICIA;9;16
1;0;SIN CORREGIMIENTO;0;SIN VEREDA;8;EL ROSAL COLORADOS;1;164
1;0;SIN CORREGIMIENTO;0;SIN VEREDA;8;EL ROSAL COLORADOS;2;453
1;0;SIN CORREGIMIENTO;0;SIN VEREDA;8;EL ROSAL COLORADOS;9;64
1;0;SIN CORREGIMIENTO;0;SIN VEREDA;9;LAS DELICIAS;1;6
1;0;SIN CORREGIMIENTO;0;SIN VEREDA;9;LAS DELICIAS;2;15
1;0;SIN CORREGIMIENTO;0;SIN VEREDA;9;LAS DELICIAS;9;2
1;0;SIN CORREGIMIENTO;0;SIN VEREDA;10;ASENTAMIENTO BARRIO NUEVO;1;5
1;0;SIN CORREGIMIENTO;0;SIN VEREDA;10;ASENTAMIENTO BARRIO NUEVO;2;14
1;0;SIN CORREGIMIENTO;0;SIN VEREDA;10;ASENTAMIENTO BARRIO NUEVO;9;2
1;0;SIN CORREGIMIENTO;0;SIN VEREDA;11;DIVINO NI•O NORTE;1;66
1;0;SIN CORREGIMIENTO;0;SIN VEREDA;11;DIVINO NI•O NORTE;2;181
1;0;SIN CORREGIMIENTO;0;SIN VEREDA;11;DIVINO NI•O NORTE;9;28
1;0;SIN CORREGIMIENTO;0;SIN VEREDA;12;CAFê MADRID EL TÈNEL;1;168
1;0;SIN CORREGIMIENTO;0;SIN VEREDA;12;CAFê MADRID EL TÈNEL;2;477
1;0;SIN CORREGIMIENTO;0;SIN VEREDA;12;CAFê MADRID EL TÈNEL;9;69
1;0;SIN CORREGIMIENTO;0;SIN VEREDA;13;CAFê MADRID LA UNI‡N;1;24
1;0;SIN CORREGIMIENTO;0;SIN VEREDA;13;CAFê MADRID LA UNI‡N;2;75
1;0;SIN CORREGIMIENTO;0;SIN VEREDA;13;CAFê MADRID LA UNI‡N;9;11
1;0;SIN CORREGIMIENTO;0;SIN VEREDA;14;CAFê MADRID;1;153
1;0;SIN CORREGIMIENTO;0;SIN VEREDA;14;CAFê MADRID;2;451
1;0;SIN CORREGIMIENTO;0;SIN VEREDA;14;CAFê MADRID;9;69
1;0;SIN CORREGIMIENTO;0;SIN VEREDA;15;CAFê MADRID LA PLAYA;1;146
1;0;SIN CORREGIMIENTO;0;SIN VEREDA;15;CAFê MADRID LA PLAYA;2;432
1;0;SIN CORREGIMIENTO;0;SIN VEREDA;15;CAFê MADRID LA PLAYA;9;68
1;0;SIN CORREGIMIENTO;0;SIN VEREDA;19;CAFê MADRID LA LOMA;1;47
1;0;SIN CORREGIMIENTO;0;SIN VEREDA;19;CAFê MADRID LA LOMA;2;133
1;0;SIN CORREGIMIENTO;0;SIN VEREDA;19;CAFê MADRID LA LOMA;9;24
1;0;SIN CORREGIMIENTO;0;SIN VEREDA;24;CIUDADELA CAFê MADRID ;1;444
1;0;SIN CORREGIMIENTO;0;SIN VEREDA;24;CIUDADELA CAFê MADRID ;2;1326
1;0;SIN CORREGIMIENTO;0;SIN VEREDA;24;CIUDADELA CAFê MADRID ;9;217
1;0;SIN CORREGIMIENTO;0;SIN VEREDA;25;CAFê MADRID EL PLAN;1;172
1;0;SIN CORREGIMIENTO;0;SIN VEREDA;25;CAFê MADRID EL PLAN;2;465
1;0;SIN CORREGIMIENTO;0;SIN VEREDA;25;CAFê MADRID EL PLAN;9;70
1;0;SIN CORREGIMIENTO;0;SIN VEREDA;26;CAFê MADRID LA VIRGEN;1;43
1;0;SIN CORREGIMIENTO;0;SIN VEREDA;26;CAFê MADRID LA VIRGEN;2;95
1;0;SIN CORREGIMIENTO;0;SIN VEREDA;26;CAFê MADRID LA VIRGEN;9;20
1;0;SIN CORREGIMIENTO;0;SIN VEREDA;27;CAFê MADRID EL SUICHE;1;16
1;0;SIN CORREGIMIENTO;0;SIN VEREDA;27;CAFê MADRID EL SUICHE;2;33
1;0;SIN CORREGIMIENTO;0;SIN VEREDA;27;CAFê MADRID EL SUICHE;9;8
1;0;SIN CORREGIMIENTO;0;SIN VEREDA;28;CAFê MADRID EL CABLE;1;99
1;0;SIN CORREGIMIENTO;0;SIN VEREDA;28;CAFê MADRID EL CABLE;2;276
1;0;SIN CORREGIMIENTO;0;SIN VEREDA;28;CAFê MADRID EL CABLE;9;42
1;0;SIN CORREGIMIENTO;0;SIN VEREDA;29;KENNEDY;1;575
1;0;SIN CORREGIMIENTO;0;SIN VEREDA;29;KENNEDY;2;2146
1;0;SIN CORREGIMIENTO;0;SIN VEREDA;29;KENNEDY;9;177
1;0;SIN CORREGIMIENTO;0;SIN VEREDA;30;VILLA ALEGRIA;1;206
1;0;SIN CORREGIMIENTO;0;SIN VEREDA;30;VILLA ALEGRIA;2;592
1;0;SIN CORREGIMIENTO;0;SIN VEREDA;30;VILLA ALEGRIA;9;101
1;0;SIN CORREGIMIENTO;0;SIN VEREDA;31;LAS HAMACAS;1;157
1;0;SIN CORREGIMIENTO;0;SIN VEREDA;31;LAS HAMACAS;2;511
1;0;SIN CORREGIMIENTO;0;SIN VEREDA;31;LAS HAMACAS;9;63
1;0;SIN CORREGIMIENTO;0;SIN VEREDA;32;MAR÷A PAZ;1;876
1;0;SIN CORREGIMIENTO;0;SIN VEREDA;32;MAR÷A PAZ;2;2541
1;0;SIN CORREGIMIENTO;0;SIN VEREDA;32;MAR÷A PAZ;9;363
1;0;SIN CORREGIMIENTO;0;SIN VEREDA;33;ALTOS DEL KENNEDY;1;112
1;0;SIN CORREGIMIENTO;0;SIN VEREDA;33;ALTOS DEL KENNEDY;2;338
1;0;SIN CORREGIMIENTO;0;SIN VEREDA;33;ALTOS DEL KENNEDY;9;38
1;0;SIN CORREGIMIENTO;0;SIN VEREDA;35;MINUTO DE DIOS;1;197
1;0;SIN CORREGIMIENTO;0;SIN VEREDA;35;MINUTO DE DIOS;2;650
1;0;SIN CORREGIMIENTO;0;SIN VEREDA;35;MINUTO DE DIOS;9;70
1;0;SIN CORREGIMIENTO;0;SIN VEREDA;36;MIRADOR DEL KENNEDY;1;39
1;0;SIN CORREGIMIENTO;0;SIN VEREDA;36;MIRADOR DEL KENNEDY;2;121
1;0;SIN CORREGIMIENTO;0;SIN VEREDA;36;MIRADOR DEL KENNEDY;9;13
1;0;SIN CORREGIMIENTO;0;SIN VEREDA;38;COLSEGUROS NORTE;1;220
1;0;SIN CORREGIMIENTO;0;SIN VEREDA;38;COLSEGUROS NORTE;2;664
1;0;SIN CORREGIMIENTO;0;SIN VEREDA;38;COLSEGUROS NORTE;9;71
1;0;SIN CORREGIMIENTO;0;SIN VEREDA;39;OMAGA I ;1;36
1;0;SIN CORREGIMIENTO;0;SIN VEREDA;39;OMAGA I ;2;139
1;0;SIN CORREGIMIENTO;0;SIN VEREDA;39;OMAGA I ;9;19
1;0;SIN CORREGIMIENTO;0;SIN VEREDA;40;MIRAMAR;1;91
1;0;SIN CORREGIMIENTO;0;SIN VEREDA;40;MIRAMAR;2;331
1;0;SIN CORREGIMIENTO;0;SIN VEREDA;40;MIRAMAR;9;41
1;0;SIN CORREGIMIENTO;0;SIN VEREDA;41;BALCONES DEL KENNEDY;1;276
1;0;SIN CORREGIMIENTO;0;SIN VEREDA;41;BALCONES DEL KENNEDY;2;764
1;0;SIN CORREGIMIENTO;0;SIN VEREDA;41;BALCONES DEL KENNEDY;9;81
1;0;SIN CORREGIMIENTO;0;SIN VEREDA;42;VILLA MAR÷A;1;73
1;0;SIN CORREGIMIENTO;0;SIN VEREDA;42;VILLA MAR÷A;2;243
1;0;SIN CORREGIMIENTO;0;SIN VEREDA;42;VILLA MAR÷A;9;58
1;0;SIN CORREGIMIENTO;0;SIN VEREDA;43;ASENTAMIENTO VILLA MAR÷A;2;3
1;0;SIN CORREGIMIENTO;0;SIN VEREDA;45;LOS µNGELES;2;2
1;0;SIN CORREGIMIENTO;0;SIN VEREDA;47;OLAS ALTAS Y BAJAS;1;218
1;0;SIN CORREGIMIENTO;0;SIN VEREDA;47;OLAS ALTAS Y BAJAS;2;773
1;0;SIN CORREGIMIENTO;0;SIN VEREDA;47;OLAS ALTAS Y BAJAS;9;70
1;0;SIN CORREGIMIENTO;0;SIN VEREDA;49;PAISAJES DEL NORTE;1;171
1;0;SIN CORREGIMIENTO;0;SIN VEREDA;49;PAISAJES DEL NORTE;2;467
1;0;SIN CORREGIMIENTO;0;SIN VEREDA;49;PAISAJES DEL NORTE;9;79
1;0;SIN CORREGIMIENTO;0;SIN VEREDA;50;VILLA ROSA;1;1274
1;0;SIN CORREGIMIENTO;0;SIN VEREDA;50;VILLA ROSA;2;3902
1;0;SIN CORREGIMIENTO;0;SIN VEREDA;50;VILLA ROSA;9;439
1;0;SIN CORREGIMIENTO;0;SIN VEREDA;54;MIRADOR NORTE;1;1
1;0;SIN CORREGIMIENTO;0;SIN VEREDA;54;MIRADOR NORTE;2;1
1;0;SIN CORREGIMIENTO;0;SIN VEREDA;55;CLAVERIANO;1;309
1;0;SIN CORREGIMIENTO;0;SIN VEREDA;55;CLAVERIANO;2;915
1;0;SIN CORREGIMIENTO;0;SIN VEREDA;55;CLAVERIANO;9;154
1;0;SIN CORREGIMIENTO;0;SIN VEREDA;56;ALTOS DEL PROGRESO;1;276
1;0;SIN CORREGIMIENTO;0;SIN VEREDA;56;ALTOS DEL PROGRESO;2;836
1;0;SIN CORREGIMIENTO;0;SIN VEREDA;56;ALTOS DEL PROGRESO;9;124
1;0;SIN CORREGIMIENTO;0;SIN VEREDA;58;13 DE JUNIO;1;42
1;0;SIN CORREGIMIENTO;0;SIN VEREDA;58;13 DE JUNIO;2;157
1;0;SIN CORREGIMIENTO;0;SIN VEREDA;58;13 DE JUNIO;9;10
1;0;SIN CORREGIMIENTO;0;SIN VEREDA;69;VILLA MERCEDES;2;1
1;0;SIN CORREGIMIENTO;0;SIN VEREDA;88;CAFê MADRID LA 40;1;11
1;0;SIN CORREGIMIENTO;0;SIN VEREDA;88;CAFê MADRID LA 40;2;74
1;0;SIN CORREGIMIENTO;0;SIN VEREDA;88;CAFê MADRID LA 40;9;12
1;0;SIN CORREGIMIENTO;0;SIN VEREDA;91;TEJADITOS;1;8
1;0;SIN CORREGIMIENTO;0;SIN VEREDA;91;TEJADITOS;2;14
1;0;SIN CORREGIMIENTO;0;SIN VEREDA;91;TEJADITOS;9;3
1;0;SIN CORREGIMIENTO;0;SIN VEREDA;94;EL NOGAL 2;1;164
1;0;SIN CORREGIMIENTO;0;SIN VEREDA;94;EL NOGAL 2;2;426
1;0;SIN CORREGIMIENTO;0;SIN VEREDA;94;EL NOGAL 2;9;60
1;0;SIN CORREGIMIENTO;0;SIN VEREDA;108;LIMONCITO MORRORRICO;1;1
1;0;SIN CORREGIMIENTO;0;SIN VEREDA;108;LIMONCITO MORRORRICO;2;2
1;0;SIN CORREGIMIENTO;0;SIN VEREDA;229;VILLA SARA;1;2
1;0;SIN CORREGIMIENTO;0;SIN VEREDA;229;VILLA SARA;2;2
1;0;SIN CORREGIMIENTO;0;SIN VEREDA;230;VILLA ALICIA;1;33
1;0;SIN CORREGIMIENTO;0;SIN VEREDA;230;VILLA ALICIA;2;109
1;0;SIN CORREGIMIENTO;0;SIN VEREDA;230;VILLA ALICIA;9;26
1;0;SIN CORREGIMIENTO;0;SIN VEREDA;235;DELICIAS NORTE;1;28
1;0;SIN CORREGIMIENTO;0;SIN VEREDA;235;DELICIAS NORTE;2;79
1;0;SIN CORREGIMIENTO;0;SIN VEREDA;235;DELICIAS NORTE;9;7
1;0;SIN CORREGIMIENTO;0;SIN VEREDA;244;VILLA FLOR;1;2
1;0;SIN CORREGIMIENTO;0;SIN VEREDA;244;VILLA FLOR;2;2
1;0;SIN CORREGIMIENTO;0;SIN VEREDA;247;LA FORTUNA;1;101
1;0;SIN CORREGIMIENTO;0;SIN VEREDA;247;LA FORTUNA;2;332
1;0;SIN CORREGIMIENTO;0;SIN VEREDA;247;LA FORTUNA;9;68
1;0;SIN CORREGIMIENTO;0;SIN VEREDA;281;SAN IGNACIO REAL;1;113
1;0;SIN CORREGIMIENTO;0;SIN VEREDA;281;SAN IGNACIO REAL;2;266
1;0;SIN CORREGIMIENTO;0;SIN VEREDA;281;SAN IGNACIO REAL;9;44
1;0;SIN CORREGIMIENTO;0;SIN VEREDA;291;CAMINOS DE PAZ;1;40
1;0;SIN CORREGIMIENTO;0;SIN VEREDA;291;CAMINOS DE PAZ;2;91
1;0;SIN CORREGIMIENTO;0;SIN VEREDA;291;CAMINOS DE PAZ;9;18
1;0;SIN CORREGIMIENTO;0;SIN VEREDA;292;LAS TUNAS;2;1
1;0;SIN CORREGIMIENTO;0;SIN VEREDA;292;LAS TUNAS;9;1
1;0;SIN CORREGIMIENTO;0;SIN VEREDA;297;TEJAR II;1;163
1;0;SIN CORREGIMIENTO;0;SIN VEREDA;297;TEJAR II;2;620
1;0;SIN CORREGIMIENTO;0;SIN VEREDA;297;TEJAR II;9;70
1;0;SIN CORREGIMIENTO;0;SIN VEREDA;298;TEJAR I;1;140
1;0;SIN CORREGIMIENTO;0;SIN VEREDA;298;TEJAR I;2;417
1;0;SIN CORREGIMIENTO;0;SIN VEREDA;298;TEJAR I;9;45
1;0;SIN CORREGIMIENTO;0;SIN VEREDA;299;OMAGA II;1;141
1;0;SIN CORREGIMIENTO;0;SIN VEREDA;299;OMAGA II;2;410
1;0;SIN CORREGIMIENTO;0;SIN VEREDA;299;OMAGA II;9;49
1;0;SIN CORREGIMIENTO;0;SIN VEREDA;301;CERVUNION;1;87
1;0;SIN CORREGIMIENTO;0;SIN VEREDA;301;CERVUNION;2;254
1;0;SIN CORREGIMIENTO;0;SIN VEREDA;301;CERVUNION;9;52
1;0;SIN CORREGIMIENTO;0;SIN VEREDA;302;ASENTAMIENTO LUZ DE ESPERANZA;1;7
1;0;SIN CORREGIMIENTO;0;SIN VEREDA;302;ASENTAMIENTO LUZ DE ESPERANZA;2;17
1;0;SIN CORREGIMIENTO;0;SIN VEREDA;302;ASENTAMIENTO LUZ DE ESPERANZA;9;4
1;0;SIN CORREGIMIENTO;0;SIN VEREDA;305;SAN VALENT÷N;1;148
1;0;SIN CORREGIMIENTO;0;SIN VEREDA;305;SAN VALENT÷N;2;383
1;0;SIN CORREGIMIENTO;0;SIN VEREDA;305;SAN VALENT÷N;9;67
1;0;SIN CORREGIMIENTO;0;SIN VEREDA;311;ALTOS DE BETANIA;1;302
1;0;SIN CORREGIMIENTO;0;SIN VEREDA;311;ALTOS DE BETANIA;2;810
1;0;SIN CORREGIMIENTO;0;SIN VEREDA;311;ALTOS DE BETANIA;9;127
1;0;SIN CORREGIMIENTO;0;SIN VEREDA;328;CAMPESTRE NORTE ;1;654
1;0;SIN CORREGIMIENTO;0;SIN VEREDA;328;CAMPESTRE NORTE ;2;1671
1;0;SIN CORREGIMIENTO;0;SIN VEREDA;328;CAMPESTRE NORTE ;9;282
1;0;SIN CORREGIMIENTO;0;SIN VEREDA;332;BONANZA CAMPESTRE;1;95
1;0;SIN CORREGIMIENTO;0;SIN VEREDA;332;BONANZA CAMPESTRE;2;349
1;0;SIN CORREGIMIENTO;0;SIN VEREDA;332;BONANZA CAMPESTRE;9;58
1;0;SIN CORREGIMIENTO;0;SIN VEREDA;335;PUENTE NARI•O;1;286
1;0;SIN CORREGIMIENTO;0;SIN VEREDA;335;PUENTE NARI•O;2;613
1;0;SIN CORREGIMIENTO;0;SIN VEREDA;335;PUENTE NARI•O;9;144
1;0;SIN CORREGIMIENTO;0;SIN VEREDA;338;CAFE MADRID LA SEXTA;1;23
1;0;SIN CORREGIMIENTO;0;SIN VEREDA;338;CAFE MADRID LA SEXTA;2;68
1;0;SIN CORREGIMIENTO;0;SIN VEREDA;338;CAFE MADRID LA SEXTA;9;11
1;0;SIN CORREGIMIENTO;0;SIN VEREDA;342;VILLAS DE SAN IGNACIO;1;184
1;0;SIN CORREGIMIENTO;0;SIN VEREDA;342;VILLAS DE SAN IGNACIO;2;513
1;0;SIN CORREGIMIENTO;0;SIN VEREDA;342;VILLAS DE SAN IGNACIO;9;60
1;0;SIN CORREGIMIENTO;0;SIN VEREDA;346;JARDINES DE ALTAGRACIA;1;37
1;0;SIN CORREGIMIENTO;0;SIN VEREDA;346;JARDINES DE ALTAGRACIA;2;93
1;0;SIN CORREGIMIENTO;0;SIN VEREDA;346;JARDINES DE ALTAGRACIA;9;6
1;0;SIN CORREGIMIENTO;0;SIN VEREDA;348;PORTAL DE LOS µNGELES;1;158
1;0;SIN CORREGIMIENTO;0;SIN VEREDA;348;PORTAL DE LOS µNGELES;2;478
1;0;SIN CORREGIMIENTO;0;SIN VEREDA;348;PORTAL DE LOS µNGELES;9;66
1;0;SIN CORREGIMIENTO;0;SIN VEREDA;350;BETANIA ;1;722
1;0;SIN CORREGIMIENTO;0;SIN VEREDA;350;BETANIA ;2;2089
1;0;SIN CORREGIMIENTO;0;SIN VEREDA;350;BETANIA ;9;343
1;0;SIN CORREGIMIENTO;0;SIN VEREDA;351;CAFê MADRID LA ESTACI‡N;1;208
1;0;SIN CORREGIMIENTO;0;SIN VEREDA;351;CAFê MADRID LA ESTACI‡N;2;544
1;0;SIN CORREGIMIENTO;0;SIN VEREDA;351;CAFê MADRID LA ESTACI‡N;9;77
1;0;SIN CORREGIMIENTO;0;SIN VEREDA;354;MIRADOR DE COLORADOS;1;31
1;0;SIN CORREGIMIENTO;0;SIN VEREDA;354;MIRADOR DE COLORADOS;2;113
1;0;SIN CORREGIMIENTO;0;SIN VEREDA;354;MIRADOR DE COLORADOS;9;19
1;0;SIN CORREGIMIENTO;0;SIN VEREDA;356;BAVARIA;1;614
1;0;SIN CORREGIMIENTO;0;SIN VEREDA;356;BAVARIA;2;1853
1;0;SIN CORREGIMIENTO;0;SIN VEREDA;356;BAVARIA;9;270
1;0;SIN CORREGIMIENTO;0;SIN VEREDA;357;CAFê MADRID CORRALES;1;9
1;0;SIN CORREGIMIENTO;0;SIN VEREDA;357;CAFê MADRID CORRALES;2;33
1;0;SIN CORREGIMIENTO;0;SIN VEREDA;357;CAFê MADRID CORRALES;9;7
1;0;SIN CORREGIMIENTO;0;SIN VEREDA;359;GETSEMANI;1;112
1;0;SIN CORREGIMIENTO;0;SIN VEREDA;359;GETSEMANI;2;321
1;0;SIN CORREGIMIENTO;0;SIN VEREDA;359;GETSEMANI;9;52
1;0;SIN CORREGIMIENTO;0;SIN VEREDA;361;VILLAS DEL NOGAL;1;1
1;0;SIN CORREGIMIENTO;0;SIN VEREDA;361;VILLAS DEL NOGAL;2;2
1;0;SIN CORREGIMIENTO;0;SIN VEREDA;361;VILLAS DEL NOGAL;9;1
1;0;SIN CORREGIMIENTO;0;SIN VEREDA;366;LOS CEDROS NORTE;1;27
1;0;SIN CORREGIMIENTO;0;SIN VEREDA;366;LOS CEDROS NORTE;2;44
1;0;SIN CORREGIMIENTO;0;SIN VEREDA;366;LOS CEDROS NORTE;9;7
1;0;SIN CORREGIMIENTO;0;SIN VEREDA;370;CAMPO MADRID;1;1139
1;0;SIN CORREGIMIENTO;0;SIN VEREDA;370;CAMPO MADRID;2;2530
1;0;SIN CORREGIMIENTO;0;SIN VEREDA;370;CAMPO MADRID;9;367
2;0;SIN CORREGIMIENTO;0;SIN VEREDA;0;BARRIO_S4;1;113
2;0;SIN CORREGIMIENTO;0;SIN VEREDA;0;BARRIO_S4;2;325
2;0;SIN CORREGIMIENTO;0;SIN VEREDA;0;BARRIO_S4;9;54
2;0;SIN CORREGIMIENTO;0;SIN VEREDA;8;EL ROSAL COLORADOS;2;1
2;0;SIN CORREGIMIENTO;0;SIN VEREDA;8;EL ROSAL COLORADOS;9;1
2;0;SIN CORREGIMIENTO;0;SIN VEREDA;21;MIRADOR DE LA UIS;1;221
2;0;SIN CORREGIMIENTO;0;SIN VEREDA;21;MIRADOR DE LA UIS;2;526
2;0;SIN CORREGIMIENTO;0;SIN VEREDA;21;MIRADOR DE LA UIS;9;86
2;0;SIN CORREGIMIENTO;0;SIN VEREDA;37;LOS CUADROS;1;211
2;0;SIN CORREGIMIENTO;0;SIN VEREDA;37;LOS CUADROS;2;610
2;0;SIN CORREGIMIENTO;0;SIN VEREDA;37;LOS CUADROS;9;95
2;0;SIN CORREGIMIENTO;0;SIN VEREDA;44;VILLA HELENA I Y II;1;572
2;0;SIN CORREGIMIENTO;0;SIN VEREDA;44;VILLA HELENA I Y II;2;1631
2;0;SIN CORREGIMIENTO;0;SIN VEREDA;44;VILLA HELENA I Y II;9;241
2;0;SIN CORREGIMIENTO;0;SIN VEREDA;45;LOS µNGELES;1;208
2;0;SIN CORREGIMIENTO;0;SIN VEREDA;45;LOS µNGELES;2;720
2;0;SIN CORREGIMIENTO;0;SIN VEREDA;45;LOS µNGELES;9;99
2;0;SIN CORREGIMIENTO;0;SIN VEREDA;46;JOSE MAR÷A C‡RDOBA;1;224
2;0;SIN CORREGIMIENTO;0;SIN VEREDA;46;JOSE MAR÷A C‡RDOBA;2;473
2;0;SIN CORREGIMIENTO;0;SIN VEREDA;46;JOSE MAR÷A C‡RDOBA;9;81
2;0;SIN CORREGIMIENTO;0;SIN VEREDA;47;OLAS ALTAS Y BAJAS;1;20
2;0;SIN CORREGIMIENTO;0;SIN VEREDA;47;OLAS ALTAS Y BAJAS;2;54
2;0;SIN CORREGIMIENTO;0;SIN VEREDA;47;OLAS ALTAS Y BAJAS;9;5
2;0;SIN CORREGIMIENTO;0;SIN VEREDA;50;VILLA ROSA;1;65
2;0;SIN CORREGIMIENTO;0;SIN VEREDA;50;VILLA ROSA;2;188
2;0;SIN CORREGIMIENTO;0;SIN VEREDA;50;VILLA ROSA;9;23
2;0;SIN CORREGIMIENTO;0;SIN VEREDA;51;LIZCANO I Y II;1;127
2;0;SIN CORREGIMIENTO;0;SIN VEREDA;51;LIZCANO I Y II;2;432
2;0;SIN CORREGIMIENTO;0;SIN VEREDA;51;LIZCANO I Y II;9;50
2;0;SIN CORREGIMIENTO;0;SIN VEREDA;52;ESPERANZA II;1;428
2;0;SIN CORREGIMIENTO;0;SIN VEREDA;52;ESPERANZA II;2;1402
2;0;SIN CORREGIMIENTO;0;SIN VEREDA;52;ESPERANZA II;9;187
2;0;SIN CORREGIMIENTO;0;SIN VEREDA;53;ESPERANZA III;1;253
2;0;SIN CORREGIMIENTO;0;SIN VEREDA;53;ESPERANZA III;2;751
2;0;SIN CORREGIMIENTO;0;SIN VEREDA;53;ESPERANZA III;9;97
2;0;SIN CORREGIMIENTO;0;SIN VEREDA;54;MIRADOR NORTE;1;266
2;0;SIN CORREGIMIENTO;0;SIN VEREDA;54;MIRADOR NORTE;2;696
2;0;SIN CORREGIMIENTO;0;SIN VEREDA;54;MIRADOR NORTE;9;118
2;0;SIN CORREGIMIENTO;0;SIN VEREDA;57;BOSCONIA ;1;3
2;0;SIN CORREGIMIENTO;0;SIN VEREDA;57;BOSCONIA ;2;6
2;0;SIN CORREGIMIENTO;0;SIN VEREDA;57;BOSCONIA ;9;1
2;0;SIN CORREGIMIENTO;0;SIN VEREDA;58;13 DE JUNIO;1;3
2;0;SIN CORREGIMIENTO;0;SIN VEREDA;58;13 DE JUNIO;2;2
2;0;SIN CORREGIMIENTO;0;SIN VEREDA;59;LA GRANJITA;1;53
2;0;SIN CORREGIMIENTO;0;SIN VEREDA;59;LA GRANJITA;2;150
2;0;SIN CORREGIMIENTO;0;SIN VEREDA;59;LA GRANJITA;9;26
2;0;SIN CORREGIMIENTO;0;SIN VEREDA;61;REGADERO NORTE;1;322
2;0;SIN CORREGIMIENTO;0;SIN VEREDA;61;REGADERO NORTE;2;1161
2;0;SIN CORREGIMIENTO;0;SIN VEREDA;61;REGADERO NORTE;9;140
2;0;SIN CORREGIMIENTO;0;SIN VEREDA;62;PRIMAVERAL REGADERO;1;39
2;0;SIN CORREGIMIENTO;0;SIN VEREDA;62;PRIMAVERAL REGADERO;2;116
2;0;SIN CORREGIMIENTO;0;SIN VEREDA;62;PRIMAVERAL REGADERO;9;5
2;0;SIN CORREGIMIENTO;0;SIN VEREDA;64;LA JUVENTUD;1;277
2;0;SIN CORREGIMIENTO;0;SIN VEREDA;64;LA JUVENTUD;2;980
2;0;SIN CORREGIMIENTO;0;SIN VEREDA;64;LA JUVENTUD;9;114
2;0;SIN CORREGIMIENTO;0;SIN VEREDA;65;ESPERANZA I;1;310
2;0;SIN CORREGIMIENTO;0;SIN VEREDA;65;ESPERANZA I;2;980
2;0;SIN CORREGIMIENTO;0;SIN VEREDA;65;ESPERANZA I;9;132
2;0;SIN CORREGIMIENTO;0;SIN VEREDA;66;SAN CRISTOBAL;1;154
2;0;SIN CORREGIMIENTO;0;SIN VEREDA;66;SAN CRISTOBAL;2;608
2;0;SIN CORREGIMIENTO;0;SIN VEREDA;66;SAN CRISTOBAL;9;65
2;0;SIN CORREGIMIENTO;0;SIN VEREDA;67;TRANSICI‡N I AL V;1;1158
2;0;SIN CORREGIMIENTO;0;SIN VEREDA;67;TRANSICI‡N I AL V;2;3680
2;0;SIN CORREGIMIENTO;0;SIN VEREDA;67;TRANSICI‡N I AL V;9;542
2;0;SIN CORREGIMIENTO;0;SIN VEREDA;68;NUEVA COLOMBIA;1;124
2;0;SIN CORREGIMIENTO;0;SIN VEREDA;68;NUEVA COLOMBIA;2;242
2;0;SIN CORREGIMIENTO;0;SIN VEREDA;68;NUEVA COLOMBIA;9;38
2;0;SIN CORREGIMIENTO;0;SIN VEREDA;69;VILLA MERCEDES;1;509
2;0;SIN CORREGIMIENTO;0;SIN VEREDA;69;VILLA MERCEDES;2;1433
2;0;SIN CORREGIMIENTO;0;SIN VEREDA;69;VILLA MERCEDES;9;231
2;0;SIN CORREGIMIENTO;0;SIN VEREDA;70;OLITAS;1;78
2;0;SIN CORREGIMIENTO;0;SIN VEREDA;70;OLITAS;2;251
2;0;SIN CORREGIMIENTO;0;SIN VEREDA;70;OLITAS;9;32
2;0;SIN CORREGIMIENTO;0;SIN VEREDA;71;BOSQUE NORTE ;1;292
2;0;SIN CORREGIMIENTO;0;SIN VEREDA;71;BOSQUE NORTE ;2;869
2;0;SIN CORREGIMIENTO;0;SIN VEREDA;71;BOSQUE NORTE ;9;142
2;0;SIN CORREGIMIENTO;0;SIN VEREDA;72;LA INDEPENDENCIA;1;828
2;0;SIN CORREGIMIENTO;0;SIN VEREDA;72;LA INDEPENDENCIA;2;2542
2;0;SIN CORREGIMIENTO;0;SIN VEREDA;72;LA INDEPENDENCIA;9;301
2;0;SIN CORREGIMIENTO;0;SIN VEREDA;74;NORTE BAJO;1;39
2;0;SIN CORREGIMIENTO;0;SIN VEREDA;74;NORTE BAJO;2;102
2;0;SIN CORREGIMIENTO;0;SIN VEREDA;74;NORTE BAJO;9;6
2;0;SIN CORREGIMIENTO;0;SIN VEREDA;75;SAN RAFAEL;2;5
2;0;SIN CORREGIMIENTO;0;SIN VEREDA;76;CHAPINERO;2;5
2;0;SIN CORREGIMIENTO;0;SIN VEREDA;87;DON BOSCO;2;2
2;0;SIN CORREGIMIENTO;0;SIN VEREDA;95;COMUNEROS;1;41
2;0;SIN CORREGIMIENTO;0;SIN VEREDA;95;COMUNEROS;2;136
2;0;SIN CORREGIMIENTO;0;SIN VEREDA;95;COMUNEROS;9;15
2;0;SIN CORREGIMIENTO;0;SIN VEREDA;101;UNIVERSIDAD;1;2
2;0;SIN CORREGIMIENTO;0;SIN VEREDA;101;UNIVERSIDAD;2;5
2;0;SIN CORREGIMIENTO;0;SIN VEREDA;101;UNIVERSIDAD;9;1
2;0;SIN CORREGIMIENTO;0;SIN VEREDA;110;MORRORRICO;1;8
2;0;SIN CORREGIMIENTO;0;SIN VEREDA;110;MORRORRICO;2;16
2;0;SIN CORREGIMIENTO;0;SIN VEREDA;110;MORRORRICO;9;6
2;0;SIN CORREGIMIENTO;0;SIN VEREDA;113;PUERTO RICO;2;2
2;0;SIN CORREGIMIENTO;0;SIN VEREDA;116;MIRAFLORES;1;3
2;0;SIN CORREGIMIENTO;0;SIN VEREDA;116;MIRAFLORES;2;1
2;0;SIN CORREGIMIENTO;0;SIN VEREDA;153;EL PANTANO I;1;1
2;0;SIN CORREGIMIENTO;0;SIN VEREDA;153;EL PANTANO I;2;8
2;0;SIN CORREGIMIENTO;0;SIN VEREDA;153;EL PANTANO I;9;2
2;0;SIN CORREGIMIENTO;0;SIN VEREDA;179;COLOMBIA;2;3
2;0;SIN CORREGIMIENTO;0;SIN VEREDA;223;PORVENIR BAJO;1;4
2;0;SIN CORREGIMIENTO;0;SIN VEREDA;223;PORVENIR BAJO;2;7
2;0;SIN CORREGIMIENTO;0;SIN VEREDA;223;PORVENIR BAJO;9;1
2;0;SIN CORREGIMIENTO;0;SIN VEREDA;271;MONEQUE;1;20
2;0;SIN CORREGIMIENTO;0;SIN VEREDA;271;MONEQUE;2;56
2;0;SIN CORREGIMIENTO;0;SIN VEREDA;271;MONEQUE;9;4
2;0;SIN CORREGIMIENTO;0;SIN VEREDA;337;CIUDADELA CLUB COMFENALCO;1;104
2;0;SIN CORREGIMIENTO;0;SIN VEREDA;337;CIUDADELA CLUB COMFENALCO;2;286
2;0;SIN CORREGIMIENTO;0;SIN VEREDA;337;CIUDADELA CLUB COMFENALCO;9;31
3;0;SIN CORREGIMIENTO;0;SIN VEREDA;21;MIRADOR DE LA UIS;2;1
3;0;SIN CORREGIMIENTO;0;SIN VEREDA;21;MIRADOR DE LA UIS;9;1
3;0;SIN CORREGIMIENTO;0;SIN VEREDA;72;LA INDEPENDENCIA;1;6
3;0;SIN CORREGIMIENTO;0;SIN VEREDA;72;LA INDEPENDENCIA;2;20
3;0;SIN CORREGIMIENTO;0;SIN VEREDA;72;LA INDEPENDENCIA;9;3
3;0;SIN CORREGIMIENTO;0;SIN VEREDA;74;NORTE BAJO;1;107
3;0;SIN CORREGIMIENTO;0;SIN VEREDA;74;NORTE BAJO;2;427
3;0;SIN CORREGIMIENTO;0;SIN VEREDA;74;NORTE BAJO;9;52
3;0;SIN CORREGIMIENTO;0;SIN VEREDA;75;SAN RAFAEL;1;431
3;0;SIN CORREGIMIENTO;0;SIN VEREDA;75;SAN RAFAEL;2;1529
3;0;SIN CORREGIMIENTO;0;SIN VEREDA;75;SAN RAFAEL;9;144
3;0;SIN CORREGIMIENTO;0;SIN VEREDA;76;CHAPINERO;1;186
3;0;SIN CORREGIMIENTO;0;SIN VEREDA;76;CHAPINERO;2;678
3;0;SIN CORREGIMIENTO;0;SIN VEREDA;76;CHAPINERO;9;68
3;0;SIN CORREGIMIENTO;0;SIN VEREDA;95;COMUNEROS;1;1001
3;0;SIN CORREGIMIENTO;0;SIN VEREDA;95;COMUNEROS;2;3350
3;0;SIN CORREGIMIENTO;0;SIN VEREDA;95;COMUNEROS;9;300
3;0;SIN CORREGIMIENTO;0;SIN VEREDA;96;MODELO;1;164
3;0;SIN CORREGIMIENTO;0;SIN VEREDA;96;MODELO;2;525
3;0;SIN CORREGIMIENTO;0;SIN VEREDA;96;MODELO;9;39
3;0;SIN CORREGIMIENTO;0;SIN VEREDA;97;MUTUALIDAD;1;259
3;0;SIN CORREGIMIENTO;0;SIN VEREDA;97;MUTUALIDAD;2;930
3;0;SIN CORREGIMIENTO;0;SIN VEREDA;97;MUTUALIDAD;9;63
3;0;SIN CORREGIMIENTO;0;SIN VEREDA;98;SAN FRANCISCO;1;392
3;0;SIN CORREGIMIENTO;0;SIN VEREDA;98;SAN FRANCISCO;2;1544
3;0;SIN CORREGIMIENTO;0;SIN VEREDA;98;SAN FRANCISCO;9;119
3;0;SIN CORREGIMIENTO;0;SIN VEREDA;99;ALARC‡N;1;43
3;0;SIN CORREGIMIENTO;0;SIN VEREDA;99;ALARC‡N;2;166
3;0;SIN CORREGIMIENTO;0;SIN VEREDA;99;ALARC‡N;9;16
3;0;SIN CORREGIMIENTO;0;SIN VEREDA;100;SAN ALONSO;1;2
3;0;SIN CORREGIMIENTO;0;SIN VEREDA;100;SAN ALONSO;2;9
3;0;SIN CORREGIMIENTO;0;SIN VEREDA;100;SAN ALONSO;9;2
3;0;SIN CORREGIMIENTO;0;SIN VEREDA;101;UNIVERSIDAD;1;29
3;0;SIN CORREGIMIENTO;0;SIN VEREDA;101;UNIVERSIDAD;2;92
3;0;SIN CORREGIMIENTO;0;SIN VEREDA;101;UNIVERSIDAD;9;9
3;0;SIN CORREGIMIENTO;0;SIN VEREDA;113;PUERTO RICO;1;39
3;0;SIN CORREGIMIENTO;0;SIN VEREDA;113;PUERTO RICO;2;95
3;0;SIN CORREGIMIENTO;0;SIN VEREDA;113;PUERTO RICO;9;18
3;0;SIN CORREGIMIENTO;0;SIN VEREDA;130;CENTRO;1;1
3;0;SIN CORREGIMIENTO;0;SIN VEREDA;130;CENTRO;2;3
3;0;SIN CORREGIMIENTO;0;SIN VEREDA;131;ANTONIA SANTOS CENTRO;1;3
3;0;SIN CORREGIMIENTO;0;SIN VEREDA;131;ANTONIA SANTOS CENTRO;2;2
3;0;SIN CORREGIMIENTO;0;SIN VEREDA;195;PABLO VI;1;9
3;0;SIN CORREGIMIENTO;0;SIN VEREDA;195;PABLO VI;2;41
3;0;SIN CORREGIMIENTO;0;SIN VEREDA;195;PABLO VI;9;1
3;0;SIN CORREGIMIENTO;0;SIN VEREDA;218;SAN EXPEDITO;2;3
3;0;SIN CORREGIMIENTO;0;SIN VEREDA;218;SAN EXPEDITO;9;2
3;0;SIN CORREGIMIENTO;0;SIN VEREDA;305;SAN VALENT÷N;2;1
4;0;SIN CORREGIMIENTO;0;SIN VEREDA;0;BARRIO_S4;2;1
4;0;SIN CORREGIMIENTO;0;SIN VEREDA;0;BARRIO_S4;9;1
4;0;SIN CORREGIMIENTO;0;SIN VEREDA;3;COLORADOS;1;1
4;0;SIN CORREGIMIENTO;0;SIN VEREDA;3;COLORADOS;2;1
4;0;SIN CORREGIMIENTO;0;SIN VEREDA;11;DIVINO NI•O NORTE;1;1
4;0;SIN CORREGIMIENTO;0;SIN VEREDA;11;DIVINO NI•O NORTE;2;4
4;0;SIN CORREGIMIENTO;0;SIN VEREDA;11;DIVINO NI•O NORTE;9;1
4;0;SIN CORREGIMIENTO;0;SIN VEREDA;14;CAFê MADRID;2;1
4;0;SIN CORREGIMIENTO;0;SIN VEREDA;14;CAFê MADRID;9;1
4;0;SIN CORREGIMIENTO;0;SIN VEREDA;16;GALLINERAL;1;103
4;0;SIN CORREGIMIENTO;0;SIN VEREDA;16;GALLINERAL;2;294
4;0;SIN CORREGIMIENTO;0;SIN VEREDA;16;GALLINERAL;9;51
4;0;SIN CORREGIMIENTO;0;SIN VEREDA;18;5 DE ENERO;1;88
4;0;SIN CORREGIMIENTO;0;SIN VEREDA;18;5 DE ENERO;2;242
4;0;SIN CORREGIMIENTO;0;SIN VEREDA;18;5 DE ENERO;9;61
4;0;SIN CORREGIMIENTO;0;SIN VEREDA;20;CARLOS PIZARRO;1;33
4;0;SIN CORREGIMIENTO;0;SIN VEREDA;20;CARLOS PIZARRO;2;88
4;0;SIN CORREGIMIENTO;0;SIN VEREDA;20;CARLOS PIZARRO;9;16
4;0;SIN CORREGIMIENTO;0;SIN VEREDA;22;JOSE ANTONIO GALµN;1;412
4;0;SIN CORREGIMIENTO;0;SIN VEREDA;22;JOSE ANTONIO GALµN;2;1057
4;0;SIN CORREGIMIENTO;0;SIN VEREDA;22;JOSE ANTONIO GALµN;9;202
4;0;SIN CORREGIMIENTO;0;SIN VEREDA;35;MINUTO DE DIOS;2;1
4;0;SIN CORREGIMIENTO;0;SIN VEREDA;46;JOSE MAR÷A C‡RDOBA;1;1
4;0;SIN CORREGIMIENTO;0;SIN VEREDA;73;CINAL I II Y III;1;115
4;0;SIN CORREGIMIENTO;0;SIN VEREDA;73;CINAL I II Y III;2;367
4;0;SIN CORREGIMIENTO;0;SIN VEREDA;73;CINAL I II Y III;9;60
4;0;SIN CORREGIMIENTO;0;SIN VEREDA;74;NORTE BAJO;1;4
4;0;SIN CORREGIMIENTO;0;SIN VEREDA;74;NORTE BAJO;2;20
4;0;SIN CORREGIMIENTO;0;SIN VEREDA;74;NORTE BAJO;9;2
4;0;SIN CORREGIMIENTO;0;SIN VEREDA;75;SAN RAFAEL;1;2
4;0;SIN CORREGIMIENTO;0;SIN VEREDA;75;SAN RAFAEL;2;2
4;0;SIN CORREGIMIENTO;0;SIN VEREDA;77;GAITµN;1;733
4;0;SIN CORREGIMIENTO;0;SIN VEREDA;77;GAITµN;2;2718
4;0;SIN CORREGIMIENTO;0;SIN VEREDA;77;GAITµN;9;274
4;0;SIN CORREGIMIENTO;0;SIN VEREDA;78;GRANADA;1;156
4;0;SIN CORREGIMIENTO;0;SIN VEREDA;78;GRANADA;2;528
4;0;SIN CORREGIMIENTO;0;SIN VEREDA;78;GRANADA;9;43
4;0;SIN CORREGIMIENTO;0;SIN VEREDA;79;LA FERIA;1;142
4;0;SIN CORREGIMIENTO;0;SIN VEREDA;79;LA FERIA;2;454
4;0;SIN CORREGIMIENTO;0;SIN VEREDA;79;LA FERIA;9;62
4;0;SIN CORREGIMIENTO;0;SIN VEREDA;80;NAPOLES;1;213
4;0;SIN CORREGIMIENTO;0;SIN VEREDA;80;NAPOLES;2;622
4;0;SIN CORREGIMIENTO;0;SIN VEREDA;80;NAPOLES;9;68
4;0;SIN CORREGIMIENTO;0;SIN VEREDA;82;GIRARDOT;1;1096
4;0;SIN CORREGIMIENTO;0;SIN VEREDA;82;GIRARDOT;2;3693
4;0;SIN CORREGIMIENTO;0;SIN VEREDA;82;GIRARDOT;9;401
4;0;SIN CORREGIMIENTO;0;SIN VEREDA;83;ZARABANDA;1;117
4;0;SIN CORREGIMIENTO;0;SIN VEREDA;83;ZARABANDA;2;322
4;0;SIN CORREGIMIENTO;0;SIN VEREDA;83;ZARABANDA;9;58
4;0;SIN CORREGIMIENTO;0;SIN VEREDA;84;CUYANITA;1;192
4;0;SIN CORREGIMIENTO;0;SIN VEREDA;84;CUYANITA;2;442
4;0;SIN CORREGIMIENTO;0;SIN VEREDA;84;CUYANITA;9;90
4;0;SIN CORREGIMIENTO;0;SIN VEREDA;85;CAMILO TORRES;1;148
4;0;SIN CORREGIMIENTO;0;SIN VEREDA;85;CAMILO TORRES;2;468
4;0;SIN CORREGIMIENTO;0;SIN VEREDA;85;CAMILO TORRES;9;61
4;0;SIN CORREGIMIENTO;0;SIN VEREDA;86;SANTANDER;1;393
4;0;SIN CORREGIMIENTO;0;SIN VEREDA;86;SANTANDER;2;1497
4;0;SIN CORREGIMIENTO;0;SIN VEREDA;86;SANTANDER;9;109
4;0;SIN CORREGIMIENTO;0;SIN VEREDA;87;DON BOSCO;1;205
4;0;SIN CORREGIMIENTO;0;SIN VEREDA;87;DON BOSCO;2;713
4;0;SIN CORREGIMIENTO;0;SIN VEREDA;87;DON BOSCO;9;67
4;0;SIN CORREGIMIENTO;0;SIN VEREDA;89;NAPOLES CURTIEMBRE;1;121
4;0;SIN CORREGIMIENTO;0;SIN VEREDA;89;NAPOLES CURTIEMBRE;2;268
4;0;SIN CORREGIMIENTO;0;SIN VEREDA;89;NAPOLES CURTIEMBRE;9;43
4;0;SIN CORREGIMIENTO;0;SIN VEREDA;90;LA GLORIA;1;202
4;0;SIN CORREGIMIENTO;0;SIN VEREDA;90;LA GLORIA;2;595
4;0;SIN CORREGIMIENTO;0;SIN VEREDA;90;LA GLORIA;9;91
4;0;SIN CORREGIMIENTO;0;SIN VEREDA;92;NARI•O;1;378
4;0;SIN CORREGIMIENTO;0;SIN VEREDA;92;NARI•O;2;1368
4;0;SIN CORREGIMIENTO;0;SIN VEREDA;92;NARI•O;9;151
4;0;SIN CORREGIMIENTO;0;SIN VEREDA;93;PIO XII;1;62
4;0;SIN CORREGIMIENTO;0;SIN VEREDA;93;PIO XII;2;217
4;0;SIN CORREGIMIENTO;0;SIN VEREDA;93;PIO XII;9;20
4;0;SIN CORREGIMIENTO;0;SIN VEREDA;98;SAN FRANCISCO;2;1
4;0;SIN CORREGIMIENTO;0;SIN VEREDA;99;ALARC‡N;1;3
4;0;SIN CORREGIMIENTO;0;SIN VEREDA;99;ALARC‡N;2;18
4;0;SIN CORREGIMIENTO;0;SIN VEREDA;99;ALARC‡N;9;1
4;0;SIN CORREGIMIENTO;0;SIN VEREDA;119;GALµN;1;6
4;0;SIN CORREGIMIENTO;0;SIN VEREDA;119;GALµN;2;25
4;0;SIN CORREGIMIENTO;0;SIN VEREDA;119;GALµN;9;1
4;0;SIN CORREGIMIENTO;0;SIN VEREDA;130;CENTRO;2;1
4;0;SIN CORREGIMIENTO;0;SIN VEREDA;131;ANTONIA SANTOS CENTRO;2;1
4;0;SIN CORREGIMIENTO;0;SIN VEREDA;136;SOTOMAYOR;2;1
4;0;SIN CORREGIMIENTO;0;SIN VEREDA;141;GARC÷A ROVIRA;1;8
4;0;SIN CORREGIMIENTO;0;SIN VEREDA;141;GARC÷A ROVIRA;2;16
4;0;SIN CORREGIMIENTO;0;SIN VEREDA;141;GARC÷A ROVIRA;9;2
4;0;SIN CORREGIMIENTO;0;SIN VEREDA;142;ALFONSO L‡PEZ;1;1
4;0;SIN CORREGIMIENTO;0;SIN VEREDA;142;ALFONSO L‡PEZ;2;3
4;0;SIN CORREGIMIENTO;0;SIN VEREDA;145;CAMPO HERMOSO;2;1
4;0;SIN CORREGIMIENTO;0;SIN VEREDA;154;EL PANTANO II;1;10
4;0;SIN CORREGIMIENTO;0;SIN VEREDA;154;EL PANTANO II;2;35
4;0;SIN CORREGIMIENTO;0;SIN VEREDA;154;EL PANTANO II;9;4
4;0;SIN CORREGIMIENTO;0;SIN VEREDA;193;NUEVA GRANADA;1;16
4;0;SIN CORREGIMIENTO;0;SIN VEREDA;193;NUEVA GRANADA;2;44
4;0;SIN CORREGIMIENTO;0;SIN VEREDA;193;NUEVA GRANADA;9;7
4;0;SIN CORREGIMIENTO;0;SIN VEREDA;232;DANGOND;1;10
4;0;SIN CORREGIMIENTO;0;SIN VEREDA;232;DANGOND;2;16
4;0;SIN CORREGIMIENTO;0;SIN VEREDA;232;DANGOND;9;1
4;0;SIN CORREGIMIENTO;0;SIN VEREDA;240;IGSABELAR;1;7
4;0;SIN CORREGIMIENTO;0;SIN VEREDA;240;IGSABELAR;2;10
4;0;SIN CORREGIMIENTO;0;SIN VEREDA;278;12 DE OCTUBRE;1;255
4;0;SIN CORREGIMIENTO;0;SIN VEREDA;278;12 DE OCTUBRE;2;856
4;0;SIN CORREGIMIENTO;0;SIN VEREDA;278;12 DE OCTUBRE;9;119
4;0;SIN CORREGIMIENTO;0;SIN VEREDA;279;DIVINO NI•O CENTRO ;1;110
4;0;SIN CORREGIMIENTO;0;SIN VEREDA;279;DIVINO NI•O CENTRO ;2;323
4;0;SIN CORREGIMIENTO;0;SIN VEREDA;279;DIVINO NI•O CENTRO ;9;50
4;0;SIN CORREGIMIENTO;0;SIN VEREDA;280;RESERVA DE LA INMACULADA;1;357
4;0;SIN CORREGIMIENTO;0;SIN VEREDA;280;RESERVA DE LA INMACULADA;2;1035
4;0;SIN CORREGIMIENTO;0;SIN VEREDA;280;RESERVA DE LA INMACULADA;9;125
4;0;SIN CORREGIMIENTO;0;SIN VEREDA;307;MILAGRO DE DIOS;1;180
4;0;SIN CORREGIMIENTO;0;SIN VEREDA;307;MILAGRO DE DIOS;2;551
4;0;SIN CORREGIMIENTO;0;SIN VEREDA;307;MILAGRO DE DIOS;9;77
4;0;SIN CORREGIMIENTO;0;SIN VEREDA;325;MAR÷A AUXILIADORA;1;20
4;0;SIN CORREGIMIENTO;0;SIN VEREDA;325;MAR÷A AUXILIADORA;2;94
4;0;SIN CORREGIMIENTO;0;SIN VEREDA;325;MAR÷A AUXILIADORA;9;11
4;0;SIN CORREGIMIENTO;0;SIN VEREDA;333;23 DE JUNIO;1;99
4;0;SIN CORREGIMIENTO;0;SIN VEREDA;333;23 DE JUNIO;2;449
4;0;SIN CORREGIMIENTO;0;SIN VEREDA;333;23 DE JUNIO;9;48
4;0;SIN CORREGIMIENTO;0;SIN VEREDA;345;PASEO DE LA FERIA;1;336
4;0;SIN CORREGIMIENTO;0;SIN VEREDA;345;PASEO DE LA FERIA;2;933
4;0;SIN CORREGIMIENTO;0;SIN VEREDA;345;PASEO DE LA FERIA;9;83
4;0;SIN CORREGIMIENTO;0;SIN VEREDA;356;BAVARIA;1;3
4;0;SIN CORREGIMIENTO;0;SIN VEREDA;356;BAVARIA;2;3
4;0;SIN CORREGIMIENTO;0;SIN VEREDA;359;GETSEMANI;1;1
4;0;SIN CORREGIMIENTO;0;SIN VEREDA;365;VILLAS DE GIRARDOT;1;489
4;0;SIN CORREGIMIENTO;0;SIN VEREDA;365;VILLAS DE GIRARDOT;2;1295
4;0;SIN CORREGIMIENTO;0;SIN VEREDA;365;VILLAS DE GIRARDOT;9;265
4;0;SIN CORREGIMIENTO;0;SIN VEREDA;368;URBANIZACI‡N LA INMACULADA;1;694
4;0;SIN CORREGIMIENTO;0;SIN VEREDA;368;URBANIZACI‡N LA INMACULADA;2;1483
4;0;SIN CORREGIMIENTO;0;SIN VEREDA;368;URBANIZACI‡N LA INMACULADA;9;239
4;0;SIN CORREGIMIENTO;0;SIN VEREDA;999999;BARRIO_S4;2;1
5;0;SIN CORREGIMIENTO;0;SIN VEREDA;17;RINC‡N DE LA PAZ;1;230
5;0;SIN CORREGIMIENTO;0;SIN VEREDA;17;RINC‡N DE LA PAZ;2;601
5;0;SIN CORREGIMIENTO;0;SIN VEREDA;17;RINC‡N DE LA PAZ;9;115
5;0;SIN CORREGIMIENTO;0;SIN VEREDA;82;GIRARDOT;2;2
5;0;SIN CORREGIMIENTO;0;SIN VEREDA;141;GARC÷A ROVIRA;1;15
5;0;SIN CORREGIMIENTO;0;SIN VEREDA;141;GARC÷A ROVIRA;2;47
5;0;SIN CORREGIMIENTO;0;SIN VEREDA;141;GARC÷A ROVIRA;9;2
5;0;SIN CORREGIMIENTO;0;SIN VEREDA;142;ALFONSO L‡PEZ;1;729
5;0;SIN CORREGIMIENTO;0;SIN VEREDA;142;ALFONSO L‡PEZ;2;2372
5;0;SIN CORREGIMIENTO;0;SIN VEREDA;142;ALFONSO L‡PEZ;9;239
5;0;SIN CORREGIMIENTO;0;SIN VEREDA;143;LA JOYA;1;380
5;0;SIN CORREGIMIENTO;0;SIN VEREDA;143;LA JOYA;2;1519
5;0;SIN CORREGIMIENTO;0;SIN VEREDA;143;LA JOYA;9;127
5;0;SIN CORREGIMIENTO;0;SIN VEREDA;144;CHORRERAS DE DON JUAN;1;104
5;0;SIN CORREGIMIENTO;0;SIN VEREDA;144;CHORRERAS DE DON JUAN;2;517
5;0;SIN CORREGIMIENTO;0;SIN VEREDA;144;CHORRERAS DE DON JUAN;9;39
5;0;SIN CORREGIMIENTO;0;SIN VEREDA;145;CAMPO HERMOSO;1;1420
5;0;SIN CORREGIMIENTO;0;SIN VEREDA;145;CAMPO HERMOSO;2;4933
5;0;SIN CORREGIMIENTO;0;SIN VEREDA;145;CAMPO HERMOSO;9;523
5;0;SIN CORREGIMIENTO;0;SIN VEREDA;146;LA ESMERALDA;1;87
5;0;SIN CORREGIMIENTO;0;SIN VEREDA;146;LA ESMERALDA;2;223
5;0;SIN CORREGIMIENTO;0;SIN VEREDA;146;LA ESMERALDA;9;24
5;0;SIN CORREGIMIENTO;0;SIN VEREDA;149;PRIMERO DE MAYO;1;207
5;0;SIN CORREGIMIENTO;0;SIN VEREDA;149;PRIMERO DE MAYO;2;629
5;0;SIN CORREGIMIENTO;0;SIN VEREDA;149;PRIMERO DE MAYO;9;61
5;0;SIN CORREGIMIENTO;0;SIN VEREDA;150;VILLAS DEL ROMERO;2;1
5;0;SIN CORREGIMIENTO;0;SIN VEREDA;151;LA ESTRELLA;2;3
5;0;SIN CORREGIMIENTO;0;SIN VEREDA;152;QUINTA ESTRELLA;1;125
5;0;SIN CORREGIMIENTO;0;SIN VEREDA;152;QUINTA ESTRELLA;2;384
5;0;SIN CORREGIMIENTO;0;SIN VEREDA;152;QUINTA ESTRELLA;9;45
5;0;SIN CORREGIMIENTO;0;SIN VEREDA;153;EL PANTANO I;1;68
5;0;SIN CORREGIMIENTO;0;SIN VEREDA;153;EL PANTANO I;2;188
5;0;SIN CORREGIMIENTO;0;SIN VEREDA;153;EL PANTANO I;9;22
5;0;SIN CORREGIMIENTO;0;SIN VEREDA;154;EL PANTANO II;1;136
5;0;SIN CORREGIMIENTO;0;SIN VEREDA;154;EL PANTANO II;2;378
5;0;SIN CORREGIMIENTO;0;SIN VEREDA;154;EL PANTANO II;9;42
5;0;SIN CORREGIMIENTO;0;SIN VEREDA;155;EL PANTANO III;1;89
5;0;SIN CORREGIMIENTO;0;SIN VEREDA;155;EL PANTANO III;2;188
5;0;SIN CORREGIMIENTO;0;SIN VEREDA;155;EL PANTANO III;9;36
5;0;SIN CORREGIMIENTO;0;SIN VEREDA;168;FUNDADORES I Y II;2;1
5;0;SIN CORREGIMIENTO;0;SIN VEREDA;173;ESTORAQUES;1;399
5;0;SIN CORREGIMIENTO;0;SIN VEREDA;173;ESTORAQUES;2;1077
5;0;SIN CORREGIMIENTO;0;SIN VEREDA;173;ESTORAQUES;9;178
5;0;SIN CORREGIMIENTO;0;SIN VEREDA;175;PUNTA ESTRELLA;1;7
5;0;SIN CORREGIMIENTO;0;SIN VEREDA;175;PUNTA ESTRELLA;2;10
5;0;SIN CORREGIMIENTO;0;SIN VEREDA;175;PUNTA ESTRELLA;9;2
5;0;SIN CORREGIMIENTO;0;SIN VEREDA;192;LA SALLE;1;1
5;0;SIN CORREGIMIENTO;0;SIN VEREDA;192;LA SALLE;2;4
5;0;SIN CORREGIMIENTO;0;SIN VEREDA;285;URBANIZACI‡N LOS BUCAROS;1;7
5;0;SIN CORREGIMIENTO;0;SIN VEREDA;285;URBANIZACI‡N LOS BUCAROS;2;30
5;0;SIN CORREGIMIENTO;0;SIN VEREDA;285;URBANIZACI‡N LOS BUCAROS;9;1
5;0;SIN CORREGIMIENTO;0;SIN VEREDA;296;LA PARCELA;2;1
5;0;SIN CORREGIMIENTO;0;SIN VEREDA;301;CERVUNION;2;1
5;0;SIN CORREGIMIENTO;0;SIN VEREDA;328;CAMPESTRE NORTE ;1;1
5;0;SIN CORREGIMIENTO;0;SIN VEREDA;328;CAMPESTRE NORTE ;2;1
5;0;SIN CORREGIMIENTO;0;SIN VEREDA;329;VILLA DEL PRADO;1;24
5;0;SIN CORREGIMIENTO;0;SIN VEREDA;329;VILLA DEL PRADO;2;118
5;0;SIN CORREGIMIENTO;0;SIN VEREDA;329;VILLA DEL PRADO;9;4
5;0;SIN CORREGIMIENTO;0;SIN VEREDA;336;12 DE FEBRERO;1;4
5;0;SIN CORREGIMIENTO;0;SIN VEREDA;336;12 DE FEBRERO;2;10
5;0;SIN CORREGIMIENTO;0;SIN VEREDA;370;CAMPO MADRID;2;3
6;0;SIN CORREGIMIENTO;0;SIN VEREDA;99;ALARC‡N;1;1
6;0;SIN CORREGIMIENTO;0;SIN VEREDA;99;ALARC‡N;2;1
6;0;SIN CORREGIMIENTO;0;SIN VEREDA;99;ALARC‡N;9;1
6;0;SIN CORREGIMIENTO;0;SIN VEREDA;130;CENTRO;2;4
6;0;SIN CORREGIMIENTO;0;SIN VEREDA;130;CENTRO;9;2
6;0;SIN CORREGIMIENTO;0;SIN VEREDA;135;LA CONCORDIA;1;177
6;0;SIN CORREGIMIENTO;0;SIN VEREDA;135;LA CONCORDIA;2;501
6;0;SIN CORREGIMIENTO;0;SIN VEREDA;135;LA CONCORDIA;9;52
6;0;SIN CORREGIMIENTO;0;SIN VEREDA;137;NUEVO SOTOMAYOR;1;1
6;0;SIN CORREGIMIENTO;0;SIN VEREDA;137;NUEVO SOTOMAYOR;2;4
6;0;SIN CORREGIMIENTO;0;SIN VEREDA;144;CHORRERAS DE DON JUAN;1;18
6;0;SIN CORREGIMIENTO;0;SIN VEREDA;144;CHORRERAS DE DON JUAN;2;96
6;0;SIN CORREGIMIENTO;0;SIN VEREDA;144;CHORRERAS DE DON JUAN;9;9
6;0;SIN CORREGIMIENTO;0;SIN VEREDA;145;CAMPO HERMOSO;1;1
6;0;SIN CORREGIMIENTO;0;SIN VEREDA;145;CAMPO HERMOSO;2;2
6;0;SIN CORREGIMIENTO;0;SIN VEREDA;145;CAMPO HERMOSO;9;2
6;0;SIN CORREGIMIENTO;0;SIN VEREDA;156;CANDILES;1;114
6;0;SIN CORREGIMIENTO;0;SIN VEREDA;156;CANDILES;2;447
6;0;SIN CORREGIMIENTO;0;SIN VEREDA;156;CANDILES;9;40
6;0;SIN CORREGIMIENTO;0;SIN VEREDA;157;SAN MIGUEL;1;226
6;0;SIN CORREGIMIENTO;0;SIN VEREDA;157;SAN MIGUEL;2;797
6;0;SIN CORREGIMIENTO;0;SIN VEREDA;157;SAN MIGUEL;9;67
6;0;SIN CORREGIMIENTO;0;SIN VEREDA;158;GOMEZ NI•O;1;2
6;0;SIN CORREGIMIENTO;0;SIN VEREDA;158;GOMEZ NI•O;2;35
6;0;SIN CORREGIMIENTO;0;SIN VEREDA;158;GOMEZ NI•O;9;7
6;0;SIN CORREGIMIENTO;0;SIN VEREDA;159;RICAURTE;1;113
6;0;SIN CORREGIMIENTO;0;SIN VEREDA;159;RICAURTE;2;447
6;0;SIN CORREGIMIENTO;0;SIN VEREDA;159;RICAURTE;9;41
6;0;SIN CORREGIMIENTO;0;SIN VEREDA;160;LA CEIBA;1;2
6;0;SIN CORREGIMIENTO;0;SIN VEREDA;160;LA CEIBA;2;16
6;0;SIN CORREGIMIENTO;0;SIN VEREDA;162;CIUDADELA REAL DE MINAS ;2;1
6;0;SIN CORREGIMIENTO;0;SIN VEREDA;180;CANELOS;1;1
6;0;SIN CORREGIMIENTO;0;SIN VEREDA;180;CANELOS;2;5
6;0;SIN CORREGIMIENTO;0;SIN VEREDA;191;LA VICTORIA;1;5
6;0;SIN CORREGIMIENTO;0;SIN VEREDA;191;LA VICTORIA;2;41
6;0;SIN CORREGIMIENTO;0;SIN VEREDA;191;LA VICTORIA;9;8
6;0;SIN CORREGIMIENTO;0;SIN VEREDA;194;CORDONCILLO I;1;2
6;0;SIN CORREGIMIENTO;0;SIN VEREDA;194;CORDONCILLO I;2;7
6;0;SIN CORREGIMIENTO;0;SIN VEREDA;195;PABLO VI;1;2
6;0;SIN CORREGIMIENTO;0;SIN VEREDA;195;PABLO VI;2;9
6;0;SIN CORREGIMIENTO;0;SIN VEREDA;195;PABLO VI;9;1
6;0;SIN CORREGIMIENTO;0;SIN VEREDA;274;BOL÷VAR;2;1
6;0;SIN CORREGIMIENTO;0;SIN VEREDA;286;MACAREGUA;2;1
6;0;SIN CORREGIMIENTO;0;SIN VEREDA;286;MACAREGUA;9;1
6;0;SIN CORREGIMIENTO;0;SIN VEREDA;308;LA CU•ITA;2;1
7;0;SIN CORREGIMIENTO;0;SIN VEREDA;131;ANTONIA SANTOS CENTRO;1;1
7;0;SIN CORREGIMIENTO;0;SIN VEREDA;131;ANTONIA SANTOS CENTRO;2;1
7;0;SIN CORREGIMIENTO;0;SIN VEREDA;158;GOMEZ NI•O;2;3
7;0;SIN CORREGIMIENTO;0;SIN VEREDA;158;GOMEZ NI•O;9;2
7;0;SIN CORREGIMIENTO;0;SIN VEREDA;159;RICAURTE;2;2
7;0;SIN CORREGIMIENTO;0;SIN VEREDA;162;CIUDADELA REAL DE MINAS ;1;12
7;0;SIN CORREGIMIENTO;0;SIN VEREDA;162;CIUDADELA REAL DE MINAS ;2;51
7;0;SIN CORREGIMIENTO;0;SIN VEREDA;162;CIUDADELA REAL DE MINAS ;9;5
7;0;SIN CORREGIMIENTO;0;SIN VEREDA;163;BALCONCITOS;1;122
7;0;SIN CORREGIMIENTO;0;SIN VEREDA;163;BALCONCITOS;2;338
7;0;SIN CORREGIMIENTO;0;SIN VEREDA;163;BALCONCITOS;9;21
7;0;SIN CORREGIMIENTO;0;SIN VEREDA;164;MUTIS;1;1
7;0;SIN CORREGIMIENTO;0;SIN VEREDA;164;MUTIS;2;6
7;0;SIN CORREGIMIENTO;0;SIN VEREDA;171;CIUDAD BOLIVAR;1;21
7;0;SIN CORREGIMIENTO;0;SIN VEREDA;171;CIUDAD BOLIVAR;2;73
7;0;SIN CORREGIMIENTO;0;SIN VEREDA;171;CIUDAD BOLIVAR;9;5
7;0;SIN CORREGIMIENTO;0;SIN VEREDA;177;LOS ALMENDROS;1;5
7;0;SIN CORREGIMIENTO;0;SIN VEREDA;177;LOS ALMENDROS;2;8
7;0;SIN CORREGIMIENTO;0;SIN VEREDA;178;SAN GERARDO I Y II;1;6
7;0;SIN CORREGIMIENTO;0;SIN VEREDA;178;SAN GERARDO I Y II;2;36
7;0;SIN CORREGIMIENTO;0;SIN VEREDA;178;SAN GERARDO I Y II;9;6
7;0;SIN CORREGIMIENTO;0;SIN VEREDA;180;CANELOS;2;2
7;0;SIN CORREGIMIENTO;0;SIN VEREDA;182;BUCARAMANGA;1;3
7;0;SIN CORREGIMIENTO;0;SIN VEREDA;182;BUCARAMANGA;2;15
7;0;SIN CORREGIMIENTO;0;SIN VEREDA;184;LAURELES;2;1
7;0;SIN CORREGIMIENTO;0;SIN VEREDA;187;LOS NARANJOS;1;1
7;0;SIN CORREGIMIENTO;0;SIN VEREDA;187;LOS NARANJOS;2;9
7;0;SIN CORREGIMIENTO;0;SIN VEREDA;189;SAMANES;1;2
7;0;SIN CORREGIMIENTO;0;SIN VEREDA;189;SAMANES;2;4
7;0;SIN CORREGIMIENTO;0;SIN VEREDA;273;BALCONES DE GRATAMIRA;1;1
7;0;SIN CORREGIMIENTO;0;SIN VEREDA;273;BALCONES DE GRATAMIRA;2;6
7;0;SIN CORREGIMIENTO;0;SIN VEREDA;273;BALCONES DE GRATAMIRA;9;1
7;0;SIN CORREGIMIENTO;0;SIN VEREDA;286;MACAREGUA;2;1
8;0;SIN CORREGIMIENTO;0;SIN VEREDA;12;CAFê MADRID EL TÈNEL;2;2
8;0;SIN CORREGIMIENTO;0;SIN VEREDA;18;5 DE ENERO;2;2
8;0;SIN CORREGIMIENTO;0;SIN VEREDA;35;MINUTO DE DIOS;1;1
8;0;SIN CORREGIMIENTO;0;SIN VEREDA;35;MINUTO DE DIOS;2;2
8;0;SIN CORREGIMIENTO;0;SIN VEREDA;115;BUENAVISTA;2;3
8;0;SIN CORREGIMIENTO;0;SIN VEREDA;160;LA CEIBA;1;1
8;0;SIN CORREGIMIENTO;0;SIN VEREDA;160;LA CEIBA;2;3
8;0;SIN CORREGIMIENTO;0;SIN VEREDA;178;SAN GERARDO I Y II;1;413
8;0;SIN CORREGIMIENTO;0;SIN VEREDA;178;SAN GERARDO I Y II;2;1428
8;0;SIN CORREGIMIENTO;0;SIN VEREDA;178;SAN GERARDO I Y II;9;164
8;0;SIN CORREGIMIENTO;0;SIN VEREDA;179;COLOMBIA;1;74
8;0;SIN CORREGIMIENTO;0;SIN VEREDA;179;COLOMBIA;2;191
8;0;SIN CORREGIMIENTO;0;SIN VEREDA;179;COLOMBIA;9;22
8;0;SIN CORREGIMIENTO;0;SIN VEREDA;180;CANELOS;1;261
8;0;SIN CORREGIMIENTO;0;SIN VEREDA;180;CANELOS;2;868
8;0;SIN CORREGIMIENTO;0;SIN VEREDA;180;CANELOS;9;79
8;0;SIN CORREGIMIENTO;0;SIN VEREDA;181;MANZANA 10;1;54
8;0;SIN CORREGIMIENTO;0;SIN VEREDA;181;MANZANA 10;2;199
8;0;SIN CORREGIMIENTO;0;SIN VEREDA;181;MANZANA 10;9;24
8;0;SIN CORREGIMIENTO;0;SIN VEREDA;182;BUCARAMANGA;1;788
8;0;SIN CORREGIMIENTO;0;SIN VEREDA;182;BUCARAMANGA;2;2622
8;0;SIN CORREGIMIENTO;0;SIN VEREDA;182;BUCARAMANGA;9;273
8;0;SIN CORREGIMIENTO;0;SIN VEREDA;183;PE•‡N DEL VALLE;2;5
8;0;SIN CORREGIMIENTO;0;SIN VEREDA;184;LAURELES;1;95
8;0;SIN CORREGIMIENTO;0;SIN VEREDA;184;LAURELES;2;311
8;0;SIN CORREGIMIENTO;0;SIN VEREDA;184;LAURELES;9;51
8;0;SIN CORREGIMIENTO;0;SIN VEREDA;185;CORDONCILLO II;1;77
8;0;SIN CORREGIMIENTO;0;SIN VEREDA;185;CORDONCILLO II;2;204
8;0;SIN CORREGIMIENTO;0;SIN VEREDA;185;CORDONCILLO II;9;24
8;0;SIN CORREGIMIENTO;0;SIN VEREDA;191;LA VICTORIA;2;7
8;0;SIN CORREGIMIENTO;0;SIN VEREDA;194;CORDONCILLO I;1;181
8;0;SIN CORREGIMIENTO;0;SIN VEREDA;194;CORDONCILLO I;2;587
8;0;SIN CORREGIMIENTO;0;SIN VEREDA;194;CORDONCILLO I;9;70
8;0;SIN CORREGIMIENTO;0;SIN VEREDA;195;PABLO VI;1;490
8;0;SIN CORREGIMIENTO;0;SIN VEREDA;195;PABLO VI;2;1583
8;0;SIN CORREGIMIENTO;0;SIN VEREDA;195;PABLO VI;9;158
8;0;SIN CORREGIMIENTO;0;SIN VEREDA;196;AFRIKA;1;52
8;0;SIN CORREGIMIENTO;0;SIN VEREDA;196;AFRIKA;2;185
8;0;SIN CORREGIMIENTO;0;SIN VEREDA;196;AFRIKA;9;24
8;0;SIN CORREGIMIENTO;0;SIN VEREDA;197;20 DE JULIO;1;25
8;0;SIN CORREGIMIENTO;0;SIN VEREDA;197;20 DE JULIO;2;61
8;0;SIN CORREGIMIENTO;0;SIN VEREDA;197;20 DE JULIO;9;11
8;0;SIN CORREGIMIENTO;0;SIN VEREDA;198;EL FONCE;1;3
8;0;SIN CORREGIMIENTO;0;SIN VEREDA;198;EL FONCE;2;4
8;0;SIN CORREGIMIENTO;0;SIN VEREDA;198;EL FONCE;9;1
8;0;SIN CORREGIMIENTO;0;SIN VEREDA;199;JUAN XXIII;1;315
8;0;SIN CORREGIMIENTO;0;SIN VEREDA;199;JUAN XXIII;2;827
8;0;SIN CORREGIMIENTO;0;SIN VEREDA;199;JUAN XXIII;9;105
8;0;SIN CORREGIMIENTO;0;SIN VEREDA;281;SAN IGNACIO REAL;1;2
8;0;SIN CORREGIMIENTO;0;SIN VEREDA;281;SAN IGNACIO REAL;2;2
8;0;SIN CORREGIMIENTO;0;SIN VEREDA;333;23 DE JUNIO;2;3
8;0;SIN CORREGIMIENTO;0;SIN VEREDA;349;JUAN XXIII CANCHA LA GUACAMAYA;1;8
8;0;SIN CORREGIMIENTO;0;SIN VEREDA;349;JUAN XXIII CANCHA LA GUACAMAYA;2;39
8;0;SIN CORREGIMIENTO;0;SIN VEREDA;349;JUAN XXIII CANCHA LA GUACAMAYA;9;11
9;0;SIN CORREGIMIENTO;0;SIN VEREDA;192;LA SALLE;1;1
9;0;SIN CORREGIMIENTO;0;SIN VEREDA;192;LA SALLE;2;9
9;0;SIN CORREGIMIENTO;0;SIN VEREDA;192;LA SALLE;9;1
9;0;SIN CORREGIMIENTO;0;SIN VEREDA;193;NUEVA GRANADA;1;84
9;0;SIN CORREGIMIENTO;0;SIN VEREDA;193;NUEVA GRANADA;2;276
9;0;SIN CORREGIMIENTO;0;SIN VEREDA;193;NUEVA GRANADA;9;23
9;0;SIN CORREGIMIENTO;0;SIN VEREDA;200;ANTONIA SANTOS SUR;1;19
9;0;SIN CORREGIMIENTO;0;SIN VEREDA;200;ANTONIA SANTOS SUR;2;88
9;0;SIN CORREGIMIENTO;0;SIN VEREDA;200;ANTONIA SANTOS SUR;9;3
9;0;SIN CORREGIMIENTO;0;SIN VEREDA;201;QUEBRADA LA IGLESIA;1;98
9;0;SIN CORREGIMIENTO;0;SIN VEREDA;201;QUEBRADA LA IGLESIA;2;282
9;0;SIN CORREGIMIENTO;0;SIN VEREDA;201;QUEBRADA LA IGLESIA;9;36
9;0;SIN CORREGIMIENTO;0;SIN VEREDA;202;SAN PEDRO;1;155
9;0;SIN CORREGIMIENTO;0;SIN VEREDA;202;SAN PEDRO;2;491
9;0;SIN CORREGIMIENTO;0;SIN VEREDA;202;SAN PEDRO;9;60
9;0;SIN CORREGIMIENTO;0;SIN VEREDA;203;SAN MART÷N;1;359
9;0;SIN CORREGIMIENTO;0;SIN VEREDA;203;SAN MART÷N;2;1203
9;0;SIN CORREGIMIENTO;0;SIN VEREDA;203;SAN MART÷N;9;124
9;0;SIN CORREGIMIENTO;0;SIN VEREDA;204;EL SOL I Y II;1;143
9;0;SIN CORREGIMIENTO;0;SIN VEREDA;204;EL SOL I Y II;2;491
9;0;SIN CORREGIMIENTO;0;SIN VEREDA;204;EL SOL I Y II;9;53
9;0;SIN CORREGIMIENTO;0;SIN VEREDA;205;GUAYACANES;1;1
9;0;SIN CORREGIMIENTO;0;SIN VEREDA;205;GUAYACANES;2;5
9;0;SIN CORREGIMIENTO;0;SIN VEREDA;207;LA PEDREGOSA;1;33
9;0;SIN CORREGIMIENTO;0;SIN VEREDA;207;LA PEDREGOSA;2;147
9;0;SIN CORREGIMIENTO;0;SIN VEREDA;207;LA PEDREGOSA;9;7
9;0;SIN CORREGIMIENTO;0;SIN VEREDA;208;DIAMANTE I;1;18
9;0;SIN CORREGIMIENTO;0;SIN VEREDA;208;DIAMANTE I;2;46
9;0;SIN CORREGIMIENTO;0;SIN VEREDA;208;DIAMANTE I;9;1
9;0;SIN CORREGIMIENTO;0;SIN VEREDA;209;LAS CASITAS;1;61
9;0;SIN CORREGIMIENTO;0;SIN VEREDA;209;LAS CASITAS;2;196
9;0;SIN CORREGIMIENTO;0;SIN VEREDA;209;LAS CASITAS;9;22
9;0;SIN CORREGIMIENTO;0;SIN VEREDA;210;VILLA INES;1;2
9;0;SIN CORREGIMIENTO;0;SIN VEREDA;210;VILLA INES;2;11
9;0;SIN CORREGIMIENTO;0;SIN VEREDA;210;VILLA INES;9;1
9;0;SIN CORREGIMIENTO;0;SIN VEREDA;211;ASTURIAS;1;1
9;0;SIN CORREGIMIENTO;0;SIN VEREDA;211;ASTURIAS;2;2
9;0;SIN CORREGIMIENTO;0;SIN VEREDA;211;ASTURIAS;9;1
9;0;SIN CORREGIMIENTO;0;SIN VEREDA;213;LA LIBERTAD;1;37
9;0;SIN CORREGIMIENTO;0;SIN VEREDA;213;LA LIBERTAD;2;138
9;0;SIN CORREGIMIENTO;0;SIN VEREDA;213;LA LIBERTAD;9;6
9;0;SIN CORREGIMIENTO;0;SIN VEREDA;239;MANUELA BELTRµN ;1;1
9;0;SIN CORREGIMIENTO;0;SIN VEREDA;239;MANUELA BELTRµN ;2;2
9;0;SIN CORREGIMIENTO;0;SIN VEREDA;239;MANUELA BELTRµN ;9;1
9;0;SIN CORREGIMIENTO;0;SIN VEREDA;288;PORTOFINO;2;1
9;0;SIN CORREGIMIENTO;0;SIN VEREDA;316;MIRADOR DE SAN LORENZO;1;1
9;0;SIN CORREGIMIENTO;0;SIN VEREDA;316;MIRADOR DE SAN LORENZO;2;4
10;0;SIN CORREGIMIENTO;0;SIN VEREDA;0;BARRIO_S4;1;1
10;0;SIN CORREGIMIENTO;0;SIN VEREDA;0;BARRIO_S4;2;2
10;0;SIN CORREGIMIENTO;0;SIN VEREDA;182;BUCARAMANGA;1;1
10;0;SIN CORREGIMIENTO;0;SIN VEREDA;182;BUCARAMANGA;2;2
10;0;SIN CORREGIMIENTO;0;SIN VEREDA;220;DIAMANTE II;1;3
10;0;SIN CORREGIMIENTO;0;SIN VEREDA;220;DIAMANTE II;2;36
10;0;SIN CORREGIMIENTO;0;SIN VEREDA;220;DIAMANTE II;9;4
10;0;SIN CORREGIMIENTO;0;SIN VEREDA;221;SAN LUIS;1;5
10;0;SIN CORREGIMIENTO;0;SIN VEREDA;221;SAN LUIS;2;28
10;0;SIN CORREGIMIENTO;0;SIN VEREDA;221;SAN LUIS;9;3
10;0;SIN CORREGIMIENTO;0;SIN VEREDA;222;PROVENZA;1;8
10;0;SIN CORREGIMIENTO;0;SIN VEREDA;222;PROVENZA;2;46
10;0;SIN CORREGIMIENTO;0;SIN VEREDA;222;PROVENZA;9;3
10;0;SIN CORREGIMIENTO;0;SIN VEREDA;225;EL CRISTAL;1;831
10;0;SIN CORREGIMIENTO;0;SIN VEREDA;225;EL CRISTAL;2;2434
10;0;SIN CORREGIMIENTO;0;SIN VEREDA;225;EL CRISTAL;9;342
10;0;SIN CORREGIMIENTO;0;SIN VEREDA;226;GRANJAS DE PROVENZA;1;288
10;0;SIN CORREGIMIENTO;0;SIN VEREDA;226;GRANJAS DE PROVENZA;2;813
10;0;SIN CORREGIMIENTO;0;SIN VEREDA;226;GRANJAS DE PROVENZA;9;130
10;0;SIN CORREGIMIENTO;0;SIN VEREDA;227;GRANJAS DE JULIO RINC‡N;2;1
10;0;SIN CORREGIMIENTO;0;SIN VEREDA;228;EL ROCIO;2;1
10;0;SIN CORREGIMIENTO;0;SIN VEREDA;233;"LUZ DE SALVACI‡N BAJO		";1;24
10;0;SIN CORREGIMIENTO;0;SIN VEREDA;233;"LUZ DE SALVACI‡N BAJO		";2;87
10;0;SIN CORREGIMIENTO;0;SIN VEREDA;233;"LUZ DE SALVACI‡N BAJO		";9;9
10;0;SIN CORREGIMIENTO;0;SIN VEREDA;234;DELICIAS ALTAS Y BAJAS SUR;1;2
10;0;SIN CORREGIMIENTO;0;SIN VEREDA;234;DELICIAS ALTAS Y BAJAS SUR;2;1
10;0;SIN CORREGIMIENTO;0;SIN VEREDA;234;DELICIAS ALTAS Y BAJAS SUR;9;1
10;0;SIN CORREGIMIENTO;0;SIN VEREDA;243;CIUDAD VENECIA ;1;1
10;0;SIN CORREGIMIENTO;0;SIN VEREDA;243;CIUDAD VENECIA ;2;3
10;0;SIN CORREGIMIENTO;0;SIN VEREDA;243;CIUDAD VENECIA ;9;1
10;0;SIN CORREGIMIENTO;0;SIN VEREDA;284;FONTANA;1;1
10;0;SIN CORREGIMIENTO;0;SIN VEREDA;284;FONTANA;2;9
10;0;SIN CORREGIMIENTO;0;SIN VEREDA;284;FONTANA;9;2
10;0;SIN CORREGIMIENTO;0;SIN VEREDA;317;NUEVA FONTANA;1;2
10;0;SIN CORREGIMIENTO;0;SIN VEREDA;317;NUEVA FONTANA;2;6
10;0;SIN CORREGIMIENTO;0;SIN VEREDA;326;VIVEROS DE PROVENZA;1;121
10;0;SIN CORREGIMIENTO;0;SIN VEREDA;326;VIVEROS DE PROVENZA;2;303
10;0;SIN CORREGIMIENTO;0;SIN VEREDA;326;VIVEROS DE PROVENZA;9;39
10;0;SIN CORREGIMIENTO;0;SIN VEREDA;327;LUZ DE SALVACI‡N ALTO;1;561
10;0;SIN CORREGIMIENTO;0;SIN VEREDA;327;LUZ DE SALVACI‡N ALTO;2;1334
10;0;SIN CORREGIMIENTO;0;SIN VEREDA;327;LUZ DE SALVACI‡N ALTO;9;221
10;0;SIN CORREGIMIENTO;0;SIN VEREDA;331;BRISAS DE PROVENZA ;1;326
10;0;SIN CORREGIMIENTO;0;SIN VEREDA;331;BRISAS DE PROVENZA ;2;882
10;0;SIN CORREGIMIENTO;0;SIN VEREDA;331;BRISAS DE PROVENZA ;9;153
11;0;SIN CORREGIMIENTO;0;SIN VEREDA;9;LAS DELICIAS;2;3
11;0;SIN CORREGIMIENTO;0;SIN VEREDA;12;CAFê MADRID EL TÈNEL;1;2
11;0;SIN CORREGIMIENTO;0;SIN VEREDA;12;CAFê MADRID EL TÈNEL;2;3
11;0;SIN CORREGIMIENTO;0;SIN VEREDA;142;ALFONSO L‡PEZ;2;1
11;0;SIN CORREGIMIENTO;0;SIN VEREDA;174;EL BUENO;1;2
11;0;SIN CORREGIMIENTO;0;SIN VEREDA;174;EL BUENO;2;3
11;0;SIN CORREGIMIENTO;0;SIN VEREDA;174;EL BUENO;9;2
11;0;SIN CORREGIMIENTO;0;SIN VEREDA;194;CORDONCILLO I;2;1
11;0;SIN CORREGIMIENTO;0;SIN VEREDA;222;PROVENZA;1;1
11;0;SIN CORREGIMIENTO;0;SIN VEREDA;222;PROVENZA;2;3
11;0;SIN CORREGIMIENTO;0;SIN VEREDA;223;PORVENIR BAJO;1;5
11;0;SIN CORREGIMIENTO;0;SIN VEREDA;223;PORVENIR BAJO;2;26
11;0;SIN CORREGIMIENTO;0;SIN VEREDA;223;PORVENIR BAJO;9;2
11;0;SIN CORREGIMIENTO;0;SIN VEREDA;225;EL CRISTAL;2;2
11;0;SIN CORREGIMIENTO;0;SIN VEREDA;226;GRANJAS DE PROVENZA;1;6
11;0;SIN CORREGIMIENTO;0;SIN VEREDA;226;GRANJAS DE PROVENZA;2;16
11;0;SIN CORREGIMIENTO;0;SIN VEREDA;227;GRANJAS DE JULIO RINC‡N;1;185
11;0;SIN CORREGIMIENTO;0;SIN VEREDA;227;GRANJAS DE JULIO RINC‡N;2;482
11;0;SIN CORREGIMIENTO;0;SIN VEREDA;227;GRANJAS DE JULIO RINC‡N;9;48
11;0;SIN CORREGIMIENTO;0;SIN VEREDA;228;EL ROCIO;1;167
11;0;SIN CORREGIMIENTO;0;SIN VEREDA;228;EL ROCIO;2;610
11;0;SIN CORREGIMIENTO;0;SIN VEREDA;228;EL ROCIO;9;36
11;0;SIN CORREGIMIENTO;0;SIN VEREDA;229;VILLA SARA;1;4
11;0;SIN CORREGIMIENTO;0;SIN VEREDA;229;VILLA SARA;2;13
11;0;SIN CORREGIMIENTO;0;SIN VEREDA;229;VILLA SARA;9;4
11;0;SIN CORREGIMIENTO;0;SIN VEREDA;230;VILLA ALICIA;1;3
11;0;SIN CORREGIMIENTO;0;SIN VEREDA;230;VILLA ALICIA;2;20
11;0;SIN CORREGIMIENTO;0;SIN VEREDA;230;VILLA ALICIA;9;1
11;0;SIN CORREGIMIENTO;0;SIN VEREDA;231;TOLEDO PLATA ;1;139
11;0;SIN CORREGIMIENTO;0;SIN VEREDA;231;TOLEDO PLATA ;2;495
11;0;SIN CORREGIMIENTO;0;SIN VEREDA;231;TOLEDO PLATA ;9;38
11;0;SIN CORREGIMIENTO;0;SIN VEREDA;232;DANGOND;1;124
11;0;SIN CORREGIMIENTO;0;SIN VEREDA;232;DANGOND;2;346
11;0;SIN CORREGIMIENTO;0;SIN VEREDA;232;DANGOND;9;34
11;0;SIN CORREGIMIENTO;0;SIN VEREDA;233;"LUZ DE SALVACI‡N BAJO		";1;175
11;0;SIN CORREGIMIENTO;0;SIN VEREDA;233;"LUZ DE SALVACI‡N BAJO		";2;500
11;0;SIN CORREGIMIENTO;0;SIN VEREDA;233;"LUZ DE SALVACI‡N BAJO		";9;81
11;0;SIN CORREGIMIENTO;0;SIN VEREDA;234;DELICIAS ALTAS Y BAJAS SUR;1;27
11;0;SIN CORREGIMIENTO;0;SIN VEREDA;234;DELICIAS ALTAS Y BAJAS SUR;2;97
11;0;SIN CORREGIMIENTO;0;SIN VEREDA;234;DELICIAS ALTAS Y BAJAS SUR;9;9
11;0;SIN CORREGIMIENTO;0;SIN VEREDA;236;VILLA CANDADO;1;12
11;0;SIN CORREGIMIENTO;0;SIN VEREDA;236;VILLA CANDADO;2;48
11;0;SIN CORREGIMIENTO;0;SIN VEREDA;236;VILLA CANDADO;9;3
11;0;SIN CORREGIMIENTO;0;SIN VEREDA;237;MALPASO;1;73
11;0;SIN CORREGIMIENTO;0;SIN VEREDA;237;MALPASO;2;258
11;0;SIN CORREGIMIENTO;0;SIN VEREDA;237;MALPASO;9;26
11;0;SIN CORREGIMIENTO;0;SIN VEREDA;238;EL PORVENIR;1;66
11;0;SIN CORREGIMIENTO;0;SIN VEREDA;238;EL PORVENIR;2;214
11;0;SIN CORREGIMIENTO;0;SIN VEREDA;238;EL PORVENIR;9;19
11;0;SIN CORREGIMIENTO;0;SIN VEREDA;239;MANUELA BELTRµN ;1;292
11;0;SIN CORREGIMIENTO;0;SIN VEREDA;239;MANUELA BELTRµN ;2;1024
11;0;SIN CORREGIMIENTO;0;SIN VEREDA;239;MANUELA BELTRµN ;9;94
11;0;SIN CORREGIMIENTO;0;SIN VEREDA;240;IGSABELAR;1;43
11;0;SIN CORREGIMIENTO;0;SIN VEREDA;240;IGSABELAR;2;134
11;0;SIN CORREGIMIENTO;0;SIN VEREDA;240;IGSABELAR;9;9
11;0;SIN CORREGIMIENTO;0;SIN VEREDA;241;SANTAMAR÷A;1;225
11;0;SIN CORREGIMIENTO;0;SIN VEREDA;241;SANTAMAR÷A;2;699
11;0;SIN CORREGIMIENTO;0;SIN VEREDA;241;SANTAMAR÷A;9;68
11;0;SIN CORREGIMIENTO;0;SIN VEREDA;242;COAVICONSA;1;7
11;0;SIN CORREGIMIENTO;0;SIN VEREDA;242;COAVICONSA;2;54
11;0;SIN CORREGIMIENTO;0;SIN VEREDA;242;COAVICONSA;9;3
11;0;SIN CORREGIMIENTO;0;SIN VEREDA;243;CIUDAD VENECIA ;1;117
11;0;SIN CORREGIMIENTO;0;SIN VEREDA;243;CIUDAD VENECIA ;2;301
11;0;SIN CORREGIMIENTO;0;SIN VEREDA;243;CIUDAD VENECIA ;9;27
11;0;SIN CORREGIMIENTO;0;SIN VEREDA;244;VILLA FLOR;1;10
11;0;SIN CORREGIMIENTO;0;SIN VEREDA;244;VILLA FLOR;2;28
11;0;SIN CORREGIMIENTO;0;SIN VEREDA;290;LOS CONQUISTADORES;1;240
11;0;SIN CORREGIMIENTO;0;SIN VEREDA;290;LOS CONQUISTADORES;2;572
11;0;SIN CORREGIMIENTO;0;SIN VEREDA;290;LOS CONQUISTADORES;9;87
11;0;SIN CORREGIMIENTO;0;SIN VEREDA;326;VIVEROS DE PROVENZA;1;3
11;0;SIN CORREGIMIENTO;0;SIN VEREDA;326;VIVEROS DE PROVENZA;2;8
11;0;SIN CORREGIMIENTO;0;SIN VEREDA;331;BRISAS DE PROVENZA ;1;2
11;0;SIN CORREGIMIENTO;0;SIN VEREDA;331;BRISAS DE PROVENZA ;2;13
11;0;SIN CORREGIMIENTO;0;SIN VEREDA;331;BRISAS DE PROVENZA ;9;4
11;0;SIN CORREGIMIENTO;0;SIN VEREDA;340;GRANJAS REAGAN;1;156
11;0;SIN CORREGIMIENTO;0;SIN VEREDA;340;GRANJAS REAGAN;2;465
11;0;SIN CORREGIMIENTO;0;SIN VEREDA;340;GRANJAS REAGAN;9;79
11;0;SIN CORREGIMIENTO;0;SIN VEREDA;344;BALCONES DEL SUR;1;195
11;0;SIN CORREGIMIENTO;0;SIN VEREDA;344;BALCONES DEL SUR;2;488
11;0;SIN CORREGIMIENTO;0;SIN VEREDA;344;BALCONES DEL SUR;9;88
11;0;SIN CORREGIMIENTO;0;SIN VEREDA;346;JARDINES DE ALTAGRACIA;2;1
11;0;SIN CORREGIMIENTO;0;SIN VEREDA;347;BRISAS DEL PARA÷SO ;1;200
11;0;SIN CORREGIMIENTO;0;SIN VEREDA;347;BRISAS DEL PARA÷SO ;2;626
11;0;SIN CORREGIMIENTO;0;SIN VEREDA;347;BRISAS DEL PARA÷SO ;9;91
11;0;SIN CORREGIMIENTO;0;SIN VEREDA;352;VILLAREAL;1;204
11;0;SIN CORREGIMIENTO;0;SIN VEREDA;352;VILLAREAL;2;522
11;0;SIN CORREGIMIENTO;0;SIN VEREDA;352;VILLAREAL;9;80
11;0;SIN CORREGIMIENTO;0;SIN VEREDA;361;VILLAS DEL NOGAL;1;224
11;0;SIN CORREGIMIENTO;0;SIN VEREDA;361;VILLAS DEL NOGAL;2;652
11;0;SIN CORREGIMIENTO;0;SIN VEREDA;361;VILLAS DEL NOGAL;9;102
11;0;SIN CORREGIMIENTO;0;SIN VEREDA;362;PUNTA PARAISO;1;213
11;0;SIN CORREGIMIENTO;0;SIN VEREDA;362;PUNTA PARAISO;2;604
11;0;SIN CORREGIMIENTO;0;SIN VEREDA;362;PUNTA PARAISO;9;88
11;0;SIN CORREGIMIENTO;0;SIN VEREDA;367;BRISAS DEL PALMAR;1;56
11;0;SIN CORREGIMIENTO;0;SIN VEREDA;367;BRISAS DEL PALMAR;2;162
11;0;SIN CORREGIMIENTO;0;SIN VEREDA;367;BRISAS DEL PALMAR;9;21
11;0;SIN CORREGIMIENTO;0;SIN VEREDA;999999;BARRIO_S4;2;9
11;0;SIN CORREGIMIENTO;0;SIN VEREDA;999999;BARRIO_S4;9;2
12;0;SIN CORREGIMIENTO;0;SIN VEREDA;121;QUEBRADA PAN DE AZÈCAR;1;3
12;0;SIN CORREGIMIENTO;0;SIN VEREDA;121;QUEBRADA PAN DE AZÈCAR;2;10
12;0;SIN CORREGIMIENTO;0;SIN VEREDA;121;QUEBRADA PAN DE AZÈCAR;9;1
12;0;SIN CORREGIMIENTO;0;SIN VEREDA;123;CABECERA DEL LLANO;2;3
12;0;SIN CORREGIMIENTO;0;SIN VEREDA;126;PAN DE AZUCAR;1;1
12;0;SIN CORREGIMIENTO;0;SIN VEREDA;126;PAN DE AZUCAR;2;6
12;0;SIN CORREGIMIENTO;0;SIN VEREDA;135;LA CONCORDIA;1;2
12;0;SIN CORREGIMIENTO;0;SIN VEREDA;135;LA CONCORDIA;2;10
12;0;SIN CORREGIMIENTO;0;SIN VEREDA;135;LA CONCORDIA;9;3
12;0;SIN CORREGIMIENTO;0;SIN VEREDA;136;SOTOMAYOR;2;14
12;0;SIN CORREGIMIENTO;0;SIN VEREDA;136;SOTOMAYOR;9;1
12;0;SIN CORREGIMIENTO;0;SIN VEREDA;138;BOLARQUI;2;4
12;0;SIN CORREGIMIENTO;0;SIN VEREDA;139;MERCEDES;1;1
12;0;SIN CORREGIMIENTO;0;SIN VEREDA;139;MERCEDES;2;5
12;0;SIN CORREGIMIENTO;0;SIN VEREDA;139;MERCEDES;9;2
12;0;SIN CORREGIMIENTO;0;SIN VEREDA;140;CONUCOS;1;1
12;0;SIN CORREGIMIENTO;0;SIN VEREDA;140;CONUCOS;2;3
12;0;SIN CORREGIMIENTO;0;SIN VEREDA;161;PUERTA DEL SOL;2;1
12;0;SIN CORREGIMIENTO;0;SIN VEREDA;161;PUERTA DEL SOL;9;1
12;0;SIN CORREGIMIENTO;0;SIN VEREDA;201;QUEBRADA LA IGLESIA;1;1
12;0;SIN CORREGIMIENTO;0;SIN VEREDA;201;QUEBRADA LA IGLESIA;2;4
13;0;SIN CORREGIMIENTO;0;SIN VEREDA;2;EL PAULON VILLA LINA;2;2
13;0;SIN CORREGIMIENTO;0;SIN VEREDA;2;EL PAULON VILLA LINA;9;1
13;0;SIN CORREGIMIENTO;0;SIN VEREDA;3;COLORADOS;1;2
13;0;SIN CORREGIMIENTO;0;SIN VEREDA;3;COLORADOS;2;5
13;0;SIN CORREGIMIENTO;0;SIN VEREDA;3;COLORADOS;9;1
13;0;SIN CORREGIMIENTO;0;SIN VEREDA;32;MAR÷A PAZ;2;5
13;0;SIN CORREGIMIENTO;0;SIN VEREDA;51;LIZCANO I Y II;1;3
13;0;SIN CORREGIMIENTO;0;SIN VEREDA;51;LIZCANO I Y II;2;7
13;0;SIN CORREGIMIENTO;0;SIN VEREDA;51;LIZCANO I Y II;9;3
13;0;SIN CORREGIMIENTO;0;SIN VEREDA;67;TRANSICI‡N I AL V;2;5
13;0;SIN CORREGIMIENTO;0;SIN VEREDA;75;SAN RAFAEL;1;1
13;0;SIN CORREGIMIENTO;0;SIN VEREDA;76;CHAPINERO;2;1
13;0;SIN CORREGIMIENTO;0;SIN VEREDA;79;LA FERIA;1;1
13;0;SIN CORREGIMIENTO;0;SIN VEREDA;79;LA FERIA;2;2
13;0;SIN CORREGIMIENTO;0;SIN VEREDA;95;COMUNEROS;2;1
13;0;SIN CORREGIMIENTO;0;SIN VEREDA;98;SAN FRANCISCO;2;1
13;0;SIN CORREGIMIENTO;0;SIN VEREDA;99;ALARC‡N;2;1
13;0;SIN CORREGIMIENTO;0;SIN VEREDA;100;SAN ALONSO;1;30
13;0;SIN CORREGIMIENTO;0;SIN VEREDA;100;SAN ALONSO;2;118
13;0;SIN CORREGIMIENTO;0;SIN VEREDA;100;SAN ALONSO;9;9
13;0;SIN CORREGIMIENTO;0;SIN VEREDA;102;LOS PINOS;2;3
13;0;SIN CORREGIMIENTO;0;SIN VEREDA;102;LOS PINOS;9;1
13;0;SIN CORREGIMIENTO;0;SIN VEREDA;104;EL VENADO DE ORO MORRORRICO;2;1
13;0;SIN CORREGIMIENTO;0;SIN VEREDA;107;LOS SAUCES;1;56
13;0;SIN CORREGIMIENTO;0;SIN VEREDA;107;LOS SAUCES;2;165
13;0;SIN CORREGIMIENTO;0;SIN VEREDA;107;LOS SAUCES;9;25
13;0;SIN CORREGIMIENTO;0;SIN VEREDA;110;MORRORRICO;1;1
13;0;SIN CORREGIMIENTO;0;SIN VEREDA;110;MORRORRICO;2;2
13;0;SIN CORREGIMIENTO;0;SIN VEREDA;112;EL DIVISO;1;1
13;0;SIN CORREGIMIENTO;0;SIN VEREDA;112;EL DIVISO;2;1
13;0;SIN CORREGIMIENTO;0;SIN VEREDA;112;EL DIVISO;9;1
13;0;SIN CORREGIMIENTO;0;SIN VEREDA;113;PUERTO RICO;1;83
13;0;SIN CORREGIMIENTO;0;SIN VEREDA;113;PUERTO RICO;2;197
13;0;SIN CORREGIMIENTO;0;SIN VEREDA;113;PUERTO RICO;9;26
13;0;SIN CORREGIMIENTO;0;SIN VEREDA;116;MIRAFLORES;2;6
13;0;SIN CORREGIMIENTO;0;SIN VEREDA;116;MIRAFLORES;9;2
13;0;SIN CORREGIMIENTO;0;SIN VEREDA;117;ALBANIA;1;4
13;0;SIN CORREGIMIENTO;0;SIN VEREDA;117;ALBANIA;2;21
13;0;SIN CORREGIMIENTO;0;SIN VEREDA;117;ALBANIA;9;3
13;0;SIN CORREGIMIENTO;0;SIN VEREDA;118;LAS AMêRICAS;2;2
13;0;SIN CORREGIMIENTO;0;SIN VEREDA;119;GALµN;1;3
13;0;SIN CORREGIMIENTO;0;SIN VEREDA;119;GALµN;2;8
13;0;SIN CORREGIMIENTO;0;SIN VEREDA;120;µLVAREZ;1;14
13;0;SIN CORREGIMIENTO;0;SIN VEREDA;120;µLVAREZ;2;88
13;0;SIN CORREGIMIENTO;0;SIN VEREDA;120;µLVAREZ;9;6
13;0;SIN CORREGIMIENTO;0;SIN VEREDA;122;EL PRADO;1;2
13;0;SIN CORREGIMIENTO;0;SIN VEREDA;122;EL PRADO;2;11
13;0;SIN CORREGIMIENTO;0;SIN VEREDA;122;EL PRADO;9;1
13;0;SIN CORREGIMIENTO;0;SIN VEREDA;130;CENTRO;1;9
13;0;SIN CORREGIMIENTO;0;SIN VEREDA;130;CENTRO;2;44
13;0;SIN CORREGIMIENTO;0;SIN VEREDA;130;CENTRO;9;6
13;0;SIN CORREGIMIENTO;0;SIN VEREDA;131;ANTONIA SANTOS CENTRO;1;52
13;0;SIN CORREGIMIENTO;0;SIN VEREDA;131;ANTONIA SANTOS CENTRO;2;199
13;0;SIN CORREGIMIENTO;0;SIN VEREDA;131;ANTONIA SANTOS CENTRO;9;19
13;0;SIN CORREGIMIENTO;0;SIN VEREDA;132;MEJORAS PUBLICAS;2;6
13;0;SIN CORREGIMIENTO;0;SIN VEREDA;133;LA AURORA;1;2
13;0;SIN CORREGIMIENTO;0;SIN VEREDA;133;LA AURORA;2;8
13;0;SIN CORREGIMIENTO;0;SIN VEREDA;133;LA AURORA;9;3
13;0;SIN CORREGIMIENTO;0;SIN VEREDA;136;SOTOMAYOR;1;1
13;0;SIN CORREGIMIENTO;0;SIN VEREDA;136;SOTOMAYOR;2;2
13;0;SIN CORREGIMIENTO;0;SIN VEREDA;142;ALFONSO L‡PEZ;2;3
13;0;SIN CORREGIMIENTO;0;SIN VEREDA;143;LA JOYA;1;1
13;0;SIN CORREGIMIENTO;0;SIN VEREDA;143;LA JOYA;2;1
13;0;SIN CORREGIMIENTO;0;SIN VEREDA;145;CAMPO HERMOSO;1;3
13;0;SIN CORREGIMIENTO;0;SIN VEREDA;145;CAMPO HERMOSO;2;5
13;0;SIN CORREGIMIENTO;0;SIN VEREDA;145;CAMPO HERMOSO;9;2
13;0;SIN CORREGIMIENTO;0;SIN VEREDA;154;EL PANTANO II;2;5
13;0;SIN CORREGIMIENTO;0;SIN VEREDA;164;MUTIS;2;1
13;0;SIN CORREGIMIENTO;0;SIN VEREDA;173;ESTORAQUES;1;5
13;0;SIN CORREGIMIENTO;0;SIN VEREDA;173;ESTORAQUES;2;6
13;0;SIN CORREGIMIENTO;0;SIN VEREDA;173;ESTORAQUES;9;1
13;0;SIN CORREGIMIENTO;0;SIN VEREDA;178;SAN GERARDO I Y II;2;4
13;0;SIN CORREGIMIENTO;0;SIN VEREDA;179;COLOMBIA;2;5
13;0;SIN CORREGIMIENTO;0;SIN VEREDA;182;BUCARAMANGA;2;2
13;0;SIN CORREGIMIENTO;0;SIN VEREDA;182;BUCARAMANGA;9;2
13;0;SIN CORREGIMIENTO;0;SIN VEREDA;184;LAURELES;1;1
13;0;SIN CORREGIMIENTO;0;SIN VEREDA;184;LAURELES;2;8
13;0;SIN CORREGIMIENTO;0;SIN VEREDA;184;LAURELES;9;3
13;0;SIN CORREGIMIENTO;0;SIN VEREDA;196;AFRIKA;2;2
13;0;SIN CORREGIMIENTO;0;SIN VEREDA;200;ANTONIA SANTOS SUR;1;5
13;0;SIN CORREGIMIENTO;0;SIN VEREDA;200;ANTONIA SANTOS SUR;2;2
13;0;SIN CORREGIMIENTO;0;SIN VEREDA;200;ANTONIA SANTOS SUR;9;2
13;0;SIN CORREGIMIENTO;0;SIN VEREDA;202;SAN PEDRO;1;1
13;0;SIN CORREGIMIENTO;0;SIN VEREDA;202;SAN PEDRO;2;3
13;0;SIN CORREGIMIENTO;0;SIN VEREDA;202;SAN PEDRO;9;1
13;0;SIN CORREGIMIENTO;0;SIN VEREDA;222;PROVENZA;2;2
13;0;SIN CORREGIMIENTO;0;SIN VEREDA;233;"LUZ DE SALVACI‡N BAJO		";1;1
13;0;SIN CORREGIMIENTO;0;SIN VEREDA;233;"LUZ DE SALVACI‡N BAJO		";2;4
13;0;SIN CORREGIMIENTO;0;SIN VEREDA;239;MANUELA BELTRµN ;2;1
13;0;SIN CORREGIMIENTO;0;SIN VEREDA;239;MANUELA BELTRµN ;9;1
13;0;SIN CORREGIMIENTO;0;SIN VEREDA;274;BOL÷VAR;1;4
13;0;SIN CORREGIMIENTO;0;SIN VEREDA;274;BOL÷VAR;2;41
13;0;SIN CORREGIMIENTO;0;SIN VEREDA;278;12 DE OCTUBRE;1;2
13;0;SIN CORREGIMIENTO;0;SIN VEREDA;278;12 DE OCTUBRE;2;8
13;0;SIN CORREGIMIENTO;0;SIN VEREDA;322;QUINTA BRIGADA;1;18
13;0;SIN CORREGIMIENTO;0;SIN VEREDA;322;QUINTA BRIGADA;2;79
13;0;SIN CORREGIMIENTO;0;SIN VEREDA;322;QUINTA BRIGADA;9;2
13;0;SIN CORREGIMIENTO;0;SIN VEREDA;327;LUZ DE SALVACI‡N ALTO;1;1
13;0;SIN CORREGIMIENTO;0;SIN VEREDA;327;LUZ DE SALVACI‡N ALTO;2;2
13;0;SIN CORREGIMIENTO;0;SIN VEREDA;328;CAMPESTRE NORTE ;1;2
13;0;SIN CORREGIMIENTO;0;SIN VEREDA;328;CAMPESTRE NORTE ;2;1
13;0;SIN CORREGIMIENTO;0;SIN VEREDA;331;BRISAS DE PROVENZA ;1;1
13;0;SIN CORREGIMIENTO;0;SIN VEREDA;331;BRISAS DE PROVENZA ;2;2
13;0;SIN CORREGIMIENTO;0;SIN VEREDA;340;GRANJAS REAGAN;2;1
13;0;SIN CORREGIMIENTO;0;SIN VEREDA;345;PASEO DE LA FERIA;2;1
13;0;SIN CORREGIMIENTO;0;SIN VEREDA;368;URBANIZACI‡N LA INMACULADA;1;5
13;0;SIN CORREGIMIENTO;0;SIN VEREDA;368;URBANIZACI‡N LA INMACULADA;2;9
13;0;SIN CORREGIMIENTO;0;SIN VEREDA;368;URBANIZACI‡N LA INMACULADA;9;1
13;0;SIN CORREGIMIENTO;0;SIN VEREDA;999999;BARRIO_S4;1;1
13;0;SIN CORREGIMIENTO;0;SIN VEREDA;999999;BARRIO_S4;2;2
14;0;SIN CORREGIMIENTO;0;SIN VEREDA;0;BARRIO_S4;2;2
14;0;SIN CORREGIMIENTO;0;SIN VEREDA;0;BARRIO_S4;9;1
14;0;SIN CORREGIMIENTO;0;SIN VEREDA;40;MIRAMAR;1;1
14;0;SIN CORREGIMIENTO;0;SIN VEREDA;40;MIRAMAR;2;1
14;0;SIN CORREGIMIENTO;0;SIN VEREDA;102;LOS PINOS;1;2
14;0;SIN CORREGIMIENTO;0;SIN VEREDA;102;LOS PINOS;2;1
14;0;SIN CORREGIMIENTO;0;SIN VEREDA;103;LA FLORA MORRORRICO;2;2
14;0;SIN CORREGIMIENTO;0;SIN VEREDA;104;EL VENADO DE ORO MORRORRICO;1;109
14;0;SIN CORREGIMIENTO;0;SIN VEREDA;104;EL VENADO DE ORO MORRORRICO;2;252
14;0;SIN CORREGIMIENTO;0;SIN VEREDA;104;EL VENADO DE ORO MORRORRICO;9;29
14;0;SIN CORREGIMIENTO;0;SIN VEREDA;105;LA MALA•A;1;66
14;0;SIN CORREGIMIENTO;0;SIN VEREDA;105;LA MALA•A;2;250
14;0;SIN CORREGIMIENTO;0;SIN VEREDA;105;LA MALA•A;9;24
14;0;SIN CORREGIMIENTO;0;SIN VEREDA;107;LOS SAUCES;1;7
14;0;SIN CORREGIMIENTO;0;SIN VEREDA;107;LOS SAUCES;2;31
14;0;SIN CORREGIMIENTO;0;SIN VEREDA;107;LOS SAUCES;9;6
14;0;SIN CORREGIMIENTO;0;SIN VEREDA;108;LIMONCITO MORRORRICO;1;258
14;0;SIN CORREGIMIENTO;0;SIN VEREDA;108;LIMONCITO MORRORRICO;2;873
14;0;SIN CORREGIMIENTO;0;SIN VEREDA;108;LIMONCITO MORRORRICO;9;131
14;0;SIN CORREGIMIENTO;0;SIN VEREDA;109;VEGAS DE MORRORRICO;1;190
14;0;SIN CORREGIMIENTO;0;SIN VEREDA;109;VEGAS DE MORRORRICO;2;519
14;0;SIN CORREGIMIENTO;0;SIN VEREDA;109;VEGAS DE MORRORRICO;9;57
14;0;SIN CORREGIMIENTO;0;SIN VEREDA;110;MORRORRICO;1;88
14;0;SIN CORREGIMIENTO;0;SIN VEREDA;110;MORRORRICO;2;297
14;0;SIN CORREGIMIENTO;0;SIN VEREDA;110;MORRORRICO;9;36
14;0;SIN CORREGIMIENTO;0;SIN VEREDA;112;EL DIVISO;1;271
14;0;SIN CORREGIMIENTO;0;SIN VEREDA;112;EL DIVISO;2;799
14;0;SIN CORREGIMIENTO;0;SIN VEREDA;112;EL DIVISO;9;110
14;0;SIN CORREGIMIENTO;0;SIN VEREDA;114;BUENOS AIRES;1;764
14;0;SIN CORREGIMIENTO;0;SIN VEREDA;114;BUENOS AIRES;2;2377
14;0;SIN CORREGIMIENTO;0;SIN VEREDA;114;BUENOS AIRES;9;335
14;0;SIN CORREGIMIENTO;0;SIN VEREDA;115;BUENAVISTA;1;310
14;0;SIN CORREGIMIENTO;0;SIN VEREDA;115;BUENAVISTA;2;1058
14;0;SIN CORREGIMIENTO;0;SIN VEREDA;115;BUENAVISTA;9;146
14;0;SIN CORREGIMIENTO;0;SIN VEREDA;116;MIRAFLORES;1;742
14;0;SIN CORREGIMIENTO;0;SIN VEREDA;116;MIRAFLORES;2;2391
14;0;SIN CORREGIMIENTO;0;SIN VEREDA;116;MIRAFLORES;9;326
14;0;SIN CORREGIMIENTO;0;SIN VEREDA;117;ALBANIA;1;593
14;0;SIN CORREGIMIENTO;0;SIN VEREDA;117;ALBANIA;2;1860
14;0;SIN CORREGIMIENTO;0;SIN VEREDA;117;ALBANIA;9;232
14;0;SIN CORREGIMIENTO;0;SIN VEREDA;142;ALFONSO L‡PEZ;2;1
14;0;SIN CORREGIMIENTO;0;SIN VEREDA;360;EL RETIRO MORRORRICO;1;297
14;0;SIN CORREGIMIENTO;0;SIN VEREDA;360;EL RETIRO MORRORRICO;2;888
14;0;SIN CORREGIMIENTO;0;SIN VEREDA;360;EL RETIRO MORRORRICO;9;122
14;0;SIN CORREGIMIENTO;0;SIN VEREDA;369;MIRAMANGA;1;155
14;0;SIN CORREGIMIENTO;0;SIN VEREDA;369;MIRAMANGA;2;354
14;0;SIN CORREGIMIENTO;0;SIN VEREDA;369;MIRAMANGA;9;54
15;0;SIN CORREGIMIENTO;0;SIN VEREDA;82;GIRARDOT;2;1
15;0;SIN CORREGIMIENTO;0;SIN VEREDA;130;CENTRO;1;53
15;0;SIN CORREGIMIENTO;0;SIN VEREDA;130;CENTRO;2;190
15;0;SIN CORREGIMIENTO;0;SIN VEREDA;130;CENTRO;9;15
15;0;SIN CORREGIMIENTO;0;SIN VEREDA;131;ANTONIA SANTOS CENTRO;1;1
15;0;SIN CORREGIMIENTO;0;SIN VEREDA;131;ANTONIA SANTOS CENTRO;2;12
15;0;SIN CORREGIMIENTO;0;SIN VEREDA;131;ANTONIA SANTOS CENTRO;9;1
15;0;SIN CORREGIMIENTO;0;SIN VEREDA;139;MERCEDES;1;3
15;0;SIN CORREGIMIENTO;0;SIN VEREDA;139;MERCEDES;2;3
15;0;SIN CORREGIMIENTO;0;SIN VEREDA;141;GARC÷A ROVIRA;1;23
15;0;SIN CORREGIMIENTO;0;SIN VEREDA;141;GARC÷A ROVIRA;2;87
15;0;SIN CORREGIMIENTO;0;SIN VEREDA;141;GARC÷A ROVIRA;9;15
15;0;SIN CORREGIMIENTO;0;SIN VEREDA;142;ALFONSO L‡PEZ;1;2
15;0;SIN CORREGIMIENTO;0;SIN VEREDA;142;ALFONSO L‡PEZ;2;31
15;0;SIN CORREGIMIENTO;0;SIN VEREDA;142;ALFONSO L‡PEZ;9;3
15;0;SIN CORREGIMIENTO;0;SIN VEREDA;143;LA JOYA;1;1
15;0;SIN CORREGIMIENTO;0;SIN VEREDA;144;CHORRERAS DE DON JUAN;2;5
15;0;SIN CORREGIMIENTO;0;SIN VEREDA;274;BOL÷VAR;1;1
15;0;SIN CORREGIMIENTO;0;SIN VEREDA;274;BOL÷VAR;2;1
16;0;SIN CORREGIMIENTO;0;SIN VEREDA;203;SAN MART÷N;2;3
16;0;SIN CORREGIMIENTO;0;SIN VEREDA;205;GUAYACANES;1;54
16;0;SIN CORREGIMIENTO;0;SIN VEREDA;205;GUAYACANES;2;129
16;0;SIN CORREGIMIENTO;0;SIN VEREDA;205;GUAYACANES;9;17
16;0;SIN CORREGIMIENTO;0;SIN VEREDA;207;LA PEDREGOSA;1;32
16;0;SIN CORREGIMIENTO;0;SIN VEREDA;207;LA PEDREGOSA;2;128
16;0;SIN CORREGIMIENTO;0;SIN VEREDA;207;LA PEDREGOSA;9;11
16;0;SIN CORREGIMIENTO;0;SIN VEREDA;215;PORTON DEL TEJAR;2;4
16;0;SIN CORREGIMIENTO;0;SIN VEREDA;216;ALTOS DEL CACIQUE;1;3
16;0;SIN CORREGIMIENTO;0;SIN VEREDA;216;ALTOS DEL CACIQUE;2;7
16;0;SIN CORREGIMIENTO;0;SIN VEREDA;217;HACIENDA SAN JUAN;1;1
16;0;SIN CORREGIMIENTO;0;SIN VEREDA;217;HACIENDA SAN JUAN;2;6
16;0;SIN CORREGIMIENTO;0;SIN VEREDA;217;HACIENDA SAN JUAN;9;1
16;0;SIN CORREGIMIENTO;0;SIN VEREDA;218;SAN EXPEDITO;1;74
16;0;SIN CORREGIMIENTO;0;SIN VEREDA;218;SAN EXPEDITO;2;216
16;0;SIN CORREGIMIENTO;0;SIN VEREDA;218;SAN EXPEDITO;9;27
16;0;SIN CORREGIMIENTO;0;SIN VEREDA;219;SANTA BARBARA CASAS;1;5
16;0;SIN CORREGIMIENTO;0;SIN VEREDA;219;SANTA BARBARA CASAS;2;21
16;0;SIN CORREGIMIENTO;0;SIN VEREDA;219;SANTA BARBARA CASAS;9;2
16;0;SIN CORREGIMIENTO;0;SIN VEREDA;315;LAGOS DEL CACIQUE;1;1
16;0;SIN CORREGIMIENTO;0;SIN VEREDA;315;LAGOS DEL CACIQUE;2;6
16;0;SIN CORREGIMIENTO;0;SIN VEREDA;341;BOSQUE DEL CACIQUE;1;4
16;0;SIN CORREGIMIENTO;0;SIN VEREDA;341;BOSQUE DEL CACIQUE;2;29
16;0;SIN CORREGIMIENTO;0;SIN VEREDA;341;BOSQUE DEL CACIQUE;9;3
17;0;SIN CORREGIMIENTO;0;SIN VEREDA;110;MORRORRICO;1;1
17;0;SIN CORREGIMIENTO;0;SIN VEREDA;110;MORRORRICO;2;1
17;0;SIN CORREGIMIENTO;0;SIN VEREDA;152;QUINTA ESTRELLA;1;1
17;0;SIN CORREGIMIENTO;0;SIN VEREDA;152;QUINTA ESTRELLA;2;1
17;0;SIN CORREGIMIENTO;0;SIN VEREDA;162;CIUDADELA REAL DE MINAS ;1;1
17;0;SIN CORREGIMIENTO;0;SIN VEREDA;162;CIUDADELA REAL DE MINAS ;2;7
17;0;SIN CORREGIMIENTO;0;SIN VEREDA;164;MUTIS;1;118
17;0;SIN CORREGIMIENTO;0;SIN VEREDA;164;MUTIS;2;487
17;0;SIN CORREGIMIENTO;0;SIN VEREDA;164;MUTIS;9;48
17;0;SIN CORREGIMIENTO;0;SIN VEREDA;165;BRISAS DEL MUTIS;1;11
17;0;SIN CORREGIMIENTO;0;SIN VEREDA;165;BRISAS DEL MUTIS;2;43
17;0;SIN CORREGIMIENTO;0;SIN VEREDA;165;BRISAS DEL MUTIS;9;4
17;0;SIN CORREGIMIENTO;0;SIN VEREDA;166;MONTERREDONDO;1;244
17;0;SIN CORREGIMIENTO;0;SIN VEREDA;166;MONTERREDONDO;2;839
17;0;SIN CORREGIMIENTO;0;SIN VEREDA;166;MONTERREDONDO;9;103
17;0;SIN CORREGIMIENTO;0;SIN VEREDA;168;FUNDADORES I Y II;1;3
17;0;SIN CORREGIMIENTO;0;SIN VEREDA;168;FUNDADORES I Y II;2;8
17;0;SIN CORREGIMIENTO;0;SIN VEREDA;168;FUNDADORES I Y II;9;1
17;0;SIN CORREGIMIENTO;0;SIN VEREDA;170;MANZANARES;1;6
17;0;SIN CORREGIMIENTO;0;SIN VEREDA;170;MANZANARES;2;24
17;0;SIN CORREGIMIENTO;0;SIN VEREDA;170;MANZANARES;9;2
17;0;SIN CORREGIMIENTO;0;SIN VEREDA;172;PRADOS DEL MUTIS;1;14
17;0;SIN CORREGIMIENTO;0;SIN VEREDA;172;PRADOS DEL MUTIS;2;65
17;0;SIN CORREGIMIENTO;0;SIN VEREDA;172;PRADOS DEL MUTIS;9;3
17;0;SIN CORREGIMIENTO;0;SIN VEREDA;173;ESTORAQUES;1;786
17;0;SIN CORREGIMIENTO;0;SIN VEREDA;173;ESTORAQUES;2;2203
17;0;SIN CORREGIMIENTO;0;SIN VEREDA;173;ESTORAQUES;9;270
17;0;SIN CORREGIMIENTO;0;SIN VEREDA;174;EL BUENO;1;1
17;0;SIN CORREGIMIENTO;0;SIN VEREDA;174;EL BUENO;2;7
17;0;SIN CORREGIMIENTO;0;SIN VEREDA;176;LOS HêROES;1;15
17;0;SIN CORREGIMIENTO;0;SIN VEREDA;176;LOS HêROES;2;67
17;0;SIN CORREGIMIENTO;0;SIN VEREDA;176;LOS HêROES;9;8
17;0;SIN CORREGIMIENTO;0;SIN VEREDA;360;EL RETIRO MORRORRICO;1;2
17;0;SIN CORREGIMIENTO;0;SIN VEREDA;360;EL RETIRO MORRORRICO;2;1
17;0;SIN CORREGIMIENTO;0;SIN VEREDA;360;EL RETIRO MORRORRICO;9;2
17;0;SIN CORREGIMIENTO;0;SIN VEREDA;363;LA GRAN LADERA;1;157
17;0;SIN CORREGIMIENTO;0;SIN VEREDA;363;LA GRAN LADERA;2;376
17;0;SIN CORREGIMIENTO;0;SIN VEREDA;363;LA GRAN LADERA;9;61
99;0;SIN CORREGIMIENTO;0;SIN VEREDA;0;BARRIO_S4;1;10
99;0;SIN CORREGIMIENTO;0;SIN VEREDA;0;BARRIO_S4;2;35
99;0;SIN CORREGIMIENTO;0;SIN VEREDA;0;BARRIO_S4;9;7
99;0;SIN CORREGIMIENTO;246;EL PEDREGAL;0;BARRIO_S4;1;1
99;0;SIN CORREGIMIENTO;246;EL PEDREGAL;0;BARRIO_S4;2;2
99;0;SIN CORREGIMIENTO;255;LOS SANTOS;0;BARRIO_S4;1;10
99;0;SIN CORREGIMIENTO;255;LOS SANTOS;0;BARRIO_S4;2;23
99;0;SIN CORREGIMIENTO;255;LOS SANTOS;0;BARRIO_S4;9;6
99;0;SIN CORREGIMIENTO;261;VIJAGUAL;0;BARRIO_S4;1;1
99;0;SIN CORREGIMIENTO;261;VIJAGUAL;0;BARRIO_S4;2;6
99;0;SIN CORREGIMIENTO;261;VIJAGUAL;0;BARRIO_S4;9;2
99;0;SIN CORREGIMIENTO;267;LA SABANA;0;BARRIO_S4;2;4
99;0;SIN CORREGIMIENTO;269;ANGELINOS;0;BARRIO_S4;2;1
99;0;SIN CORREGIMIENTO;277;SANTA BARBARA;0;BARRIO_S4;1;3
99;0;SIN CORREGIMIENTO;277;SANTA BARBARA;0;BARRIO_S4;2;8
99;0;SIN CORREGIMIENTO;277;SANTA BARBARA;0;BARRIO_S4;9;1
99;0;SIN CORREGIMIENTO;295;EL NOGAL;0;BARRIO_S4;1;17
99;0;SIN CORREGIMIENTO;295;EL NOGAL;0;BARRIO_S4;2;40
99;0;SIN CORREGIMIENTO;295;EL NOGAL;0;BARRIO_S4;9;8
99;0;SIN CORREGIMIENTO;358;VILLA CARMELO;0;BARRIO_S4;1;4
99;0;SIN CORREGIMIENTO;358;VILLA CARMELO;0;BARRIO_S4;2;8
99;0;SIN CORREGIMIENTO;358;VILLA CARMELO;0;BARRIO_S4;9;2
99;0;SIN CORREGIMIENTO;364;VILLA LUZ CAMPESTRE;0;BARRIO_S4;1;1
99;0;SIN CORREGIMIENTO;364;VILLA LUZ CAMPESTRE;0;BARRIO_S4;2;3
99;0;SIN CORREGIMIENTO;364;VILLA LUZ CAMPESTRE;0;BARRIO_S4;9;1
99;1;CORREGIMIENTO UNO;0;SIN VEREDA;0;BARRIO_S4;1;37
99;1;CORREGIMIENTO UNO;0;SIN VEREDA;0;BARRIO_S4;2;120
99;1;CORREGIMIENTO UNO;0;SIN VEREDA;0;BARRIO_S4;9;14
99;1;CORREGIMIENTO UNO;246;EL PEDREGAL;0;BARRIO_S4;1;3
99;1;CORREGIMIENTO UNO;246;EL PEDREGAL;0;BARRIO_S4;2;8
99;1;CORREGIMIENTO UNO;246;EL PEDREGAL;0;BARRIO_S4;9;1
99;1;CORREGIMIENTO UNO;248;LA MALA•A;0;BARRIO_S4;2;1
99;1;CORREGIMIENTO UNO;250;RETIRO GRANDE;0;BARRIO_S4;1;1
99;1;CORREGIMIENTO UNO;250;RETIRO GRANDE;0;BARRIO_S4;2;2
99;1;CORREGIMIENTO UNO;250;RETIRO GRANDE;0;BARRIO_S4;9;1
99;1;CORREGIMIENTO UNO;255;LOS SANTOS;0;BARRIO_S4;1;2
99;1;CORREGIMIENTO UNO;255;LOS SANTOS;0;BARRIO_S4;2;3
99;1;CORREGIMIENTO UNO;261;VIJAGUAL;0;BARRIO_S4;1;36
99;1;CORREGIMIENTO UNO;261;VIJAGUAL;0;BARRIO_S4;2;162
99;1;CORREGIMIENTO UNO;261;VIJAGUAL;0;BARRIO_S4;9;13
99;1;CORREGIMIENTO UNO;262;SAN CAYETANO;0;BARRIO_S4;1;26
99;1;CORREGIMIENTO UNO;262;SAN CAYETANO;0;BARRIO_S4;2;106
99;1;CORREGIMIENTO UNO;262;SAN CAYETANO;0;BARRIO_S4;9;13
99;1;CORREGIMIENTO UNO;263;EL ABURRIDO;0;BARRIO_S4;1;46
99;1;CORREGIMIENTO UNO;263;EL ABURRIDO;0;BARRIO_S4;2;156
99;1;CORREGIMIENTO UNO;263;EL ABURRIDO;0;BARRIO_S4;9;11
99;1;CORREGIMIENTO UNO;264;SAN PEDRO ALTO;0;BARRIO_S4;1;8
99;1;CORREGIMIENTO UNO;264;SAN PEDRO ALTO;0;BARRIO_S4;2;56
99;1;CORREGIMIENTO UNO;264;SAN PEDRO ALTO;0;BARRIO_S4;9;5
99;1;CORREGIMIENTO UNO;265;SANTA RITA;0;BARRIO_S4;1;30
99;1;CORREGIMIENTO UNO;265;SANTA RITA;0;BARRIO_S4;2;58
99;1;CORREGIMIENTO UNO;265;SANTA RITA;0;BARRIO_S4;9;8
99;1;CORREGIMIENTO UNO;266;SAN IGNACIO;0;BARRIO_S4;1;26
99;1;CORREGIMIENTO UNO;266;SAN IGNACIO;0;BARRIO_S4;2;145
99;1;CORREGIMIENTO UNO;266;SAN IGNACIO;0;BARRIO_S4;9;16
99;1;CORREGIMIENTO UNO;267;LA SABANA;0;BARRIO_S4;1;59
99;1;CORREGIMIENTO UNO;267;LA SABANA;0;BARRIO_S4;2;230
99;1;CORREGIMIENTO UNO;267;LA SABANA;0;BARRIO_S4;9;21
99;1;CORREGIMIENTO UNO;268;LA ESMERALDA;0;BARRIO_S4;1;54
99;1;CORREGIMIENTO UNO;268;LA ESMERALDA;0;BARRIO_S4;2;149
99;1;CORREGIMIENTO UNO;268;LA ESMERALDA;0;BARRIO_S4;9;16
99;1;CORREGIMIENTO UNO;269;ANGELINOS;0;BARRIO_S4;1;97
99;1;CORREGIMIENTO UNO;269;ANGELINOS;0;BARRIO_S4;2;296
99;1;CORREGIMIENTO UNO;269;ANGELINOS;0;BARRIO_S4;9;34
99;1;CORREGIMIENTO UNO;275;SAN PEDRO BAJO;0;BARRIO_S4;1;71
99;1;CORREGIMIENTO UNO;275;SAN PEDRO BAJO;0;BARRIO_S4;2;226
99;1;CORREGIMIENTO UNO;275;SAN PEDRO BAJO;0;BARRIO_S4;9;30
99;1;CORREGIMIENTO UNO;277;SANTA BARBARA;0;BARRIO_S4;1;2
99;1;CORREGIMIENTO UNO;277;SANTA BARBARA;0;BARRIO_S4;2;4
99;1;CORREGIMIENTO UNO;282;CAPILLA BAJA;0;BARRIO_S4;1;2
99;1;CORREGIMIENTO UNO;282;CAPILLA BAJA;0;BARRIO_S4;2;5
99;1;CORREGIMIENTO UNO;282;CAPILLA BAJA;0;BARRIO_S4;9;1
99;1;CORREGIMIENTO UNO;295;EL NOGAL;0;BARRIO_S4;1;182
99;1;CORREGIMIENTO UNO;295;EL NOGAL;0;BARRIO_S4;2;501
99;1;CORREGIMIENTO UNO;295;EL NOGAL;0;BARRIO_S4;9;85
99;1;CORREGIMIENTO UNO;355;EL PEDREGAL;0;BARRIO_S4;2;3
99;1;CORREGIMIENTO UNO;355;EL PEDREGAL;0;BARRIO_S4;9;1
99;1;CORREGIMIENTO UNO;358;VILLA CARMELO;0;BARRIO_S4;1;177
99;1;CORREGIMIENTO UNO;358;VILLA CARMELO;0;BARRIO_S4;2;585
99;1;CORREGIMIENTO UNO;358;VILLA CARMELO;0;BARRIO_S4;9;80
99;1;CORREGIMIENTO UNO;364;VILLA LUZ CAMPESTRE;0;BARRIO_S4;1;103
99;1;CORREGIMIENTO UNO;364;VILLA LUZ CAMPESTRE;0;BARRIO_S4;2;283
99;1;CORREGIMIENTO UNO;364;VILLA LUZ CAMPESTRE;0;BARRIO_S4;9;51
99;1;CORREGIMIENTO UNO;999;SIN VEREDA;0;BARRIO_S4;2;5
99;2;CORREGIMIENTO DOS;0;SIN VEREDA;0;BARRIO_S4;1;36
99;2;CORREGIMIENTO DOS;0;SIN VEREDA;0;BARRIO_S4;2;135
99;2;CORREGIMIENTO DOS;0;SIN VEREDA;0;BARRIO_S4;9;12
99;2;CORREGIMIENTO DOS;246;EL PEDREGAL;0;BARRIO_S4;1;2
99;2;CORREGIMIENTO DOS;246;EL PEDREGAL;0;BARRIO_S4;2;9
99;2;CORREGIMIENTO DOS;251;SAN JOSE;0;BARRIO_S4;2;3
99;2;CORREGIMIENTO DOS;253;ROSA BLANCA;0;BARRIO_S4;1;35
99;2;CORREGIMIENTO DOS;253;ROSA BLANCA;0;BARRIO_S4;2;144
99;2;CORREGIMIENTO DOS;253;ROSA BLANCA;0;BARRIO_S4;9;15
99;2;CORREGIMIENTO DOS;254;CUCHILLA ALTA;0;BARRIO_S4;1;17
99;2;CORREGIMIENTO DOS;254;CUCHILLA ALTA;0;BARRIO_S4;2;58
99;2;CORREGIMIENTO DOS;254;CUCHILLA ALTA;0;BARRIO_S4;9;7
99;2;CORREGIMIENTO DOS;255;LOS SANTOS;0;BARRIO_S4;1;47
99;2;CORREGIMIENTO DOS;255;LOS SANTOS;0;BARRIO_S4;2;172
99;2;CORREGIMIENTO DOS;255;LOS SANTOS;0;BARRIO_S4;9;23
99;2;CORREGIMIENTO DOS;256;CAPILLA ALTA;0;BARRIO_S4;1;38
99;2;CORREGIMIENTO DOS;256;CAPILLA ALTA;0;BARRIO_S4;2;134
99;2;CORREGIMIENTO DOS;256;CAPILLA ALTA;0;BARRIO_S4;9;22
99;2;CORREGIMIENTO DOS;258;BOLARQU÷ BAJO;0;BARRIO_S4;1;32
99;2;CORREGIMIENTO DOS;258;BOLARQU÷ BAJO;0;BARRIO_S4;2;89
99;2;CORREGIMIENTO DOS;258;BOLARQU÷ BAJO;0;BARRIO_S4;9;7
99;2;CORREGIMIENTO DOS;259;MONSERRATE;0;BARRIO_S4;1;25
99;2;CORREGIMIENTO DOS;259;MONSERRATE;0;BARRIO_S4;2;118
99;2;CORREGIMIENTO DOS;259;MONSERRATE;0;BARRIO_S4;9;7
99;2;CORREGIMIENTO DOS;260;MAGUEYES;0;BARRIO_S4;1;34
99;2;CORREGIMIENTO DOS;260;MAGUEYES;0;BARRIO_S4;2;136
99;2;CORREGIMIENTO DOS;260;MAGUEYES;0;BARRIO_S4;9;9
99;2;CORREGIMIENTO DOS;265;SANTA RITA;0;BARRIO_S4;1;12
99;2;CORREGIMIENTO DOS;265;SANTA RITA;0;BARRIO_S4;2;65
99;2;CORREGIMIENTO DOS;265;SANTA RITA;0;BARRIO_S4;9;7
99;2;CORREGIMIENTO DOS;267;LA SABANA;0;BARRIO_S4;2;4
99;2;CORREGIMIENTO DOS;269;ANGELINOS;0;BARRIO_S4;1;5
99;2;CORREGIMIENTO DOS;269;ANGELINOS;0;BARRIO_S4;2;13
99;2;CORREGIMIENTO DOS;269;ANGELINOS;0;BARRIO_S4;9;4
99;2;CORREGIMIENTO DOS;282;CAPILLA BAJA;0;BARRIO_S4;1;70
99;2;CORREGIMIENTO DOS;282;CAPILLA BAJA;0;BARRIO_S4;2;224
99;2;CORREGIMIENTO DOS;282;CAPILLA BAJA;0;BARRIO_S4;9;15
99;2;CORREGIMIENTO DOS;283;BOLARQU÷ ALTO;0;BARRIO_S4;1;27
99;2;CORREGIMIENTO DOS;283;BOLARQU÷ ALTO;0;BARRIO_S4;2;96
99;2;CORREGIMIENTO DOS;283;BOLARQU÷ ALTO;0;BARRIO_S4;9;8
99;2;CORREGIMIENTO DOS;295;EL NOGAL;0;BARRIO_S4;1;4
99;2;CORREGIMIENTO DOS;295;EL NOGAL;0;BARRIO_S4;2;8
99;2;CORREGIMIENTO DOS;295;EL NOGAL;0;BARRIO_S4;9;1
99;2;CORREGIMIENTO DOS;358;VILLA CARMELO;0;BARRIO_S4;1;1
99;2;CORREGIMIENTO DOS;358;VILLA CARMELO;0;BARRIO_S4;2;5
99;2;CORREGIMIENTO DOS;358;VILLA CARMELO;0;BARRIO_S4;9;1
99;2;CORREGIMIENTO DOS;364;VILLA LUZ CAMPESTRE;0;BARRIO_S4;1;2
99;2;CORREGIMIENTO DOS;364;VILLA LUZ CAMPESTRE;0;BARRIO_S4;2;6
99;2;CORREGIMIENTO DOS;364;VILLA LUZ CAMPESTRE;0;BARRIO_S4;9;1
99;2;CORREGIMIENTO DOS;527;RETIRO GRANDE PARTE BAJA;0;BARRIO_S4;1;7
99;2;CORREGIMIENTO DOS;527;RETIRO GRANDE PARTE BAJA;0;BARRIO_S4;2;18
99;2;CORREGIMIENTO DOS;527;RETIRO GRANDE PARTE BAJA;0;BARRIO_S4;9;1
99;3;CORREGIMIENTO TRES;0;SIN VEREDA;0;BARRIO_S4;2;1
99;3;CORREGIMIENTO TRES;246;EL PEDREGAL;0;BARRIO_S4;1;36
99;3;CORREGIMIENTO TRES;246;EL PEDREGAL;0;BARRIO_S4;2;129
99;3;CORREGIMIENTO TRES;246;EL PEDREGAL;0;BARRIO_S4;9;20
99;3;CORREGIMIENTO TRES;248;LA MALA•A;0;BARRIO_S4;1;87
99;3;CORREGIMIENTO TRES;248;LA MALA•A;0;BARRIO_S4;2;279
99;3;CORREGIMIENTO TRES;248;LA MALA•A;0;BARRIO_S4;9;29
99;3;CORREGIMIENTO TRES;249;EL GUALILO ALTO;0;BARRIO_S4;1;46
99;3;CORREGIMIENTO TRES;249;EL GUALILO ALTO;0;BARRIO_S4;2;155
99;3;CORREGIMIENTO TRES;249;EL GUALILO ALTO;0;BARRIO_S4;9;13
99;3;CORREGIMIENTO TRES;250;RETIRO GRANDE;0;BARRIO_S4;1;19
99;3;CORREGIMIENTO TRES;250;RETIRO GRANDE;0;BARRIO_S4;2;103
99;3;CORREGIMIENTO TRES;250;RETIRO GRANDE;0;BARRIO_S4;9;6
99;3;CORREGIMIENTO TRES;251;SAN JOSE;0;BARRIO_S4;1;42
99;3;CORREGIMIENTO TRES;251;SAN JOSE;0;BARRIO_S4;2;183
99;3;CORREGIMIENTO TRES;251;SAN JOSE;0;BARRIO_S4;9;16
99;3;CORREGIMIENTO TRES;252;RETIRO CHIQUITO;0;BARRIO_S4;1;65
99;3;CORREGIMIENTO TRES;252;RETIRO CHIQUITO;0;BARRIO_S4;2;218
99;3;CORREGIMIENTO TRES;252;RETIRO CHIQUITO;0;BARRIO_S4;9;25
99;3;CORREGIMIENTO TRES;254;CUCHILLA ALTA;0;BARRIO_S4;2;3
99;3;CORREGIMIENTO TRES;255;LOS SANTOS;0;BARRIO_S4;1;2
99;3;CORREGIMIENTO TRES;255;LOS SANTOS;0;BARRIO_S4;2;2
99;3;CORREGIMIENTO TRES;259;MONSERRATE;0;BARRIO_S4;2;6
99;3;CORREGIMIENTO TRES;259;MONSERRATE;0;BARRIO_S4;9;1
99;3;CORREGIMIENTO TRES;276;EL GUALILO BAJO;0;BARRIO_S4;1;64
99;3;CORREGIMIENTO TRES;276;EL GUALILO BAJO;0;BARRIO_S4;2;225
99;3;CORREGIMIENTO TRES;276;EL GUALILO BAJO;0;BARRIO_S4;9;34
99;3;CORREGIMIENTO TRES;277;SANTA BARBARA;0;BARRIO_S4;1;218
99;3;CORREGIMIENTO TRES;277;SANTA BARBARA;0;BARRIO_S4;2;622
99;3;CORREGIMIENTO TRES;277;SANTA BARBARA;0;BARRIO_S4;9;73
99;3;CORREGIMIENTO TRES;355;EL PEDREGAL;0;BARRIO_S4;1;119
99;3;CORREGIMIENTO TRES;355;EL PEDREGAL;0;BARRIO_S4;2;383
99;3;CORREGIMIENTO TRES;355;EL PEDREGAL;0;BARRIO_S4;9;67
99;3;CORREGIMIENTO TRES;527;RETIRO GRANDE PARTE BAJA;0;BARRIO_S4;1;1
99;3;CORREGIMIENTO TRES;527;RETIRO GRANDE PARTE BAJA;0;BARRIO_S4;2;5
99;3;CORREGIMIENTO TRES;527;RETIRO GRANDE PARTE BAJA;0;BARRIO_S4;9;2
