Cod_comuna_x;NOM_COMUNA;Cod_barrio;NOM_BARRIO;Grupo;personas
1;01. NORTE;1;EL PAULON VILLA PATRICIA;A;99
1;01. NORTE;1;EL PAULON VILLA PATRICIA;B;209
1;01. NORTE;1;EL PAULON VILLA PATRICIA;C;107
1;01. NORTE;1;EL PAULON VILLA PATRICIA;D;6
1;01. NORTE;2;EL PAULON VILLA LINA;A;268
1;01. NORTE;2;EL PAULON VILLA LINA;B;396
1;01. NORTE;2;EL PAULON VILLA LINA;C;283
1;01. NORTE;2;EL PAULON VILLA LINA;D;15
1;01. NORTE;3;COLORADOS;A;492
1;01. NORTE;3;COLORADOS;B;1194
1;01. NORTE;3;COLORADOS;C;999
1;01. NORTE;3;COLORADOS;D;151
1;01. NORTE;4;EL PAULON;A;234
1;01. NORTE;4;EL PAULON;B;567
1;01. NORTE;4;EL PAULON;C;307
1;01. NORTE;4;EL PAULON;D;25
1;01. NORTE;5;ROSALTA COLORADOS;A;46
1;01. NORTE;5;ROSALTA COLORADOS;B;150
1;01. NORTE;5;ROSALTA COLORADOS;C;133
1;01. NORTE;5;ROSALTA COLORADOS;D;21
1;01. NORTE;6;COLORADOS PATIO BONITO;A;119
1;01. NORTE;6;COLORADOS PATIO BONITO;B;148
1;01. NORTE;6;COLORADOS PATIO BONITO;C;75
1;01. NORTE;6;COLORADOS PATIO BONITO;D;9
1;01. NORTE;7;CAFE MADRID VILLA ALICIA;A;51
1;01. NORTE;7;CAFE MADRID VILLA ALICIA;B;92
1;01. NORTE;7;CAFE MADRID VILLA ALICIA;C;42
1;01. NORTE;7;CAFE MADRID VILLA ALICIA;D;5
1;01. NORTE;8;EL ROSAL COLORADOS;A;182
1;01. NORTE;8;EL ROSAL COLORADOS;B;230
1;01. NORTE;8;EL ROSAL COLORADOS;C;244
1;01. NORTE;8;EL ROSAL COLORADOS;D;25
1;01. NORTE;10;ASENTAMIENTO BARRIO NUEVO;A;8
1;01. NORTE;10;ASENTAMIENTO BARRIO NUEVO;B;13
1;01. NORTE;11;DIVINO NIÑO NORTE;A;29
1;01. NORTE;11;DIVINO NIÑO NORTE;B;149
1;01. NORTE;11;DIVINO NIÑO NORTE;C;89
1;01. NORTE;11;DIVINO NIÑO NORTE;D;8
1;01. NORTE;12;CAFE MADRID EL TUNEL;A;233
1;01. NORTE;12;CAFE MADRID EL TUNEL;B;298
1;01. NORTE;12;CAFE MADRID EL TUNEL;C;162
1;01. NORTE;12;CAFE MADRID EL TUNEL;D;21
1;01. NORTE;13;CAFE MADRID LA UNION;A;28
1;01. NORTE;13;CAFE MADRID LA UNION;B;49
1;01. NORTE;13;CAFE MADRID LA UNION;C;32
1;01. NORTE;13;CAFE MADRID LA UNION;D;1
1;01. NORTE;14;CAFE MADRID;A;170
1;01. NORTE;14;CAFE MADRID;B;313
1;01. NORTE;14;CAFE MADRID;C;170
1;01. NORTE;14;CAFE MADRID;D;20
1;01. NORTE;15;CAFE MADRID LA PLAYA;A;162
1;01. NORTE;15;CAFE MADRID LA PLAYA;B;314
1;01. NORTE;15;CAFE MADRID LA PLAYA;C;160
1;01. NORTE;15;CAFE MADRID LA PLAYA;D;10
1;01. NORTE;19;CAFE MADRID LA LOMA;A;51
1;01. NORTE;19;CAFE MADRID LA LOMA;B;76
1;01. NORTE;19;CAFE MADRID LA LOMA;C;67
1;01. NORTE;19;CAFE MADRID LA LOMA;D;10
1;01. NORTE;24;CIUDADELA CAFE MADRID ;A;403
1;01. NORTE;24;CIUDADELA CAFE MADRID ;B;993
1;01. NORTE;24;CIUDADELA CAFE MADRID ;C;540
1;01. NORTE;24;CIUDADELA CAFE MADRID ;D;51
1;01. NORTE;25;CAFE MADRID EL PLAN;A;124
1;01. NORTE;25;CAFE MADRID EL PLAN;B;359
1;01. NORTE;25;CAFE MADRID EL PLAN;C;203
1;01. NORTE;25;CAFE MADRID EL PLAN;D;21
1;01. NORTE;26;CAFE MADRID LA VIRGEN;A;35
1;01. NORTE;26;CAFE MADRID LA VIRGEN;B;94
1;01. NORTE;26;CAFE MADRID LA VIRGEN;C;27
1;01. NORTE;26;CAFE MADRID LA VIRGEN;D;2
1;01. NORTE;27;CAFE MADRID EL SUICHE;A;29
1;01. NORTE;27;CAFE MADRID EL SUICHE;B;17
1;01. NORTE;27;CAFE MADRID EL SUICHE;C;11
1;01. NORTE;28;CAFE MADRID EL CABLE;A;121
1;01. NORTE;28;CAFE MADRID EL CABLE;B;200
1;01. NORTE;28;CAFE MADRID EL CABLE;C;84
1;01. NORTE;28;CAFE MADRID EL CABLE;D;12
1;01. NORTE;29;KENNEDY;A;290
1;01. NORTE;29;KENNEDY;B;888
1;01. NORTE;29;KENNEDY;C;1416
1;01. NORTE;29;KENNEDY;D;304
1;01. NORTE;30;VILLA ALEGRIA;A;150
1;01. NORTE;30;VILLA ALEGRIA;B;381
1;01. NORTE;30;VILLA ALEGRIA;C;342
1;01. NORTE;30;VILLA ALEGRIA;D;26
1;01. NORTE;31;LAS HAMACAS;A;124
1;01. NORTE;31;LAS HAMACAS;B;305
1;01. NORTE;31;LAS HAMACAS;C;270
1;01. NORTE;31;LAS HAMACAS;D;32
1;01. NORTE;32;MARIA PAZ;A;405
1;01. NORTE;32;MARIA PAZ;B;1743
1;01. NORTE;32;MARIA PAZ;C;1496
1;01. NORTE;32;MARIA PAZ;D;136
1;01. NORTE;33;ALTOS DEL KENNEDY;A;41
1;01. NORTE;33;ALTOS DEL KENNEDY;B;187
1;01. NORTE;33;ALTOS DEL KENNEDY;C;212
1;01. NORTE;33;ALTOS DEL KENNEDY;D;48
1;01. NORTE;35;MINUTO DE DIOS;A;52
1;01. NORTE;35;MINUTO DE DIOS;B;253
1;01. NORTE;35;MINUTO DE DIOS;C;485
1;01. NORTE;35;MINUTO DE DIOS;D;127
1;01. NORTE;36;MIRADOR DEL KENNEDY;A;32
1;01. NORTE;36;MIRADOR DEL KENNEDY;B;52
1;01. NORTE;36;MIRADOR DEL KENNEDY;C;76
1;01. NORTE;36;MIRADOR DEL KENNEDY;D;13
1;01. NORTE;38;COLSEGUROS NORTE;A;74
1;01. NORTE;38;COLSEGUROS NORTE;B;337
1;01. NORTE;38;COLSEGUROS NORTE;C;468
1;01. NORTE;38;COLSEGUROS NORTE;D;76
1;01. NORTE;39;OMAGA I ;A;10
1;01. NORTE;39;OMAGA I ;B;82
1;01. NORTE;39;OMAGA I ;C;81
1;01. NORTE;39;OMAGA I ;D;21
1;01. NORTE;40;MIRAMAR;A;42
1;01. NORTE;40;MIRAMAR;B;161
1;01. NORTE;40;MIRAMAR;C;227
1;01. NORTE;40;MIRAMAR;D;33
1;01. NORTE;41;BALCONES DEL KENNEDY;A;193
1;01. NORTE;41;BALCONES DEL KENNEDY;B;438
1;01. NORTE;41;BALCONES DEL KENNEDY;C;423
1;01. NORTE;41;BALCONES DEL KENNEDY;D;67
1;01. NORTE;42;VILLA MARIA;A;107
1;01. NORTE;42;VILLA MARIA;B;155
1;01. NORTE;42;VILLA MARIA;C;105
1;01. NORTE;42;VILLA MARIA;D;7
1;01. NORTE;43;ASENTAMIENTO VILLA MARIA;B;3
1;01. NORTE;47;OLAS ALTAS Y BAJAS;A;125
1;01. NORTE;47;OLAS ALTAS Y BAJAS;B;314
1;01. NORTE;47;OLAS ALTAS Y BAJAS;C;556
1;01. NORTE;47;OLAS ALTAS Y BAJAS;D;66
1;01. NORTE;49;PAISAJES DEL NORTE;A;97
1;01. NORTE;49;PAISAJES DEL NORTE;B;321
1;01. NORTE;49;PAISAJES DEL NORTE;C;274
1;01. NORTE;49;PAISAJES DEL NORTE;D;25
1;01. NORTE;50;VILLA ROSA;A;648
1;01. NORTE;50;VILLA ROSA;B;2258
1;01. NORTE;50;VILLA ROSA;C;2376
1;01. NORTE;50;VILLA ROSA;D;333
1;01. NORTE;55;CLAVERIANO;A;320
1;01. NORTE;55;CLAVERIANO;B;676
1;01. NORTE;55;CLAVERIANO;C;350
1;01. NORTE;55;CLAVERIANO;D;32
1;01. NORTE;56;ALTOS DEL PROGRESO;A;224
1;01. NORTE;56;ALTOS DEL PROGRESO;B;605
1;01. NORTE;56;ALTOS DEL PROGRESO;C;377
1;01. NORTE;56;ALTOS DEL PROGRESO;D;30
1;01. NORTE;88;CAFE MADRID LA 40;A;3
1;01. NORTE;88;CAFE MADRID LA 40;B;44
1;01. NORTE;88;CAFE MADRID LA 40;C;48
1;01. NORTE;88;CAFE MADRID LA 40;D;2
1;01. NORTE;91;TEJADITOS;A;19
1;01. NORTE;91;TEJADITOS;B;3
1;01. NORTE;91;TEJADITOS;C;3
1;01. NORTE;230;VILLA ALICIA;A;27
1;01. NORTE;230;VILLA ALICIA;B;80
1;01. NORTE;230;VILLA ALICIA;C;59
1;01. NORTE;230;VILLA ALICIA;D;2
1;01. NORTE;235;DELICIAS NORTE;A;18
1;01. NORTE;235;DELICIAS NORTE;B;53
1;01. NORTE;235;DELICIAS NORTE;C;38
1;01. NORTE;235;DELICIAS NORTE;D;5
1;01. NORTE;247;LA FORTUNA;A;111
1;01. NORTE;247;LA FORTUNA;B;286
1;01. NORTE;247;LA FORTUNA;C;95
1;01. NORTE;247;LA FORTUNA;D;9
1;01. NORTE;281;SAN IGNACIO REAL;A;51
1;01. NORTE;281;SAN IGNACIO REAL;B;244
1;01. NORTE;281;SAN IGNACIO REAL;C;126
1;01. NORTE;281;SAN IGNACIO REAL;D;2
1;01. NORTE;291;CAMINOS DE PAZ;A;40
1;01. NORTE;291;CAMINOS DE PAZ;B;74
1;01. NORTE;291;CAMINOS DE PAZ;C;32
1;01. NORTE;291;CAMINOS DE PAZ;D;3
1;01. NORTE;297;TEJAR II;A;61
1;01. NORTE;297;TEJAR II;B;297
1;01. NORTE;297;TEJAR II;C;402
1;01. NORTE;297;TEJAR II;D;93
1;01. NORTE;298;TEJAR I;A;68
1;01. NORTE;298;TEJAR I;B;229
1;01. NORTE;298;TEJAR I;C;262
1;01. NORTE;298;TEJAR I;D;43
1;01. NORTE;299;OMAGA II;A;104
1;01. NORTE;299;OMAGA II;B;264
1;01. NORTE;299;OMAGA II;C;208
1;01. NORTE;299;OMAGA II;D;24
1;01. NORTE;301;CERVUNION;A;114
1;01. NORTE;301;CERVUNION;B;165
1;01. NORTE;301;CERVUNION;C;103
1;01. NORTE;301;CERVUNION;D;11
1;01. NORTE;302;ASENTAMIENTO LUZ DE ESPERANZA;A;2
1;01. NORTE;302;ASENTAMIENTO LUZ DE ESPERANZA;B;19
1;01. NORTE;302;ASENTAMIENTO LUZ DE ESPERANZA;C;7
1;01. NORTE;305;SAN VALENTIN;A;137
1;01. NORTE;305;SAN VALENTIN;B;258
1;01. NORTE;305;SAN VALENTIN;C;174
1;01. NORTE;305;SAN VALENTIN;D;29
1;01. NORTE;311;ALTOS DE BETANIA;A;224
1;01. NORTE;311;ALTOS DE BETANIA;B;558
1;01. NORTE;311;ALTOS DE BETANIA;C;404
1;01. NORTE;311;ALTOS DE BETANIA;D;46
1;01. NORTE;311;ALTOS DE BETANIA;(blank);7
1;01. NORTE;328;CAMPESTRE NORTE ;A;597
1;01. NORTE;328;CAMPESTRE NORTE ;B;1249
1;01. NORTE;328;CAMPESTRE NORTE ;C;704
1;01. NORTE;328;CAMPESTRE NORTE ;D;57
1;01. NORTE;335;PUENTE NARIÑO;A;466
1;01. NORTE;335;PUENTE NARIÑO;B;492
1;01. NORTE;335;PUENTE NARIÑO;C;78
1;01. NORTE;335;PUENTE NARIÑO;D;7
1;01. NORTE;338;CAFE MADRID LA SEXTA;A;18
1;01. NORTE;338;CAFE MADRID LA SEXTA;B;51
1;01. NORTE;338;CAFE MADRID LA SEXTA;C;28
1;01. NORTE;338;CAFE MADRID LA SEXTA;D;5
1;01. NORTE;342;VILLAS DE SAN IGNACIO;A;155
1;01. NORTE;342;VILLAS DE SAN IGNACIO;B;347
1;01. NORTE;342;VILLAS DE SAN IGNACIO;C;224
1;01. NORTE;342;VILLAS DE SAN IGNACIO;D;31
1;01. NORTE;346;JARDINES DE ALTAGRACIA;A;7
1;01. NORTE;346;JARDINES DE ALTAGRACIA;B;42
1;01. NORTE;346;JARDINES DE ALTAGRACIA;C;69
1;01. NORTE;346;JARDINES DE ALTAGRACIA;D;18
1;01. NORTE;348;PORTAL DE LOS ANGELES;A;99
1;01. NORTE;348;PORTAL DE LOS ANGELES;B;312
1;01. NORTE;348;PORTAL DE LOS ANGELES;C;258
1;01. NORTE;348;PORTAL DE LOS ANGELES;D;33
1;01. NORTE;350;BETANIA ;A;456
1;01. NORTE;350;BETANIA ;B;1430
1;01. NORTE;350;BETANIA ;C;1171
1;01. NORTE;350;BETANIA ;D;92
1;01. NORTE;350;BETANIA ;(blank);5
1;01. NORTE;351;CAFE MADRID LA ESTACION;A;148
1;01. NORTE;351;CAFE MADRID LA ESTACION;B;372
1;01. NORTE;351;CAFE MADRID LA ESTACION;C;275
1;01. NORTE;351;CAFE MADRID LA ESTACION;D;34
1;01. NORTE;354;MIRADOR DE COLORADOS;A;22
1;01. NORTE;354;MIRADOR DE COLORADOS;B;58
1;01. NORTE;354;MIRADOR DE COLORADOS;C;79
1;01. NORTE;354;MIRADOR DE COLORADOS;D;4
1;01. NORTE;356;BAVARIA;A;509
1;01. NORTE;356;BAVARIA;B;1227
1;01. NORTE;356;BAVARIA;C;907
1;01. NORTE;356;BAVARIA;D;94
1;01. NORTE;357;CAFE MADRID CORRALES;A;5
1;01. NORTE;357;CAFE MADRID CORRALES;B;15
1;01. NORTE;357;CAFE MADRID CORRALES;C;29
1;01. NORTE;359;GETSEMANI;A;124
1;01. NORTE;359;GETSEMANI;B;215
1;01. NORTE;359;GETSEMANI;C;133
1;01. NORTE;359;GETSEMANI;D;13
1;01. NORTE;366;LOS CEDROS NORTE;A;14
1;01. NORTE;366;LOS CEDROS NORTE;B;26
1;01. NORTE;366;LOS CEDROS NORTE;C;27
1;01. NORTE;366;LOS CEDROS NORTE;D;11
1;01. NORTE;370;CAMPO MADRID;A;673
1;01. NORTE;370;CAMPO MADRID;B;1918
1;01. NORTE;370;CAMPO MADRID;C;1317
1;01. NORTE;370;CAMPO MADRID;D;128
2;02. NORORIENTAL;44;VILLA HELENA I Y II;A;587
2;02. NORORIENTAL;44;VILLA HELENA I Y II;B;1075
2;02. NORORIENTAL;44;VILLA HELENA I Y II;C;704
2;02. NORORIENTAL;44;VILLA HELENA I Y II;D;78
2;02. NORORIENTAL;45;LOS ANGELES;A;147
2;02. NORORIENTAL;45;LOS ANGELES;B;463
2;02. NORORIENTAL;45;LOS ANGELES;C;363
2;02. NORORIENTAL;45;LOS ANGELES;D;54
2;02. NORORIENTAL;51;LIZCANO I Y II;A;85
2;02. NORORIENTAL;51;LIZCANO I Y II;B;287
2;02. NORORIENTAL;51;LIZCANO I Y II;C;217
2;02. NORORIENTAL;51;LIZCANO I Y II;D;20
2;02. NORORIENTAL;52;ESPERANZA II;A;348
2;02. NORORIENTAL;52;ESPERANZA II;B;904
2;02. NORORIENTAL;52;ESPERANZA II;C;708
2;02. NORORIENTAL;52;ESPERANZA II;D;57
2;02. NORORIENTAL;53;ESPERANZA III;A;254
2;02. NORORIENTAL;53;ESPERANZA III;B;481
2;02. NORORIENTAL;53;ESPERANZA III;C;325
2;02. NORORIENTAL;53;ESPERANZA III;D;41
2;02. NORORIENTAL;54;MIRADOR NORTE;A;396
2;02. NORORIENTAL;54;MIRADOR NORTE;B;515
2;02. NORORIENTAL;54;MIRADOR NORTE;C;156
2;02. NORORIENTAL;54;MIRADOR NORTE;D;13
2;02. NORORIENTAL;57;BOSCONIA ;A;3
2;02. NORORIENTAL;57;BOSCONIA ;B;7
2;02. NORORIENTAL;58;13 DE JUNIO;B;5
2;02. NORORIENTAL;59;LA GRANJITA;A;52
2;02. NORORIENTAL;59;LA GRANJITA;B;147
2;02. NORORIENTAL;59;LA GRANJITA;C;29
2;02. NORORIENTAL;59;LA GRANJITA;D;1
2;02. NORORIENTAL;61;REGADERO NORTE;A;193
2;02. NORORIENTAL;61;REGADERO NORTE;B;728
2;02. NORORIENTAL;61;REGADERO NORTE;C;640
2;02. NORORIENTAL;61;REGADERO NORTE;D;62
2;02. NORORIENTAL;62;PRIMAVERAL REGADERO;A;8
2;02. NORORIENTAL;62;PRIMAVERAL REGADERO;B;50
2;02. NORORIENTAL;62;PRIMAVERAL REGADERO;C;81
2;02. NORORIENTAL;62;PRIMAVERAL REGADERO;D;21
2;02. NORORIENTAL;64;LA JUVENTUD;A;225
2;02. NORORIENTAL;64;LA JUVENTUD;B;655
2;02. NORORIENTAL;64;LA JUVENTUD;C;451
2;02. NORORIENTAL;64;LA JUVENTUD;D;40
2;02. NORORIENTAL;65;ESPERANZA I;A;232
2;02. NORORIENTAL;65;ESPERANZA I;B;676
2;02. NORORIENTAL;65;ESPERANZA I;C;480
2;02. NORORIENTAL;65;ESPERANZA I;D;34
2;02. NORORIENTAL;66;SAN CRISTOBAL;A;169
2;02. NORORIENTAL;66;SAN CRISTOBAL;B;396
2;02. NORORIENTAL;66;SAN CRISTOBAL;C;240
2;02. NORORIENTAL;66;SAN CRISTOBAL;D;22
2;02. NORORIENTAL;67;TRANSICION I AL V;A;1342
2;02. NORORIENTAL;67;TRANSICION I AL V;B;2639
2;02. NORORIENTAL;67;TRANSICION I AL V;C;1315
2;02. NORORIENTAL;67;TRANSICION I AL V;D;84
2;02. NORORIENTAL;68;NUEVA COLOMBIA;A;93
2;02. NORORIENTAL;68;NUEVA COLOMBIA;B;178
2;02. NORORIENTAL;68;NUEVA COLOMBIA;C;124
2;02. NORORIENTAL;68;NUEVA COLOMBIA;D;9
2;02. NORORIENTAL;69;VILLA MERCEDES;A;552
2;02. NORORIENTAL;69;VILLA MERCEDES;B;1040
2;02. NORORIENTAL;69;VILLA MERCEDES;C;546
2;02. NORORIENTAL;69;VILLA MERCEDES;D;35
2;02. NORORIENTAL;70;OLITAS;A;105
2;02. NORORIENTAL;70;OLITAS;B;150
2;02. NORORIENTAL;70;OLITAS;C;102
2;02. NORORIENTAL;70;OLITAS;D;4
2;02. NORORIENTAL;71;BOSQUE NORTE ;A;166
2;02. NORORIENTAL;71;BOSQUE NORTE ;B;627
2;02. NORORIENTAL;71;BOSQUE NORTE ;C;471
2;02. NORORIENTAL;71;BOSQUE NORTE ;D;39
2;02. NORORIENTAL;72;LA INDEPENDENCIA;A;713
2;02. NORORIENTAL;72;LA INDEPENDENCIA;B;1738
2;02. NORORIENTAL;72;LA INDEPENDENCIA;C;1133
2;02. NORORIENTAL;72;LA INDEPENDENCIA;D;87
2;02. NORORIENTAL;271;MONEQUE;A;8
2;02. NORORIENTAL;271;MONEQUE;B;44
2;02. NORORIENTAL;271;MONEQUE;C;26
2;02. NORORIENTAL;271;MONEQUE;D;2
3;03. SAN FRANCISCO;21;MIRADOR DE LA UIS;A;2
3;03. SAN FRANCISCO;74;NORTE BAJO;A;27
3;03. SAN FRANCISCO;74;NORTE BAJO;B;205
3;03. SAN FRANCISCO;74;NORTE BAJO;C;310
3;03. SAN FRANCISCO;74;NORTE BAJO;D;44
3;03. SAN FRANCISCO;75;SAN RAFAEL;A;248
3;03. SAN FRANCISCO;75;SAN RAFAEL;B;784
3;03. SAN FRANCISCO;75;SAN RAFAEL;C;971
3;03. SAN FRANCISCO;75;SAN RAFAEL;D;101
3;03. SAN FRANCISCO;76;CHAPINERO;A;114
3;03. SAN FRANCISCO;76;CHAPINERO;B;352
3;03. SAN FRANCISCO;76;CHAPINERO;C;404
3;03. SAN FRANCISCO;76;CHAPINERO;D;62
3;03. SAN FRANCISCO;95;COMUNEROS;A;438
3;03. SAN FRANCISCO;95;COMUNEROS;B;1673
3;03. SAN FRANCISCO;95;COMUNEROS;C;2071
3;03. SAN FRANCISCO;95;COMUNEROS;D;469
3;03. SAN FRANCISCO;96;MODELO;A;36
3;03. SAN FRANCISCO;96;MODELO;B;241
3;03. SAN FRANCISCO;96;MODELO;C;360
3;03. SAN FRANCISCO;96;MODELO;D;91
3;03. SAN FRANCISCO;97;MUTUALIDAD;A;68
3;03. SAN FRANCISCO;97;MUTUALIDAD;B;423
3;03. SAN FRANCISCO;97;MUTUALIDAD;C;567
3;03. SAN FRANCISCO;97;MUTUALIDAD;D;194
3;03. SAN FRANCISCO;98;SAN FRANCISCO;A;147
3;03. SAN FRANCISCO;98;SAN FRANCISCO;B;552
3;03. SAN FRANCISCO;98;SAN FRANCISCO;C;988
3;03. SAN FRANCISCO;98;SAN FRANCISCO;D;368
3;03. SAN FRANCISCO;99;ALARCON;A;25
3;03. SAN FRANCISCO;99;ALARCON;B;44
3;03. SAN FRANCISCO;99;ALARCON;C;124
3;03. SAN FRANCISCO;99;ALARCON;D;32
3;03. SAN FRANCISCO;101;UNIVERSIDAD;A;30
3;03. SAN FRANCISCO;101;UNIVERSIDAD;B;50
3;03. SAN FRANCISCO;101;UNIVERSIDAD;C;45
3;03. SAN FRANCISCO;101;UNIVERSIDAD;D;5
3;03. SAN FRANCISCO;113;PUERTO RICO;A;27
3;03. SAN FRANCISCO;113;PUERTO RICO;B;48
3;03. SAN FRANCISCO;113;PUERTO RICO;C;69
3;03. SAN FRANCISCO;113;PUERTO RICO;D;8
4;04. OCCIDENTAL;77;GAITAN;A;511
4;04. OCCIDENTAL;77;GAITAN;B;1467
4;04. OCCIDENTAL;77;GAITAN;C;1532
4;04. OCCIDENTAL;77;GAITAN;D;215
4;04. OCCIDENTAL;78;GRANADA;A;57
4;04. OCCIDENTAL;78;GRANADA;B;252
4;04. OCCIDENTAL;78;GRANADA;C;355
4;04. OCCIDENTAL;78;GRANADA;D;63
4;04. OCCIDENTAL;79;LA FERIA;A;148
4;04. OCCIDENTAL;79;LA FERIA;B;269
4;04. OCCIDENTAL;79;LA FERIA;C;210
4;04. OCCIDENTAL;79;LA FERIA;D;31
4;04. OCCIDENTAL;80;NAPOLES;A;199
4;04. OCCIDENTAL;80;NAPOLES;B;372
4;04. OCCIDENTAL;80;NAPOLES;C;288
4;04. OCCIDENTAL;80;NAPOLES;D;44
4;04. OCCIDENTAL;82;GIRARDOT;A;668
4;04. OCCIDENTAL;82;GIRARDOT;B;2029
4;04. OCCIDENTAL;82;GIRARDOT;C;2128
4;04. OCCIDENTAL;82;GIRARDOT;D;365
4;04. OCCIDENTAL;83;ZARABANDA;A;149
4;04. OCCIDENTAL;83;ZARABANDA;B;208
4;04. OCCIDENTAL;83;ZARABANDA;C;138
4;04. OCCIDENTAL;83;ZARABANDA;D;2
4;04. OCCIDENTAL;84;CUYANITA;A;244
4;04. OCCIDENTAL;84;CUYANITA;B;312
4;04. OCCIDENTAL;84;CUYANITA;C;160
4;04. OCCIDENTAL;84;CUYANITA;D;8
4;04. OCCIDENTAL;85;CAMILO TORRES;A;169
4;04. OCCIDENTAL;85;CAMILO TORRES;B;309
4;04. OCCIDENTAL;85;CAMILO TORRES;C;187
4;04. OCCIDENTAL;85;CAMILO TORRES;D;12
4;04. OCCIDENTAL;86;SANTANDER;A;111
4;04. OCCIDENTAL;86;SANTANDER;B;617
4;04. OCCIDENTAL;86;SANTANDER;C;1016
4;04. OCCIDENTAL;86;SANTANDER;D;255
4;04. OCCIDENTAL;87;DON BOSCO;A;111
4;04. OCCIDENTAL;87;DON BOSCO;B;350
4;04. OCCIDENTAL;87;DON BOSCO;C;455
4;04. OCCIDENTAL;87;DON BOSCO;D;69
4;04. OCCIDENTAL;89;NAPOLES CURTIEMBRE;A;113
4;04. OCCIDENTAL;89;NAPOLES CURTIEMBRE;B;219
4;04. OCCIDENTAL;89;NAPOLES CURTIEMBRE;C;77
4;04. OCCIDENTAL;89;NAPOLES CURTIEMBRE;D;23
4;04. OCCIDENTAL;90;LA GLORIA;A;127
4;04. OCCIDENTAL;90;LA GLORIA;B;428
4;04. OCCIDENTAL;90;LA GLORIA;C;306
4;04. OCCIDENTAL;90;LA GLORIA;D;27
4;04. OCCIDENTAL;92;NARIÑO;A;330
4;04. OCCIDENTAL;92;NARIÑO;B;900
4;04. OCCIDENTAL;92;NARIÑO;C;620
4;04. OCCIDENTAL;92;NARIÑO;D;47
4;04. OCCIDENTAL;93;PIO XII;A;29
4;04. OCCIDENTAL;93;PIO XII;B;108
4;04. OCCIDENTAL;93;PIO XII;C;127
4;04. OCCIDENTAL;93;PIO XII;D;35
4;04. OCCIDENTAL;278;12 DE OCTUBRE;A;152
4;04. OCCIDENTAL;278;12 DE OCTUBRE;B;579
4;04. OCCIDENTAL;278;12 DE OCTUBRE;C;451
4;04. OCCIDENTAL;278;12 DE OCTUBRE;D;48
4;04. OCCIDENTAL;279;DIVINO NIÑO CENTRO ;A;153
4;04. OCCIDENTAL;279;DIVINO NIÑO CENTRO ;B;212
4;04. OCCIDENTAL;279;DIVINO NIÑO CENTRO ;C;112
4;04. OCCIDENTAL;279;DIVINO NIÑO CENTRO ;D;6
4;04. OCCIDENTAL;307;MILAGRO DE DIOS;A;163
4;04. OCCIDENTAL;307;MILAGRO DE DIOS;B;424
4;04. OCCIDENTAL;307;MILAGRO DE DIOS;C;194
4;04. OCCIDENTAL;307;MILAGRO DE DIOS;D;27
4;04. OCCIDENTAL;325;MARIA AUXILIADORA;A;38
4;04. OCCIDENTAL;325;MARIA AUXILIADORA;B;48
4;04. OCCIDENTAL;325;MARIA AUXILIADORA;C;31
4;04. OCCIDENTAL;325;MARIA AUXILIADORA;D;8
4;04. OCCIDENTAL;333;23 DE JUNIO;A;51
4;04. OCCIDENTAL;333;23 DE JUNIO;B;242
4;04. OCCIDENTAL;333;23 DE JUNIO;C;256
4;04. OCCIDENTAL;333;23 DE JUNIO;D;47
4;04. OCCIDENTAL;345;PASEO DE LA FERIA;A;67
4;04. OCCIDENTAL;345;PASEO DE LA FERIA;B;473
4;04. OCCIDENTAL;345;PASEO DE LA FERIA;C;692
4;04. OCCIDENTAL;345;PASEO DE LA FERIA;D;120
4;04. OCCIDENTAL;365;VILLAS DE GIRARDOT;A;802
4;04. OCCIDENTAL;365;VILLAS DE GIRARDOT;B;917
4;04. OCCIDENTAL;365;VILLAS DE GIRARDOT;C;311
4;04. OCCIDENTAL;365;VILLAS DE GIRARDOT;D;19
5;05. GARCIA ROVIRA;17;RINCON DE LA PAZ;A;248
5;05. GARCIA ROVIRA;17;RINCON DE LA PAZ;B;416
5;05. GARCIA ROVIRA;17;RINCON DE LA PAZ;C;245
5;05. GARCIA ROVIRA;17;RINCON DE LA PAZ;D;37
5;05. GARCIA ROVIRA;142;ALFONSO LOPEZ;A;287
5;05. GARCIA ROVIRA;142;ALFONSO LOPEZ;B;1114
5;05. GARCIA ROVIRA;142;ALFONSO LOPEZ;C;1498
5;05. GARCIA ROVIRA;142;ALFONSO LOPEZ;D;441
5;05. GARCIA ROVIRA;143;LA JOYA;A;174
5;05. GARCIA ROVIRA;143;LA JOYA;B;664
5;05. GARCIA ROVIRA;143;LA JOYA;C;988
5;05. GARCIA ROVIRA;143;LA JOYA;D;200
5;05. GARCIA ROVIRA;144;CHORRERAS DE DON JUAN;A;39
5;05. GARCIA ROVIRA;144;CHORRERAS DE DON JUAN;B;208
5;05. GARCIA ROVIRA;144;CHORRERAS DE DON JUAN;C;341
5;05. GARCIA ROVIRA;144;CHORRERAS DE DON JUAN;D;72
5;05. GARCIA ROVIRA;145;CAMPO HERMOSO;A;685
5;05. GARCIA ROVIRA;145;CAMPO HERMOSO;B;2354
5;05. GARCIA ROVIRA;145;CAMPO HERMOSO;C;3101
5;05. GARCIA ROVIRA;145;CAMPO HERMOSO;D;736
5;05. GARCIA ROVIRA;146;LA ESMERALDA;A;10
5;05. GARCIA ROVIRA;146;LA ESMERALDA;B;127
5;05. GARCIA ROVIRA;146;LA ESMERALDA;C;167
5;05. GARCIA ROVIRA;146;LA ESMERALDA;D;30
5;05. GARCIA ROVIRA;150;VILLAS DEL ROMERO;C;1
5;05. GARCIA ROVIRA;151;LA ESTRELLA;B;1
5;05. GARCIA ROVIRA;151;LA ESTRELLA;D;2
5;05. GARCIA ROVIRA;152;QUINTA ESTRELLA;A;53
5;05. GARCIA ROVIRA;152;QUINTA ESTRELLA;B;104
5;05. GARCIA ROVIRA;152;QUINTA ESTRELLA;C;314
5;05. GARCIA ROVIRA;152;QUINTA ESTRELLA;D;83
5;05. GARCIA ROVIRA;153;EL PANTANO I;A;42
5;05. GARCIA ROVIRA;153;EL PANTANO I;B;133
5;05. GARCIA ROVIRA;153;EL PANTANO I;C;95
5;05. GARCIA ROVIRA;153;EL PANTANO I;D;8
5;05. GARCIA ROVIRA;154;EL PANTANO II;A;71
5;05. GARCIA ROVIRA;154;EL PANTANO II;B;240
5;05. GARCIA ROVIRA;154;EL PANTANO II;C;214
5;05. GARCIA ROVIRA;154;EL PANTANO II;D;31
5;05. GARCIA ROVIRA;155;EL PANTANO III;A;63
5;05. GARCIA ROVIRA;155;EL PANTANO III;B;161
5;05. GARCIA ROVIRA;155;EL PANTANO III;C;79
5;05. GARCIA ROVIRA;155;EL PANTANO III;D;10
5;05. GARCIA ROVIRA;175;PUNTA ESTRELLA;A;5
5;05. GARCIA ROVIRA;175;PUNTA ESTRELLA;B;7
5;05. GARCIA ROVIRA;175;PUNTA ESTRELLA;C;7
5;05. GARCIA ROVIRA;329;VILLA DEL PRADO;A;9
5;05. GARCIA ROVIRA;329;VILLA DEL PRADO;B;47
5;05. GARCIA ROVIRA;329;VILLA DEL PRADO;C;70
5;05. GARCIA ROVIRA;329;VILLA DEL PRADO;D;20
6;06. LA CONCORDIA;135;LA CONCORDIA;A;96
6;06. LA CONCORDIA;135;LA CONCORDIA;B;277
6;06. LA CONCORDIA;135;LA CONCORDIA;C;275
6;06. LA CONCORDIA;135;LA CONCORDIA;D;82
6;06. LA CONCORDIA;156;CANDILES;A;33
6;06. LA CONCORDIA;156;CANDILES;B;184
6;06. LA CONCORDIA;156;CANDILES;C;295
6;06. LA CONCORDIA;156;CANDILES;D;89
6;06. LA CONCORDIA;157;SAN MIGUEL;A;66
6;06. LA CONCORDIA;157;SAN MIGUEL;B;312
6;06. LA CONCORDIA;157;SAN MIGUEL;C;565
6;06. LA CONCORDIA;157;SAN MIGUEL;D;147
6;06. LA CONCORDIA;158;GOMEZ NIÑO;A;8
6;06. LA CONCORDIA;158;GOMEZ NIÑO;B;19
6;06. LA CONCORDIA;158;GOMEZ NIÑO;C;17
6;06. LA CONCORDIA;159;RICAURTE;A;20
6;06. LA CONCORDIA;159;RICAURTE;B;184
6;06. LA CONCORDIA;159;RICAURTE;C;311
6;06. LA CONCORDIA;159;RICAURTE;D;86
6;06. LA CONCORDIA;160;LA CEIBA;A;6
6;06. LA CONCORDIA;160;LA CEIBA;B;2
6;06. LA CONCORDIA;160;LA CEIBA;C;10
6;06. LA CONCORDIA;191;LA VICTORIA;A;6
6;06. LA CONCORDIA;191;LA VICTORIA;B;29
6;06. LA CONCORDIA;191;LA VICTORIA;C;15
6;06. LA CONCORDIA;191;LA VICTORIA;D;4
7;07. LA CIUDADELA;162;CIUDADELA REAL DE MINAS ;A;11
7;07. LA CIUDADELA;162;CIUDADELA REAL DE MINAS ;B;37
7;07. LA CIUDADELA;162;CIUDADELA REAL DE MINAS ;C;15
7;07. LA CIUDADELA;162;CIUDADELA REAL DE MINAS ;D;5
7;07. LA CIUDADELA;177;LOS ALMENDROS;A;9
7;07. LA CIUDADELA;177;LOS ALMENDROS;B;1
7;07. LA CIUDADELA;177;LOS ALMENDROS;D;3
7;07. LA CIUDADELA;187;LOS NARANJOS;B;5
7;07. LA CIUDADELA;187;LOS NARANJOS;C;4
7;07. LA CIUDADELA;187;LOS NARANJOS;D;1
7;07. LA CIUDADELA;189;SAMANES;B;2
7;07. LA CIUDADELA;189;SAMANES;C;4
7;07. LA CIUDADELA;286;MACAREGUA;C;1
8;08. SUROCCIDENTE;178;SAN GERARDO I Y II;A;317
8;08. SUROCCIDENTE;178;SAN GERARDO I Y II;B;817
8;08. SUROCCIDENTE;178;SAN GERARDO I Y II;C;748
8;08. SUROCCIDENTE;178;SAN GERARDO I Y II;D;123
8;08. SUROCCIDENTE;179;COLOMBIA;A;37
8;08. SUROCCIDENTE;179;COLOMBIA;B;122
8;08. SUROCCIDENTE;179;COLOMBIA;C;118
8;08. SUROCCIDENTE;179;COLOMBIA;D;10
8;08. SUROCCIDENTE;180;CANELOS;A;54
8;08. SUROCCIDENTE;180;CANELOS;B;361
8;08. SUROCCIDENTE;180;CANELOS;C;606
8;08. SUROCCIDENTE;180;CANELOS;D;187
8;08. SUROCCIDENTE;181;MANZANA 10;A;49
8;08. SUROCCIDENTE;181;MANZANA 10;B;131
8;08. SUROCCIDENTE;181;MANZANA 10;C;72
8;08. SUROCCIDENTE;181;MANZANA 10;D;25
8;08. SUROCCIDENTE;182;BUCARAMANGA;A;469
8;08. SUROCCIDENTE;182;BUCARAMANGA;B;1422
8;08. SUROCCIDENTE;182;BUCARAMANGA;C;1548
8;08. SUROCCIDENTE;182;BUCARAMANGA;D;244
8;08. SUROCCIDENTE;183;PEÑON DEL VALLE;B;3
8;08. SUROCCIDENTE;183;PEÑON DEL VALLE;C;2
8;08. SUROCCIDENTE;184;LAURELES;A;112
8;08. SUROCCIDENTE;184;LAURELES;B;221
8;08. SUROCCIDENTE;184;LAURELES;C;116
8;08. SUROCCIDENTE;184;LAURELES;D;8
8;08. SUROCCIDENTE;185;CORDONCILLO II;A;22
8;08. SUROCCIDENTE;185;CORDONCILLO II;B;155
8;08. SUROCCIDENTE;185;CORDONCILLO II;C;109
8;08. SUROCCIDENTE;185;CORDONCILLO II;D;19
8;08. SUROCCIDENTE;194;CORDONCILLO I;A;207
8;08. SUROCCIDENTE;194;CORDONCILLO I;B;330
8;08. SUROCCIDENTE;194;CORDONCILLO I;C;254
8;08. SUROCCIDENTE;194;CORDONCILLO I;D;47
8;08. SUROCCIDENTE;195;PABLO VI;A;323
8;08. SUROCCIDENTE;195;PABLO VI;B;752
8;08. SUROCCIDENTE;195;PABLO VI;C;974
8;08. SUROCCIDENTE;195;PABLO VI;D;182
8;08. SUROCCIDENTE;196;AFRIKA;A;40
8;08. SUROCCIDENTE;196;AFRIKA;B;113
8;08. SUROCCIDENTE;196;AFRIKA;C;104
8;08. SUROCCIDENTE;196;AFRIKA;D;4
8;08. SUROCCIDENTE;197;20 DE JULIO;A;18
8;08. SUROCCIDENTE;197;20 DE JULIO;B;42
8;08. SUROCCIDENTE;197;20 DE JULIO;C;32
8;08. SUROCCIDENTE;197;20 DE JULIO;D;5
8;08. SUROCCIDENTE;198;EL FONCE;A;6
8;08. SUROCCIDENTE;198;EL FONCE;B;2
8;08. SUROCCIDENTE;199;JUAN XXIII;A;238
8;08. SUROCCIDENTE;199;JUAN XXIII;B;605
8;08. SUROCCIDENTE;199;JUAN XXIII;C;366
8;08. SUROCCIDENTE;199;JUAN XXIII;D;38
8;08. SUROCCIDENTE;349;JUAN XXIII CANCHA LA GUACAMAYA;A;32
8;08. SUROCCIDENTE;349;JUAN XXIII CANCHA LA GUACAMAYA;B;17
8;08. SUROCCIDENTE;349;JUAN XXIII CANCHA LA GUACAMAYA;C;8
8;08. SUROCCIDENTE;349;JUAN XXIII CANCHA LA GUACAMAYA;D;1
9;09. LA PEDREGOSA;193;NUEVA GRANADA;A;16
9;09. LA PEDREGOSA;193;NUEVA GRANADA;B;99
9;09. LA PEDREGOSA;193;NUEVA GRANADA;C;194
9;09. LA PEDREGOSA;193;NUEVA GRANADA;D;74
9;09. LA PEDREGOSA;200;ANTONIA SANTOS SUR;A;23
9;09. LA PEDREGOSA;200;ANTONIA SANTOS SUR;B;53
9;09. LA PEDREGOSA;200;ANTONIA SANTOS SUR;C;32
9;09. LA PEDREGOSA;200;ANTONIA SANTOS SUR;D;2
9;09. LA PEDREGOSA;201;QUEBRADA LA IGLESIA;A;31
9;09. LA PEDREGOSA;201;QUEBRADA LA IGLESIA;B;195
9;09. LA PEDREGOSA;201;QUEBRADA LA IGLESIA;C;158
9;09. LA PEDREGOSA;201;QUEBRADA LA IGLESIA;D;32
9;09. LA PEDREGOSA;203;SAN MARTIN;A;184
9;09. LA PEDREGOSA;203;SAN MARTIN;B;746
9;09. LA PEDREGOSA;203;SAN MARTIN;C;652
9;09. LA PEDREGOSA;203;SAN MARTIN;D;104
9;09. LA PEDREGOSA;204;EL SOL I Y II;A;90
9;09. LA PEDREGOSA;204;EL SOL I Y II;B;238
9;09. LA PEDREGOSA;204;EL SOL I Y II;C;315
9;09. LA PEDREGOSA;204;EL SOL I Y II;D;44
9;09. LA PEDREGOSA;205;GUAYACANES;B;5
9;09. LA PEDREGOSA;205;GUAYACANES;C;1
9;09. LA PEDREGOSA;207;LA PEDREGOSA;A;10
9;09. LA PEDREGOSA;207;LA PEDREGOSA;B;47
9;09. LA PEDREGOSA;207;LA PEDREGOSA;C;89
9;09. LA PEDREGOSA;207;LA PEDREGOSA;D;41
9;09. LA PEDREGOSA;208;DIAMANTE I;A;13
9;09. LA PEDREGOSA;208;DIAMANTE I;B;35
9;09. LA PEDREGOSA;208;DIAMANTE I;C;17
9;09. LA PEDREGOSA;209;LAS CASITAS;A;48
9;09. LA PEDREGOSA;209;LAS CASITAS;B;120
9;09. LA PEDREGOSA;209;LAS CASITAS;C;101
9;09. LA PEDREGOSA;209;LAS CASITAS;D;10
9;09. LA PEDREGOSA;210;VILLA INES;A;3
9;09. LA PEDREGOSA;210;VILLA INES;B;6
9;09. LA PEDREGOSA;210;VILLA INES;C;5
9;09. LA PEDREGOSA;211;ASTURIAS;A;4
9;09. LA PEDREGOSA;213;LA LIBERTAD;A;14
9;09. LA PEDREGOSA;213;LA LIBERTAD;B;65
9;09. LA PEDREGOSA;213;LA LIBERTAD;C;66
9;09. LA PEDREGOSA;213;LA LIBERTAD;D;36
9;09. LA PEDREGOSA;288;PORTOFINO;C;1
9;09. LA PEDREGOSA;316;MIRADOR DE SAN LORENZO;A;5
10;10. PROVENZA;220;DIAMANTE II;A;7
10;10. PROVENZA;220;DIAMANTE II;B;11
10;10. PROVENZA;220;DIAMANTE II;C;23
10;10. PROVENZA;220;DIAMANTE II;D;2
10;10. PROVENZA;221;SAN LUIS;A;4
10;10. PROVENZA;221;SAN LUIS;B;11
10;10. PROVENZA;221;SAN LUIS;C;20
10;10. PROVENZA;221;SAN LUIS;D;1
10;10. PROVENZA;222;PROVENZA;A;16
10;10. PROVENZA;222;PROVENZA;B;22
10;10. PROVENZA;222;PROVENZA;C;15
10;10. PROVENZA;222;PROVENZA;D;4
10;10. PROVENZA;225;EL CRISTAL;A;500
10;10. PROVENZA;225;EL CRISTAL;B;1416
10;10. PROVENZA;225;EL CRISTAL;C;1431
10;10. PROVENZA;225;EL CRISTAL;D;260
10;10. PROVENZA;226;GRANJAS DE PROVENZA;A;216
10;10. PROVENZA;226;GRANJAS DE PROVENZA;B;509
10;10. PROVENZA;226;GRANJAS DE PROVENZA;C;412
10;10. PROVENZA;226;GRANJAS DE PROVENZA;D;94
10;10. PROVENZA;284;FONTANA;B;7
10;10. PROVENZA;284;FONTANA;C;5
10;10. PROVENZA;317;NUEVA FONTANA;A;8
10;10. PROVENZA;326;VIVEROS DE PROVENZA;A;44
10;10. PROVENZA;326;VIVEROS DE PROVENZA;B;148
10;10. PROVENZA;326;VIVEROS DE PROVENZA;C;206
10;10. PROVENZA;326;VIVEROS DE PROVENZA;D;65
10;10. PROVENZA;331;BRISAS DE PROVENZA ;A;323
10;10. PROVENZA;331;BRISAS DE PROVENZA ;B;548
10;10. PROVENZA;331;BRISAS DE PROVENZA ;C;449
10;10. PROVENZA;331;BRISAS DE PROVENZA ;D;41
11;11. SUR;223;PORVENIR BAJO;B;19
11;11. SUR;223;PORVENIR BAJO;C;13
11;11. SUR;223;PORVENIR BAJO;D;1
11;11. SUR;227;GRANJAS DE JULIO RINCON;A;74
11;11. SUR;227;GRANJAS DE JULIO RINCON;B;246
11;11. SUR;227;GRANJAS DE JULIO RINCON;C;328
11;11. SUR;227;GRANJAS DE JULIO RINCON;D;67
11;11. SUR;228;EL ROCIO;A;64
11;11. SUR;228;EL ROCIO;B;197
11;11. SUR;228;EL ROCIO;C;418
11;11. SUR;228;EL ROCIO;D;134
11;11. SUR;229;VILLA SARA;A;6
11;11. SUR;229;VILLA SARA;B;14
11;11. SUR;229;VILLA SARA;C;1
11;11. SUR;231;TOLEDO PLATA ;A;22
11;11. SUR;231;TOLEDO PLATA ;B;161
11;11. SUR;231;TOLEDO PLATA ;C;323
11;11. SUR;231;TOLEDO PLATA ;D;166
11;11. SUR;232;DANGOND;A;17
11;11. SUR;232;DANGOND;B;95
11;11. SUR;232;DANGOND;C;305
11;11. SUR;232;DANGOND;D;87
11;11. SUR;234;DELICIAS ALTAS Y BAJAS SUR;A;4
11;11. SUR;234;DELICIAS ALTAS Y BAJAS SUR;B;60
11;11. SUR;234;DELICIAS ALTAS Y BAJAS SUR;C;56
11;11. SUR;234;DELICIAS ALTAS Y BAJAS SUR;D;13
11;11. SUR;236;VILLA CANDADO;A;13
11;11. SUR;236;VILLA CANDADO;B;16
11;11. SUR;236;VILLA CANDADO;C;25
11;11. SUR;236;VILLA CANDADO;D;9
11;11. SUR;237;MALPASO;A;35
11;11. SUR;237;MALPASO;B;134
11;11. SUR;237;MALPASO;C;160
11;11. SUR;237;MALPASO;D;28
11;11. SUR;238;EL PORVENIR;A;92
11;11. SUR;238;EL PORVENIR;B;113
11;11. SUR;238;EL PORVENIR;C;87
11;11. SUR;238;EL PORVENIR;D;7
11;11. SUR;239;MANUELA BELTRAN ;A;167
11;11. SUR;239;MANUELA BELTRAN ;B;466
11;11. SUR;239;MANUELA BELTRAN ;C;641
11;11. SUR;239;MANUELA BELTRAN ;D;136
11;11. SUR;240;IGSABELAR;A;23
11;11. SUR;240;IGSABELAR;B;73
11;11. SUR;240;IGSABELAR;C;86
11;11. SUR;240;IGSABELAR;D;4
11;11. SUR;241;SANTAMARIA;A;64
11;11. SUR;241;SANTAMARIA;B;310
11;11. SUR;241;SANTAMARIA;C;479
11;11. SUR;241;SANTAMARIA;D;139
11;11. SUR;242;COAVICONSA;A;10
11;11. SUR;242;COAVICONSA;B;37
11;11. SUR;242;COAVICONSA;C;17
11;11. SUR;243;CIUDAD VENECIA ;A;28
11;11. SUR;243;CIUDAD VENECIA ;B;114
11;11. SUR;243;CIUDAD VENECIA ;C;222
11;11. SUR;243;CIUDAD VENECIA ;D;81
11;11. SUR;244;VILLA FLOR;A;11
11;11. SUR;244;VILLA FLOR;B;8
11;11. SUR;244;VILLA FLOR;C;17
11;11. SUR;244;VILLA FLOR;D;2
11;11. SUR;290;LOS CONQUISTADORES;A;115
11;11. SUR;290;LOS CONQUISTADORES;B;363
11;11. SUR;290;LOS CONQUISTADORES;C;369
11;11. SUR;290;LOS CONQUISTADORES;D;52
11;11. SUR;340;GRANJAS REAGAN;A;146
11;11. SUR;340;GRANJAS REAGAN;B;331
11;11. SUR;340;GRANJAS REAGAN;C;175
11;11. SUR;340;GRANJAS REAGAN;D;48
11;11. SUR;344;BALCONES DEL SUR;A;217
11;11. SUR;344;BALCONES DEL SUR;B;350
11;11. SUR;344;BALCONES DEL SUR;C;184
11;11. SUR;344;BALCONES DEL SUR;D;20
11;11. SUR;347;BRISAS DEL PARAISO ;A;208
11;11. SUR;347;BRISAS DEL PARAISO ;B;352
11;11. SUR;347;BRISAS DEL PARAISO ;C;314
11;11. SUR;347;BRISAS DEL PARAISO ;D;43
11;11. SUR;352;VILLAREAL;A;231
11;11. SUR;352;VILLAREAL;B;321
11;11. SUR;352;VILLAREAL;C;225
11;11. SUR;352;VILLAREAL;D;29
11;11. SUR;361;VILLAS DEL NOGAL;A;193
11;11. SUR;361;VILLAS DEL NOGAL;B;396
11;11. SUR;361;VILLAS DEL NOGAL;C;357
11;11. SUR;361;VILLAS DEL NOGAL;D;32
11;11. SUR;362;PUNTA PARAISO;A;160
11;11. SUR;362;PUNTA PARAISO;B;277
11;11. SUR;362;PUNTA PARAISO;C;397
11;11. SUR;362;PUNTA PARAISO;D;71
11;11. SUR;367;BRISAS DEL PALMAR;A;18
11;11. SUR;367;BRISAS DEL PALMAR;B;91
11;11. SUR;367;BRISAS DEL PALMAR;C;91
11;11. SUR;367;BRISAS DEL PALMAR;D;39
12;12. CABECERA DEL LLANO;121;QUEBRADA PAN DE AZUCAR;A;3
12;12. CABECERA DEL LLANO;121;QUEBRADA PAN DE AZUCAR;B;6
12;12. CABECERA DEL LLANO;121;QUEBRADA PAN DE AZUCAR;C;5
12;12. CABECERA DEL LLANO;123;CABECERA DEL LLANO;B;3
12;12. CABECERA DEL LLANO;126;PAN DE AZUCAR;A;2
12;12. CABECERA DEL LLANO;126;PAN DE AZUCAR;B;1
12;12. CABECERA DEL LLANO;126;PAN DE AZUCAR;C;2
12;12. CABECERA DEL LLANO;126;PAN DE AZUCAR;D;2
12;12. CABECERA DEL LLANO;136;SOTOMAYOR;A;3
12;12. CABECERA DEL LLANO;136;SOTOMAYOR;B;5
12;12. CABECERA DEL LLANO;136;SOTOMAYOR;C;7
12;12. CABECERA DEL LLANO;138;BOLARQUI;B;2
12;12. CABECERA DEL LLANO;138;BOLARQUI;C;2
12;12. CABECERA DEL LLANO;139;MERCEDES;B;2
12;12. CABECERA DEL LLANO;139;MERCEDES;C;5
12;12. CABECERA DEL LLANO;139;MERCEDES;D;1
12;12. CABECERA DEL LLANO;140;CONUCOS;B;3
12;12. CABECERA DEL LLANO;140;CONUCOS;C;1
12;12. CABECERA DEL LLANO;161;PUERTA DEL SOL;C;2
13;13. ORIENTAL;100;SAN ALONSO;A;42
13;13. ORIENTAL;100;SAN ALONSO;B;75
13;13. ORIENTAL;100;SAN ALONSO;C;36
13;13. ORIENTAL;100;SAN ALONSO;D;4
13;13. ORIENTAL;102;LOS PINOS;A;4
13;13. ORIENTAL;118;LAS AMERICAS;B;1
13;13. ORIENTAL;118;LAS AMERICAS;C;1
13;13. ORIENTAL;120;ALVAREZ;A;24
13;13. ORIENTAL;120;ALVAREZ;B;29
13;13. ORIENTAL;120;ALVAREZ;C;48
13;13. ORIENTAL;120;ALVAREZ;D;7
13;13. ORIENTAL;122;EL PRADO;A;3
13;13. ORIENTAL;122;EL PRADO;B;2
13;13. ORIENTAL;122;EL PRADO;C;7
13;13. ORIENTAL;122;EL PRADO;D;2
13;13. ORIENTAL;131;ANTONIA SANTOS CENTRO;A;65
13;13. ORIENTAL;131;ANTONIA SANTOS CENTRO;B;105
13;13. ORIENTAL;131;ANTONIA SANTOS CENTRO;C;87
13;13. ORIENTAL;131;ANTONIA SANTOS CENTRO;D;13
13;13. ORIENTAL;132;MEJORAS PUBLICAS;A;3
13;13. ORIENTAL;132;MEJORAS PUBLICAS;C;2
13;13. ORIENTAL;132;MEJORAS PUBLICAS;D;1
13;13. ORIENTAL;133;LA AURORA;A;4
13;13. ORIENTAL;133;LA AURORA;B;4
13;13. ORIENTAL;133;LA AURORA;C;4
13;13. ORIENTAL;133;LA AURORA;D;1
13;13. ORIENTAL;274;BOLIVAR;A;16
13;13. ORIENTAL;274;BOLIVAR;B;13
13;13. ORIENTAL;274;BOLIVAR;C;16
13;13. ORIENTAL;322;QUINTA BRIGADA;A;4
13;13. ORIENTAL;322;QUINTA BRIGADA;B;51
13;13. ORIENTAL;322;QUINTA BRIGADA;C;34
13;13. ORIENTAL;322;QUINTA BRIGADA;D;10
14;14. MORRORRICO;103;LA FLORA MORRORRICO;B;1
14;14. MORRORRICO;103;LA FLORA MORRORRICO;C;1
14;14. MORRORRICO;104;EL VENADO DE ORO MORRORRICO;A;50
14;14. MORRORRICO;104;EL VENADO DE ORO MORRORRICO;B;164
14;14. MORRORRICO;104;EL VENADO DE ORO MORRORRICO;C;148
14;14. MORRORRICO;104;EL VENADO DE ORO MORRORRICO;D;28
14;14. MORRORRICO;107;LOS SAUCES;A;21
14;14. MORRORRICO;107;LOS SAUCES;B;17
14;14. MORRORRICO;107;LOS SAUCES;C;6
14;14. MORRORRICO;108;LIMONCITO MORRORRICO;A;184
14;14. MORRORRICO;108;LIMONCITO MORRORRICO;B;628
14;14. MORRORRICO;108;LIMONCITO MORRORRICO;C;399
14;14. MORRORRICO;108;LIMONCITO MORRORRICO;D;51
14;14. MORRORRICO;109;VEGAS DE MORRORRICO;A;85
14;14. MORRORRICO;109;VEGAS DE MORRORRICO;B;282
14;14. MORRORRICO;109;VEGAS DE MORRORRICO;C;336
14;14. MORRORRICO;109;VEGAS DE MORRORRICO;D;63
14;14. MORRORRICO;110;MORRORRICO;A;72
14;14. MORRORRICO;110;MORRORRICO;B;186
14;14. MORRORRICO;110;MORRORRICO;C;150
14;14. MORRORRICO;110;MORRORRICO;D;13
14;14. MORRORRICO;112;EL DIVISO;A;134
14;14. MORRORRICO;112;EL DIVISO;B;382
14;14. MORRORRICO;112;EL DIVISO;C;584
14;14. MORRORRICO;112;EL DIVISO;D;80
14;14. MORRORRICO;114;BUENOS AIRES;A;752
14;14. MORRORRICO;114;BUENOS AIRES;B;1464
14;14. MORRORRICO;114;BUENOS AIRES;C;1123
14;14. MORRORRICO;114;BUENOS AIRES;D;137
14;14. MORRORRICO;115;BUENAVISTA;A;236
14;14. MORRORRICO;115;BUENAVISTA;B;664
14;14. MORRORRICO;115;BUENAVISTA;C;533
14;14. MORRORRICO;115;BUENAVISTA;D;81
14;14. MORRORRICO;116;MIRAFLORES;A;619
14;14. MORRORRICO;116;MIRAFLORES;B;1616
14;14. MORRORRICO;116;MIRAFLORES;C;1092
14;14. MORRORRICO;116;MIRAFLORES;D;132
14;14. MORRORRICO;117;ALBANIA;A;382
14;14. MORRORRICO;117;ALBANIA;B;1066
14;14. MORRORRICO;117;ALBANIA;C;1075
14;14. MORRORRICO;117;ALBANIA;D;162
14;14. MORRORRICO;360;EL RETIRO MORRORRICO;A;246
14;14. MORRORRICO;360;EL RETIRO MORRORRICO;B;576
14;14. MORRORRICO;360;EL RETIRO MORRORRICO;C;441
14;14. MORRORRICO;360;EL RETIRO MORRORRICO;D;44
14;14. MORRORRICO;369;MIRAMANGA;A;176
14;14. MORRORRICO;369;MIRAMANGA;B;242
14;14. MORRORRICO;369;MIRAMANGA;C;143
14;14. MORRORRICO;369;MIRAMANGA;D;2
15;15. CENTRO;130;CENTRO;A;83
15;15. CENTRO;130;CENTRO;B;116
15;15. CENTRO;130;CENTRO;C;56
15;15. CENTRO;130;CENTRO;D;3
15;15. CENTRO;141;GARCIA ROVIRA;A;44
15;15. CENTRO;141;GARCIA ROVIRA;B;60
15;15. CENTRO;141;GARCIA ROVIRA;C;20
15;15. CENTRO;141;GARCIA ROVIRA;D;1
16;16. LAGOS DEL CACIQUE;215;PORTON DEL TEJAR;B;2
16;16. LAGOS DEL CACIQUE;215;PORTON DEL TEJAR;C;1
16;16. LAGOS DEL CACIQUE;215;PORTON DEL TEJAR;D;1
16;16. LAGOS DEL CACIQUE;216;ALTOS DEL CACIQUE;A;5
16;16. LAGOS DEL CACIQUE;216;ALTOS DEL CACIQUE;B;3
16;16. LAGOS DEL CACIQUE;216;ALTOS DEL CACIQUE;C;2
16;16. LAGOS DEL CACIQUE;217;HACIENDA SAN JUAN;A;3
16;16. LAGOS DEL CACIQUE;217;HACIENDA SAN JUAN;C;5
16;16. LAGOS DEL CACIQUE;218;SAN EXPEDITO;A;48
16;16. LAGOS DEL CACIQUE;218;SAN EXPEDITO;B;82
16;16. LAGOS DEL CACIQUE;218;SAN EXPEDITO;C;166
16;16. LAGOS DEL CACIQUE;218;SAN EXPEDITO;D;21
16;16. LAGOS DEL CACIQUE;219;SANTA BARBARA CASAS;A;7
16;16. LAGOS DEL CACIQUE;219;SANTA BARBARA CASAS;B;15
16;16. LAGOS DEL CACIQUE;219;SANTA BARBARA CASAS;C;6
16;16. LAGOS DEL CACIQUE;315;LAGOS DEL CACIQUE;A;7
16;16. LAGOS DEL CACIQUE;341;BOSQUE DEL CACIQUE;A;7
16;16. LAGOS DEL CACIQUE;341;BOSQUE DEL CACIQUE;B;2
16;16. LAGOS DEL CACIQUE;341;BOSQUE DEL CACIQUE;C;22
16;16. LAGOS DEL CACIQUE;341;BOSQUE DEL CACIQUE;D;5
17;17. MUTIS;164;MUTIS;A;201
17;17. MUTIS;164;MUTIS;B;257
17;17. MUTIS;164;MUTIS;C;184
17;17. MUTIS;164;MUTIS;D;11
17;17. MUTIS;165;BRISAS DEL MUTIS;A;14
17;17. MUTIS;165;BRISAS DEL MUTIS;B;28
17;17. MUTIS;165;BRISAS DEL MUTIS;C;14
17;17. MUTIS;165;BRISAS DEL MUTIS;D;2
17;17. MUTIS;166;MONTERREDONDO;A;78
17;17. MUTIS;166;MONTERREDONDO;B;411
17;17. MUTIS;166;MONTERREDONDO;C;564
17;17. MUTIS;166;MONTERREDONDO;D;133
17;17. MUTIS;168;FUNDADORES I Y II;A;4
17;17. MUTIS;168;FUNDADORES I Y II;B;2
17;17. MUTIS;168;FUNDADORES I Y II;C;6
17;17. MUTIS;170;MANZANARES;B;16
17;17. MUTIS;170;MANZANARES;C;16
17;17. MUTIS;172;PRADOS DEL MUTIS;A;21
17;17. MUTIS;172;PRADOS DEL MUTIS;B;25
17;17. MUTIS;172;PRADOS DEL MUTIS;C;34
17;17. MUTIS;172;PRADOS DEL MUTIS;D;2
17;17. MUTIS;173;ESTORAQUES;A;427
17;17. MUTIS;173;ESTORAQUES;B;1213
17;17. MUTIS;173;ESTORAQUES;C;1386
17;17. MUTIS;173;ESTORAQUES;D;221
17;17. MUTIS;173;ESTORAQUES;(blank);12
17;17. MUTIS;176;LOS HEROES;A;33
17;17. MUTIS;176;LOS HEROES;B;17
17;17. MUTIS;176;LOS HEROES;C;33
17;17. MUTIS;176;LOS HEROES;D;7
17;17. MUTIS;363;LA GRAN LADERA;A;46
17;17. MUTIS;363;LA GRAN LADERA;B;234
17;17. MUTIS;363;LA GRAN LADERA;C;255
17;17. MUTIS;363;LA GRAN LADERA;D;59
