Cod_comuna_x;Cod_corregimiento;NOM_CORREGIMIENTO;Cod_vereda;NOM_VEREDA;Cod_barrio;NOM_BARRIO;Grupo;personas
1;0;SIN CORREGIMIENTO;0;SIN VEREDA;1;EL PAULON VILLA PATRICIA;A;99
1;0;SIN CORREGIMIENTO;0;SIN VEREDA;1;EL PAULON VILLA PATRICIA;B;209
1;0;SIN CORREGIMIENTO;0;SIN VEREDA;1;EL PAULON VILLA PATRICIA;C;107
1;0;SIN CORREGIMIENTO;0;SIN VEREDA;1;EL PAULON VILLA PATRICIA;D;6
1;0;SIN CORREGIMIENTO;0;SIN VEREDA;2;EL PAULON VILLA LINA;A;268
1;0;SIN CORREGIMIENTO;0;SIN VEREDA;2;EL PAULON VILLA LINA;B;396
1;0;SIN CORREGIMIENTO;0;SIN VEREDA;2;EL PAULON VILLA LINA;C;283
1;0;SIN CORREGIMIENTO;0;SIN VEREDA;2;EL PAULON VILLA LINA;D;15
1;0;SIN CORREGIMIENTO;0;SIN VEREDA;3;COLORADOS;A;492
1;0;SIN CORREGIMIENTO;0;SIN VEREDA;3;COLORADOS;B;1194
1;0;SIN CORREGIMIENTO;0;SIN VEREDA;3;COLORADOS;C;999
1;0;SIN CORREGIMIENTO;0;SIN VEREDA;3;COLORADOS;D;151
1;0;SIN CORREGIMIENTO;0;SIN VEREDA;4;EL PAULON;A;234
1;0;SIN CORREGIMIENTO;0;SIN VEREDA;4;EL PAULON;B;567
1;0;SIN CORREGIMIENTO;0;SIN VEREDA;4;EL PAULON;C;307
1;0;SIN CORREGIMIENTO;0;SIN VEREDA;4;EL PAULON;D;25
1;0;SIN CORREGIMIENTO;0;SIN VEREDA;5;ROSALTA COLORADOS;A;46
1;0;SIN CORREGIMIENTO;0;SIN VEREDA;5;ROSALTA COLORADOS;B;150
1;0;SIN CORREGIMIENTO;0;SIN VEREDA;5;ROSALTA COLORADOS;C;133
1;0;SIN CORREGIMIENTO;0;SIN VEREDA;5;ROSALTA COLORADOS;D;21
1;0;SIN CORREGIMIENTO;0;SIN VEREDA;6;COLORADOS PATIO BONITO;A;119
1;0;SIN CORREGIMIENTO;0;SIN VEREDA;6;COLORADOS PATIO BONITO;B;148
1;0;SIN CORREGIMIENTO;0;SIN VEREDA;6;COLORADOS PATIO BONITO;C;75
1;0;SIN CORREGIMIENTO;0;SIN VEREDA;6;COLORADOS PATIO BONITO;D;9
1;0;SIN CORREGIMIENTO;0;SIN VEREDA;7;CAFê MADRID VILLA ALICIA;A;51
1;0;SIN CORREGIMIENTO;0;SIN VEREDA;7;CAFê MADRID VILLA ALICIA;B;92
1;0;SIN CORREGIMIENTO;0;SIN VEREDA;7;CAFê MADRID VILLA ALICIA;C;42
1;0;SIN CORREGIMIENTO;0;SIN VEREDA;7;CAFê MADRID VILLA ALICIA;D;5
1;0;SIN CORREGIMIENTO;0;SIN VEREDA;8;EL ROSAL COLORADOS;A;182
1;0;SIN CORREGIMIENTO;0;SIN VEREDA;8;EL ROSAL COLORADOS;B;230
1;0;SIN CORREGIMIENTO;0;SIN VEREDA;8;EL ROSAL COLORADOS;C;244
1;0;SIN CORREGIMIENTO;0;SIN VEREDA;8;EL ROSAL COLORADOS;D;25
1;0;SIN CORREGIMIENTO;0;SIN VEREDA;9;LAS DELICIAS;A;11
1;0;SIN CORREGIMIENTO;0;SIN VEREDA;9;LAS DELICIAS;B;10
1;0;SIN CORREGIMIENTO;0;SIN VEREDA;9;LAS DELICIAS;C;2
1;0;SIN CORREGIMIENTO;0;SIN VEREDA;10;ASENTAMIENTO BARRIO NUEVO;A;8
1;0;SIN CORREGIMIENTO;0;SIN VEREDA;10;ASENTAMIENTO BARRIO NUEVO;B;13
1;0;SIN CORREGIMIENTO;0;SIN VEREDA;11;DIVINO NI•O NORTE;A;29
1;0;SIN CORREGIMIENTO;0;SIN VEREDA;11;DIVINO NI•O NORTE;B;149
1;0;SIN CORREGIMIENTO;0;SIN VEREDA;11;DIVINO NI•O NORTE;C;89
1;0;SIN CORREGIMIENTO;0;SIN VEREDA;11;DIVINO NI•O NORTE;D;8
1;0;SIN CORREGIMIENTO;0;SIN VEREDA;12;CAFê MADRID EL TÈNEL;A;233
1;0;SIN CORREGIMIENTO;0;SIN VEREDA;12;CAFê MADRID EL TÈNEL;B;298
1;0;SIN CORREGIMIENTO;0;SIN VEREDA;12;CAFê MADRID EL TÈNEL;C;162
1;0;SIN CORREGIMIENTO;0;SIN VEREDA;12;CAFê MADRID EL TÈNEL;D;21
1;0;SIN CORREGIMIENTO;0;SIN VEREDA;13;CAFê MADRID LA UNI‡N;A;28
1;0;SIN CORREGIMIENTO;0;SIN VEREDA;13;CAFê MADRID LA UNI‡N;B;49
1;0;SIN CORREGIMIENTO;0;SIN VEREDA;13;CAFê MADRID LA UNI‡N;C;32
1;0;SIN CORREGIMIENTO;0;SIN VEREDA;13;CAFê MADRID LA UNI‡N;D;1
1;0;SIN CORREGIMIENTO;0;SIN VEREDA;14;CAFê MADRID;A;170
1;0;SIN CORREGIMIENTO;0;SIN VEREDA;14;CAFê MADRID;B;313
1;0;SIN CORREGIMIENTO;0;SIN VEREDA;14;CAFê MADRID;C;170
1;0;SIN CORREGIMIENTO;0;SIN VEREDA;14;CAFê MADRID;D;20
1;0;SIN CORREGIMIENTO;0;SIN VEREDA;15;CAFê MADRID LA PLAYA;A;162
1;0;SIN CORREGIMIENTO;0;SIN VEREDA;15;CAFê MADRID LA PLAYA;B;314
1;0;SIN CORREGIMIENTO;0;SIN VEREDA;15;CAFê MADRID LA PLAYA;C;160
1;0;SIN CORREGIMIENTO;0;SIN VEREDA;15;CAFê MADRID LA PLAYA;D;10
1;0;SIN CORREGIMIENTO;0;SIN VEREDA;19;CAFê MADRID LA LOMA;A;51
1;0;SIN CORREGIMIENTO;0;SIN VEREDA;19;CAFê MADRID LA LOMA;B;76
1;0;SIN CORREGIMIENTO;0;SIN VEREDA;19;CAFê MADRID LA LOMA;C;67
1;0;SIN CORREGIMIENTO;0;SIN VEREDA;19;CAFê MADRID LA LOMA;D;10
1;0;SIN CORREGIMIENTO;0;SIN VEREDA;24;CIUDADELA CAFê MADRID ;A;403
1;0;SIN CORREGIMIENTO;0;SIN VEREDA;24;CIUDADELA CAFê MADRID ;B;993
1;0;SIN CORREGIMIENTO;0;SIN VEREDA;24;CIUDADELA CAFê MADRID ;C;540
1;0;SIN CORREGIMIENTO;0;SIN VEREDA;24;CIUDADELA CAFê MADRID ;D;51
1;0;SIN CORREGIMIENTO;0;SIN VEREDA;25;CAFê MADRID EL PLAN;A;124
1;0;SIN CORREGIMIENTO;0;SIN VEREDA;25;CAFê MADRID EL PLAN;B;359
1;0;SIN CORREGIMIENTO;0;SIN VEREDA;25;CAFê MADRID EL PLAN;C;203
1;0;SIN CORREGIMIENTO;0;SIN VEREDA;25;CAFê MADRID EL PLAN;D;21
1;0;SIN CORREGIMIENTO;0;SIN VEREDA;26;CAFê MADRID LA VIRGEN;A;35
1;0;SIN CORREGIMIENTO;0;SIN VEREDA;26;CAFê MADRID LA VIRGEN;B;94
1;0;SIN CORREGIMIENTO;0;SIN VEREDA;26;CAFê MADRID LA VIRGEN;C;27
1;0;SIN CORREGIMIENTO;0;SIN VEREDA;26;CAFê MADRID LA VIRGEN;D;2
1;0;SIN CORREGIMIENTO;0;SIN VEREDA;27;CAFê MADRID EL SUICHE;A;29
1;0;SIN CORREGIMIENTO;0;SIN VEREDA;27;CAFê MADRID EL SUICHE;B;17
1;0;SIN CORREGIMIENTO;0;SIN VEREDA;27;CAFê MADRID EL SUICHE;C;11
1;0;SIN CORREGIMIENTO;0;SIN VEREDA;28;CAFê MADRID EL CABLE;A;121
1;0;SIN CORREGIMIENTO;0;SIN VEREDA;28;CAFê MADRID EL CABLE;B;200
1;0;SIN CORREGIMIENTO;0;SIN VEREDA;28;CAFê MADRID EL CABLE;C;84
1;0;SIN CORREGIMIENTO;0;SIN VEREDA;28;CAFê MADRID EL CABLE;D;12
1;0;SIN CORREGIMIENTO;0;SIN VEREDA;29;KENNEDY;A;290
1;0;SIN CORREGIMIENTO;0;SIN VEREDA;29;KENNEDY;B;888
1;0;SIN CORREGIMIENTO;0;SIN VEREDA;29;KENNEDY;C;1416
1;0;SIN CORREGIMIENTO;0;SIN VEREDA;29;KENNEDY;D;304
1;0;SIN CORREGIMIENTO;0;SIN VEREDA;30;VILLA ALEGRIA;A;150
1;0;SIN CORREGIMIENTO;0;SIN VEREDA;30;VILLA ALEGRIA;B;381
1;0;SIN CORREGIMIENTO;0;SIN VEREDA;30;VILLA ALEGRIA;C;342
1;0;SIN CORREGIMIENTO;0;SIN VEREDA;30;VILLA ALEGRIA;D;26
1;0;SIN CORREGIMIENTO;0;SIN VEREDA;31;LAS HAMACAS;A;124
1;0;SIN CORREGIMIENTO;0;SIN VEREDA;31;LAS HAMACAS;B;305
1;0;SIN CORREGIMIENTO;0;SIN VEREDA;31;LAS HAMACAS;C;270
1;0;SIN CORREGIMIENTO;0;SIN VEREDA;31;LAS HAMACAS;D;32
1;0;SIN CORREGIMIENTO;0;SIN VEREDA;32;MAR÷A PAZ;A;405
1;0;SIN CORREGIMIENTO;0;SIN VEREDA;32;MAR÷A PAZ;B;1743
1;0;SIN CORREGIMIENTO;0;SIN VEREDA;32;MAR÷A PAZ;C;1496
1;0;SIN CORREGIMIENTO;0;SIN VEREDA;32;MAR÷A PAZ;D;136
1;0;SIN CORREGIMIENTO;0;SIN VEREDA;33;ALTOS DEL KENNEDY;A;41
1;0;SIN CORREGIMIENTO;0;SIN VEREDA;33;ALTOS DEL KENNEDY;B;187
1;0;SIN CORREGIMIENTO;0;SIN VEREDA;33;ALTOS DEL KENNEDY;C;212
1;0;SIN CORREGIMIENTO;0;SIN VEREDA;33;ALTOS DEL KENNEDY;D;48
1;0;SIN CORREGIMIENTO;0;SIN VEREDA;35;MINUTO DE DIOS;A;52
1;0;SIN CORREGIMIENTO;0;SIN VEREDA;35;MINUTO DE DIOS;B;253
1;0;SIN CORREGIMIENTO;0;SIN VEREDA;35;MINUTO DE DIOS;C;485
1;0;SIN CORREGIMIENTO;0;SIN VEREDA;35;MINUTO DE DIOS;D;127
1;0;SIN CORREGIMIENTO;0;SIN VEREDA;36;MIRADOR DEL KENNEDY;A;32
1;0;SIN CORREGIMIENTO;0;SIN VEREDA;36;MIRADOR DEL KENNEDY;B;52
1;0;SIN CORREGIMIENTO;0;SIN VEREDA;36;MIRADOR DEL KENNEDY;C;76
1;0;SIN CORREGIMIENTO;0;SIN VEREDA;36;MIRADOR DEL KENNEDY;D;13
1;0;SIN CORREGIMIENTO;0;SIN VEREDA;38;COLSEGUROS NORTE;A;74
1;0;SIN CORREGIMIENTO;0;SIN VEREDA;38;COLSEGUROS NORTE;B;337
1;0;SIN CORREGIMIENTO;0;SIN VEREDA;38;COLSEGUROS NORTE;C;468
1;0;SIN CORREGIMIENTO;0;SIN VEREDA;38;COLSEGUROS NORTE;D;76
1;0;SIN CORREGIMIENTO;0;SIN VEREDA;39;OMAGA I ;A;10
1;0;SIN CORREGIMIENTO;0;SIN VEREDA;39;OMAGA I ;B;82
1;0;SIN CORREGIMIENTO;0;SIN VEREDA;39;OMAGA I ;C;81
1;0;SIN CORREGIMIENTO;0;SIN VEREDA;39;OMAGA I ;D;21
1;0;SIN CORREGIMIENTO;0;SIN VEREDA;40;MIRAMAR;A;42
1;0;SIN CORREGIMIENTO;0;SIN VEREDA;40;MIRAMAR;B;161
1;0;SIN CORREGIMIENTO;0;SIN VEREDA;40;MIRAMAR;C;227
1;0;SIN CORREGIMIENTO;0;SIN VEREDA;40;MIRAMAR;D;33
1;0;SIN CORREGIMIENTO;0;SIN VEREDA;41;BALCONES DEL KENNEDY;A;193
1;0;SIN CORREGIMIENTO;0;SIN VEREDA;41;BALCONES DEL KENNEDY;B;438
1;0;SIN CORREGIMIENTO;0;SIN VEREDA;41;BALCONES DEL KENNEDY;C;423
1;0;SIN CORREGIMIENTO;0;SIN VEREDA;41;BALCONES DEL KENNEDY;D;67
1;0;SIN CORREGIMIENTO;0;SIN VEREDA;42;VILLA MAR÷A;A;107
1;0;SIN CORREGIMIENTO;0;SIN VEREDA;42;VILLA MAR÷A;B;155
1;0;SIN CORREGIMIENTO;0;SIN VEREDA;42;VILLA MAR÷A;C;105
1;0;SIN CORREGIMIENTO;0;SIN VEREDA;42;VILLA MAR÷A;D;7
1;0;SIN CORREGIMIENTO;0;SIN VEREDA;43;ASENTAMIENTO VILLA MAR÷A;B;3
1;0;SIN CORREGIMIENTO;0;SIN VEREDA;45;LOS µNGELES;C;2
1;0;SIN CORREGIMIENTO;0;SIN VEREDA;47;OLAS ALTAS Y BAJAS;A;125
1;0;SIN CORREGIMIENTO;0;SIN VEREDA;47;OLAS ALTAS Y BAJAS;B;314
1;0;SIN CORREGIMIENTO;0;SIN VEREDA;47;OLAS ALTAS Y BAJAS;C;556
1;0;SIN CORREGIMIENTO;0;SIN VEREDA;47;OLAS ALTAS Y BAJAS;D;66
1;0;SIN CORREGIMIENTO;0;SIN VEREDA;49;PAISAJES DEL NORTE;A;97
1;0;SIN CORREGIMIENTO;0;SIN VEREDA;49;PAISAJES DEL NORTE;B;321
1;0;SIN CORREGIMIENTO;0;SIN VEREDA;49;PAISAJES DEL NORTE;C;274
1;0;SIN CORREGIMIENTO;0;SIN VEREDA;49;PAISAJES DEL NORTE;D;25
1;0;SIN CORREGIMIENTO;0;SIN VEREDA;50;VILLA ROSA;A;648
1;0;SIN CORREGIMIENTO;0;SIN VEREDA;50;VILLA ROSA;B;2258
1;0;SIN CORREGIMIENTO;0;SIN VEREDA;50;VILLA ROSA;C;2376
1;0;SIN CORREGIMIENTO;0;SIN VEREDA;50;VILLA ROSA;D;333
1;0;SIN CORREGIMIENTO;0;SIN VEREDA;54;MIRADOR NORTE;B;2
1;0;SIN CORREGIMIENTO;0;SIN VEREDA;55;CLAVERIANO;A;320
1;0;SIN CORREGIMIENTO;0;SIN VEREDA;55;CLAVERIANO;B;676
1;0;SIN CORREGIMIENTO;0;SIN VEREDA;55;CLAVERIANO;C;350
1;0;SIN CORREGIMIENTO;0;SIN VEREDA;55;CLAVERIANO;D;32
1;0;SIN CORREGIMIENTO;0;SIN VEREDA;56;ALTOS DEL PROGRESO;A;224
1;0;SIN CORREGIMIENTO;0;SIN VEREDA;56;ALTOS DEL PROGRESO;B;605
1;0;SIN CORREGIMIENTO;0;SIN VEREDA;56;ALTOS DEL PROGRESO;C;377
1;0;SIN CORREGIMIENTO;0;SIN VEREDA;56;ALTOS DEL PROGRESO;D;30
1;0;SIN CORREGIMIENTO;0;SIN VEREDA;58;13 DE JUNIO;A;8
1;0;SIN CORREGIMIENTO;0;SIN VEREDA;58;13 DE JUNIO;B;61
1;0;SIN CORREGIMIENTO;0;SIN VEREDA;58;13 DE JUNIO;C;113
1;0;SIN CORREGIMIENTO;0;SIN VEREDA;58;13 DE JUNIO;D;27
1;0;SIN CORREGIMIENTO;0;SIN VEREDA;69;VILLA MERCEDES;C;1
1;0;SIN CORREGIMIENTO;0;SIN VEREDA;88;CAFê MADRID LA 40;A;3
1;0;SIN CORREGIMIENTO;0;SIN VEREDA;88;CAFê MADRID LA 40;B;44
1;0;SIN CORREGIMIENTO;0;SIN VEREDA;88;CAFê MADRID LA 40;C;48
1;0;SIN CORREGIMIENTO;0;SIN VEREDA;88;CAFê MADRID LA 40;D;2
1;0;SIN CORREGIMIENTO;0;SIN VEREDA;91;TEJADITOS;A;19
1;0;SIN CORREGIMIENTO;0;SIN VEREDA;91;TEJADITOS;B;3
1;0;SIN CORREGIMIENTO;0;SIN VEREDA;91;TEJADITOS;C;3
1;0;SIN CORREGIMIENTO;0;SIN VEREDA;94;EL NOGAL 2;A;229
1;0;SIN CORREGIMIENTO;0;SIN VEREDA;94;EL NOGAL 2;B;303
1;0;SIN CORREGIMIENTO;0;SIN VEREDA;94;EL NOGAL 2;C;111
1;0;SIN CORREGIMIENTO;0;SIN VEREDA;94;EL NOGAL 2;D;7
1;0;SIN CORREGIMIENTO;0;SIN VEREDA;108;LIMONCITO MORRORRICO;A;3
1;0;SIN CORREGIMIENTO;0;SIN VEREDA;229;VILLA SARA;A;4
1;0;SIN CORREGIMIENTO;0;SIN VEREDA;230;VILLA ALICIA;A;27
1;0;SIN CORREGIMIENTO;0;SIN VEREDA;230;VILLA ALICIA;B;80
1;0;SIN CORREGIMIENTO;0;SIN VEREDA;230;VILLA ALICIA;C;59
1;0;SIN CORREGIMIENTO;0;SIN VEREDA;230;VILLA ALICIA;D;2
1;0;SIN CORREGIMIENTO;0;SIN VEREDA;235;DELICIAS NORTE;A;18
1;0;SIN CORREGIMIENTO;0;SIN VEREDA;235;DELICIAS NORTE;B;53
1;0;SIN CORREGIMIENTO;0;SIN VEREDA;235;DELICIAS NORTE;C;38
1;0;SIN CORREGIMIENTO;0;SIN VEREDA;235;DELICIAS NORTE;D;5
1;0;SIN CORREGIMIENTO;0;SIN VEREDA;244;VILLA FLOR;B;4
1;0;SIN CORREGIMIENTO;0;SIN VEREDA;247;LA FORTUNA;A;111
1;0;SIN CORREGIMIENTO;0;SIN VEREDA;247;LA FORTUNA;B;286
1;0;SIN CORREGIMIENTO;0;SIN VEREDA;247;LA FORTUNA;C;95
1;0;SIN CORREGIMIENTO;0;SIN VEREDA;247;LA FORTUNA;D;9
1;0;SIN CORREGIMIENTO;0;SIN VEREDA;281;SAN IGNACIO REAL;A;51
1;0;SIN CORREGIMIENTO;0;SIN VEREDA;281;SAN IGNACIO REAL;B;244
1;0;SIN CORREGIMIENTO;0;SIN VEREDA;281;SAN IGNACIO REAL;C;126
1;0;SIN CORREGIMIENTO;0;SIN VEREDA;281;SAN IGNACIO REAL;D;2
1;0;SIN CORREGIMIENTO;0;SIN VEREDA;291;CAMINOS DE PAZ;A;40
1;0;SIN CORREGIMIENTO;0;SIN VEREDA;291;CAMINOS DE PAZ;B;74
1;0;SIN CORREGIMIENTO;0;SIN VEREDA;291;CAMINOS DE PAZ;C;32
1;0;SIN CORREGIMIENTO;0;SIN VEREDA;291;CAMINOS DE PAZ;D;3
1;0;SIN CORREGIMIENTO;0;SIN VEREDA;292;LAS TUNAS;A;2
1;0;SIN CORREGIMIENTO;0;SIN VEREDA;297;TEJAR II;A;61
1;0;SIN CORREGIMIENTO;0;SIN VEREDA;297;TEJAR II;B;297
1;0;SIN CORREGIMIENTO;0;SIN VEREDA;297;TEJAR II;C;402
1;0;SIN CORREGIMIENTO;0;SIN VEREDA;297;TEJAR II;D;93
1;0;SIN CORREGIMIENTO;0;SIN VEREDA;298;TEJAR I;A;68
1;0;SIN CORREGIMIENTO;0;SIN VEREDA;298;TEJAR I;B;229
1;0;SIN CORREGIMIENTO;0;SIN VEREDA;298;TEJAR I;C;262
1;0;SIN CORREGIMIENTO;0;SIN VEREDA;298;TEJAR I;D;43
1;0;SIN CORREGIMIENTO;0;SIN VEREDA;299;OMAGA II;A;104
1;0;SIN CORREGIMIENTO;0;SIN VEREDA;299;OMAGA II;B;264
1;0;SIN CORREGIMIENTO;0;SIN VEREDA;299;OMAGA II;C;208
1;0;SIN CORREGIMIENTO;0;SIN VEREDA;299;OMAGA II;D;24
1;0;SIN CORREGIMIENTO;0;SIN VEREDA;301;CERVUNION;A;114
1;0;SIN CORREGIMIENTO;0;SIN VEREDA;301;CERVUNION;B;165
1;0;SIN CORREGIMIENTO;0;SIN VEREDA;301;CERVUNION;C;103
1;0;SIN CORREGIMIENTO;0;SIN VEREDA;301;CERVUNION;D;11
1;0;SIN CORREGIMIENTO;0;SIN VEREDA;302;ASENTAMIENTO LUZ DE ESPERANZA;A;2
1;0;SIN CORREGIMIENTO;0;SIN VEREDA;302;ASENTAMIENTO LUZ DE ESPERANZA;B;19
1;0;SIN CORREGIMIENTO;0;SIN VEREDA;302;ASENTAMIENTO LUZ DE ESPERANZA;C;7
1;0;SIN CORREGIMIENTO;0;SIN VEREDA;305;SAN VALENT÷N;A;137
1;0;SIN CORREGIMIENTO;0;SIN VEREDA;305;SAN VALENT÷N;B;258
1;0;SIN CORREGIMIENTO;0;SIN VEREDA;305;SAN VALENT÷N;C;174
1;0;SIN CORREGIMIENTO;0;SIN VEREDA;305;SAN VALENT÷N;D;29
1;0;SIN CORREGIMIENTO;0;SIN VEREDA;311;ALTOS DE BETANIA;A;224
1;0;SIN CORREGIMIENTO;0;SIN VEREDA;311;ALTOS DE BETANIA;B;558
1;0;SIN CORREGIMIENTO;0;SIN VEREDA;311;ALTOS DE BETANIA;C;404
1;0;SIN CORREGIMIENTO;0;SIN VEREDA;311;ALTOS DE BETANIA;D;46
1;0;SIN CORREGIMIENTO;0;SIN VEREDA;311;ALTOS DE BETANIA;(blank);7
1;0;SIN CORREGIMIENTO;0;SIN VEREDA;328;CAMPESTRE NORTE ;A;597
1;0;SIN CORREGIMIENTO;0;SIN VEREDA;328;CAMPESTRE NORTE ;B;1249
1;0;SIN CORREGIMIENTO;0;SIN VEREDA;328;CAMPESTRE NORTE ;C;704
1;0;SIN CORREGIMIENTO;0;SIN VEREDA;328;CAMPESTRE NORTE ;D;57
1;0;SIN CORREGIMIENTO;0;SIN VEREDA;332;BONANZA CAMPESTRE;A;115
1;0;SIN CORREGIMIENTO;0;SIN VEREDA;332;BONANZA CAMPESTRE;B;276
1;0;SIN CORREGIMIENTO;0;SIN VEREDA;332;BONANZA CAMPESTRE;C;101
1;0;SIN CORREGIMIENTO;0;SIN VEREDA;332;BONANZA CAMPESTRE;D;10
1;0;SIN CORREGIMIENTO;0;SIN VEREDA;335;PUENTE NARI•O;A;466
1;0;SIN CORREGIMIENTO;0;SIN VEREDA;335;PUENTE NARI•O;B;492
1;0;SIN CORREGIMIENTO;0;SIN VEREDA;335;PUENTE NARI•O;C;78
1;0;SIN CORREGIMIENTO;0;SIN VEREDA;335;PUENTE NARI•O;D;7
1;0;SIN CORREGIMIENTO;0;SIN VEREDA;338;CAFE MADRID LA SEXTA;A;18
1;0;SIN CORREGIMIENTO;0;SIN VEREDA;338;CAFE MADRID LA SEXTA;B;51
1;0;SIN CORREGIMIENTO;0;SIN VEREDA;338;CAFE MADRID LA SEXTA;C;28
1;0;SIN CORREGIMIENTO;0;SIN VEREDA;338;CAFE MADRID LA SEXTA;D;5
1;0;SIN CORREGIMIENTO;0;SIN VEREDA;342;VILLAS DE SAN IGNACIO;A;155
1;0;SIN CORREGIMIENTO;0;SIN VEREDA;342;VILLAS DE SAN IGNACIO;B;347
1;0;SIN CORREGIMIENTO;0;SIN VEREDA;342;VILLAS DE SAN IGNACIO;C;224
1;0;SIN CORREGIMIENTO;0;SIN VEREDA;342;VILLAS DE SAN IGNACIO;D;31
1;0;SIN CORREGIMIENTO;0;SIN VEREDA;346;JARDINES DE ALTAGRACIA;A;7
1;0;SIN CORREGIMIENTO;0;SIN VEREDA;346;JARDINES DE ALTAGRACIA;B;42
1;0;SIN CORREGIMIENTO;0;SIN VEREDA;346;JARDINES DE ALTAGRACIA;C;69
1;0;SIN CORREGIMIENTO;0;SIN VEREDA;346;JARDINES DE ALTAGRACIA;D;18
1;0;SIN CORREGIMIENTO;0;SIN VEREDA;348;PORTAL DE LOS µNGELES;A;99
1;0;SIN CORREGIMIENTO;0;SIN VEREDA;348;PORTAL DE LOS µNGELES;B;312
1;0;SIN CORREGIMIENTO;0;SIN VEREDA;348;PORTAL DE LOS µNGELES;C;258
1;0;SIN CORREGIMIENTO;0;SIN VEREDA;348;PORTAL DE LOS µNGELES;D;33
1;0;SIN CORREGIMIENTO;0;SIN VEREDA;350;BETANIA ;A;456
1;0;SIN CORREGIMIENTO;0;SIN VEREDA;350;BETANIA ;B;1430
1;0;SIN CORREGIMIENTO;0;SIN VEREDA;350;BETANIA ;C;1171
1;0;SIN CORREGIMIENTO;0;SIN VEREDA;350;BETANIA ;D;92
1;0;SIN CORREGIMIENTO;0;SIN VEREDA;350;BETANIA ;(blank);5
1;0;SIN CORREGIMIENTO;0;SIN VEREDA;351;CAFê MADRID LA ESTACI‡N;A;148
1;0;SIN CORREGIMIENTO;0;SIN VEREDA;351;CAFê MADRID LA ESTACI‡N;B;372
1;0;SIN CORREGIMIENTO;0;SIN VEREDA;351;CAFê MADRID LA ESTACI‡N;C;275
1;0;SIN CORREGIMIENTO;0;SIN VEREDA;351;CAFê MADRID LA ESTACI‡N;D;34
1;0;SIN CORREGIMIENTO;0;SIN VEREDA;354;MIRADOR DE COLORADOS;A;22
1;0;SIN CORREGIMIENTO;0;SIN VEREDA;354;MIRADOR DE COLORADOS;B;58
1;0;SIN CORREGIMIENTO;0;SIN VEREDA;354;MIRADOR DE COLORADOS;C;79
1;0;SIN CORREGIMIENTO;0;SIN VEREDA;354;MIRADOR DE COLORADOS;D;4
1;0;SIN CORREGIMIENTO;0;SIN VEREDA;356;BAVARIA;A;509
1;0;SIN CORREGIMIENTO;0;SIN VEREDA;356;BAVARIA;B;1227
1;0;SIN CORREGIMIENTO;0;SIN VEREDA;356;BAVARIA;C;907
1;0;SIN CORREGIMIENTO;0;SIN VEREDA;356;BAVARIA;D;94
1;0;SIN CORREGIMIENTO;0;SIN VEREDA;357;CAFê MADRID CORRALES;A;5
1;0;SIN CORREGIMIENTO;0;SIN VEREDA;357;CAFê MADRID CORRALES;B;15
1;0;SIN CORREGIMIENTO;0;SIN VEREDA;357;CAFê MADRID CORRALES;C;29
1;0;SIN CORREGIMIENTO;0;SIN VEREDA;359;GETSEMANI;A;124
1;0;SIN CORREGIMIENTO;0;SIN VEREDA;359;GETSEMANI;B;215
1;0;SIN CORREGIMIENTO;0;SIN VEREDA;359;GETSEMANI;C;133
1;0;SIN CORREGIMIENTO;0;SIN VEREDA;359;GETSEMANI;D;13
1;0;SIN CORREGIMIENTO;0;SIN VEREDA;361;VILLAS DEL NOGAL;A;4
1;0;SIN CORREGIMIENTO;0;SIN VEREDA;366;LOS CEDROS NORTE;A;14
1;0;SIN CORREGIMIENTO;0;SIN VEREDA;366;LOS CEDROS NORTE;B;26
1;0;SIN CORREGIMIENTO;0;SIN VEREDA;366;LOS CEDROS NORTE;C;27
1;0;SIN CORREGIMIENTO;0;SIN VEREDA;366;LOS CEDROS NORTE;D;11
1;0;SIN CORREGIMIENTO;0;SIN VEREDA;370;CAMPO MADRID;A;673
1;0;SIN CORREGIMIENTO;0;SIN VEREDA;370;CAMPO MADRID;B;1918
1;0;SIN CORREGIMIENTO;0;SIN VEREDA;370;CAMPO MADRID;C;1317
1;0;SIN CORREGIMIENTO;0;SIN VEREDA;370;CAMPO MADRID;D;128
2;0;SIN CORREGIMIENTO;0;SIN VEREDA;0;BARRIO_S4;A;126
2;0;SIN CORREGIMIENTO;0;SIN VEREDA;0;BARRIO_S4;B;270
2;0;SIN CORREGIMIENTO;0;SIN VEREDA;0;BARRIO_S4;C;93
2;0;SIN CORREGIMIENTO;0;SIN VEREDA;0;BARRIO_S4;D;3
2;0;SIN CORREGIMIENTO;0;SIN VEREDA;8;EL ROSAL COLORADOS;B;2
2;0;SIN CORREGIMIENTO;0;SIN VEREDA;21;MIRADOR DE LA UIS;A;174
2;0;SIN CORREGIMIENTO;0;SIN VEREDA;21;MIRADOR DE LA UIS;B;370
2;0;SIN CORREGIMIENTO;0;SIN VEREDA;21;MIRADOR DE LA UIS;C;256
2;0;SIN CORREGIMIENTO;0;SIN VEREDA;21;MIRADOR DE LA UIS;D;33
2;0;SIN CORREGIMIENTO;0;SIN VEREDA;37;LOS CUADROS;A;334
2;0;SIN CORREGIMIENTO;0;SIN VEREDA;37;LOS CUADROS;B;415
2;0;SIN CORREGIMIENTO;0;SIN VEREDA;37;LOS CUADROS;C;154
2;0;SIN CORREGIMIENTO;0;SIN VEREDA;37;LOS CUADROS;D;13
2;0;SIN CORREGIMIENTO;0;SIN VEREDA;44;VILLA HELENA I Y II;A;587
2;0;SIN CORREGIMIENTO;0;SIN VEREDA;44;VILLA HELENA I Y II;B;1075
2;0;SIN CORREGIMIENTO;0;SIN VEREDA;44;VILLA HELENA I Y II;C;704
2;0;SIN CORREGIMIENTO;0;SIN VEREDA;44;VILLA HELENA I Y II;D;78
2;0;SIN CORREGIMIENTO;0;SIN VEREDA;45;LOS µNGELES;A;147
2;0;SIN CORREGIMIENTO;0;SIN VEREDA;45;LOS µNGELES;B;463
2;0;SIN CORREGIMIENTO;0;SIN VEREDA;45;LOS µNGELES;C;363
2;0;SIN CORREGIMIENTO;0;SIN VEREDA;45;LOS µNGELES;D;54
2;0;SIN CORREGIMIENTO;0;SIN VEREDA;46;JOSE MAR÷A C‡RDOBA;A;277
2;0;SIN CORREGIMIENTO;0;SIN VEREDA;46;JOSE MAR÷A C‡RDOBA;B;348
2;0;SIN CORREGIMIENTO;0;SIN VEREDA;46;JOSE MAR÷A C‡RDOBA;C;145
2;0;SIN CORREGIMIENTO;0;SIN VEREDA;46;JOSE MAR÷A C‡RDOBA;D;8
2;0;SIN CORREGIMIENTO;0;SIN VEREDA;47;OLAS ALTAS Y BAJAS;A;18
2;0;SIN CORREGIMIENTO;0;SIN VEREDA;47;OLAS ALTAS Y BAJAS;B;38
2;0;SIN CORREGIMIENTO;0;SIN VEREDA;47;OLAS ALTAS Y BAJAS;C;22
2;0;SIN CORREGIMIENTO;0;SIN VEREDA;47;OLAS ALTAS Y BAJAS;D;1
2;0;SIN CORREGIMIENTO;0;SIN VEREDA;50;VILLA ROSA;A;25
2;0;SIN CORREGIMIENTO;0;SIN VEREDA;50;VILLA ROSA;B;125
2;0;SIN CORREGIMIENTO;0;SIN VEREDA;50;VILLA ROSA;C;108
2;0;SIN CORREGIMIENTO;0;SIN VEREDA;50;VILLA ROSA;D;18
2;0;SIN CORREGIMIENTO;0;SIN VEREDA;51;LIZCANO I Y II;A;85
2;0;SIN CORREGIMIENTO;0;SIN VEREDA;51;LIZCANO I Y II;B;287
2;0;SIN CORREGIMIENTO;0;SIN VEREDA;51;LIZCANO I Y II;C;217
2;0;SIN CORREGIMIENTO;0;SIN VEREDA;51;LIZCANO I Y II;D;20
2;0;SIN CORREGIMIENTO;0;SIN VEREDA;52;ESPERANZA II;A;348
2;0;SIN CORREGIMIENTO;0;SIN VEREDA;52;ESPERANZA II;B;904
2;0;SIN CORREGIMIENTO;0;SIN VEREDA;52;ESPERANZA II;C;708
2;0;SIN CORREGIMIENTO;0;SIN VEREDA;52;ESPERANZA II;D;57
2;0;SIN CORREGIMIENTO;0;SIN VEREDA;53;ESPERANZA III;A;254
2;0;SIN CORREGIMIENTO;0;SIN VEREDA;53;ESPERANZA III;B;481
2;0;SIN CORREGIMIENTO;0;SIN VEREDA;53;ESPERANZA III;C;325
2;0;SIN CORREGIMIENTO;0;SIN VEREDA;53;ESPERANZA III;D;41
2;0;SIN CORREGIMIENTO;0;SIN VEREDA;54;MIRADOR NORTE;A;396
2;0;SIN CORREGIMIENTO;0;SIN VEREDA;54;MIRADOR NORTE;B;515
2;0;SIN CORREGIMIENTO;0;SIN VEREDA;54;MIRADOR NORTE;C;156
2;0;SIN CORREGIMIENTO;0;SIN VEREDA;54;MIRADOR NORTE;D;13
2;0;SIN CORREGIMIENTO;0;SIN VEREDA;57;BOSCONIA ;A;3
2;0;SIN CORREGIMIENTO;0;SIN VEREDA;57;BOSCONIA ;B;7
2;0;SIN CORREGIMIENTO;0;SIN VEREDA;58;13 DE JUNIO;B;5
2;0;SIN CORREGIMIENTO;0;SIN VEREDA;59;LA GRANJITA;A;52
2;0;SIN CORREGIMIENTO;0;SIN VEREDA;59;LA GRANJITA;B;147
2;0;SIN CORREGIMIENTO;0;SIN VEREDA;59;LA GRANJITA;C;29
2;0;SIN CORREGIMIENTO;0;SIN VEREDA;59;LA GRANJITA;D;1
2;0;SIN CORREGIMIENTO;0;SIN VEREDA;61;REGADERO NORTE;A;193
2;0;SIN CORREGIMIENTO;0;SIN VEREDA;61;REGADERO NORTE;B;728
2;0;SIN CORREGIMIENTO;0;SIN VEREDA;61;REGADERO NORTE;C;640
2;0;SIN CORREGIMIENTO;0;SIN VEREDA;61;REGADERO NORTE;D;62
2;0;SIN CORREGIMIENTO;0;SIN VEREDA;62;PRIMAVERAL REGADERO;A;8
2;0;SIN CORREGIMIENTO;0;SIN VEREDA;62;PRIMAVERAL REGADERO;B;50
2;0;SIN CORREGIMIENTO;0;SIN VEREDA;62;PRIMAVERAL REGADERO;C;81
2;0;SIN CORREGIMIENTO;0;SIN VEREDA;62;PRIMAVERAL REGADERO;D;21
2;0;SIN CORREGIMIENTO;0;SIN VEREDA;64;LA JUVENTUD;A;225
2;0;SIN CORREGIMIENTO;0;SIN VEREDA;64;LA JUVENTUD;B;655
2;0;SIN CORREGIMIENTO;0;SIN VEREDA;64;LA JUVENTUD;C;451
2;0;SIN CORREGIMIENTO;0;SIN VEREDA;64;LA JUVENTUD;D;40
2;0;SIN CORREGIMIENTO;0;SIN VEREDA;65;ESPERANZA I;A;232
2;0;SIN CORREGIMIENTO;0;SIN VEREDA;65;ESPERANZA I;B;676
2;0;SIN CORREGIMIENTO;0;SIN VEREDA;65;ESPERANZA I;C;480
2;0;SIN CORREGIMIENTO;0;SIN VEREDA;65;ESPERANZA I;D;34
2;0;SIN CORREGIMIENTO;0;SIN VEREDA;66;SAN CRISTOBAL;A;169
2;0;SIN CORREGIMIENTO;0;SIN VEREDA;66;SAN CRISTOBAL;B;396
2;0;SIN CORREGIMIENTO;0;SIN VEREDA;66;SAN CRISTOBAL;C;240
2;0;SIN CORREGIMIENTO;0;SIN VEREDA;66;SAN CRISTOBAL;D;22
2;0;SIN CORREGIMIENTO;0;SIN VEREDA;67;TRANSICI‡N I AL V;A;1342
2;0;SIN CORREGIMIENTO;0;SIN VEREDA;67;TRANSICI‡N I AL V;B;2639
2;0;SIN CORREGIMIENTO;0;SIN VEREDA;67;TRANSICI‡N I AL V;C;1315
2;0;SIN CORREGIMIENTO;0;SIN VEREDA;67;TRANSICI‡N I AL V;D;84
2;0;SIN CORREGIMIENTO;0;SIN VEREDA;68;NUEVA COLOMBIA;A;93
2;0;SIN CORREGIMIENTO;0;SIN VEREDA;68;NUEVA COLOMBIA;B;178
2;0;SIN CORREGIMIENTO;0;SIN VEREDA;68;NUEVA COLOMBIA;C;124
2;0;SIN CORREGIMIENTO;0;SIN VEREDA;68;NUEVA COLOMBIA;D;9
2;0;SIN CORREGIMIENTO;0;SIN VEREDA;69;VILLA MERCEDES;A;552
2;0;SIN CORREGIMIENTO;0;SIN VEREDA;69;VILLA MERCEDES;B;1040
2;0;SIN CORREGIMIENTO;0;SIN VEREDA;69;VILLA MERCEDES;C;546
2;0;SIN CORREGIMIENTO;0;SIN VEREDA;69;VILLA MERCEDES;D;35
2;0;SIN CORREGIMIENTO;0;SIN VEREDA;70;OLITAS;A;105
2;0;SIN CORREGIMIENTO;0;SIN VEREDA;70;OLITAS;B;150
2;0;SIN CORREGIMIENTO;0;SIN VEREDA;70;OLITAS;C;102
2;0;SIN CORREGIMIENTO;0;SIN VEREDA;70;OLITAS;D;4
2;0;SIN CORREGIMIENTO;0;SIN VEREDA;71;BOSQUE NORTE ;A;166
2;0;SIN CORREGIMIENTO;0;SIN VEREDA;71;BOSQUE NORTE ;B;627
2;0;SIN CORREGIMIENTO;0;SIN VEREDA;71;BOSQUE NORTE ;C;471
2;0;SIN CORREGIMIENTO;0;SIN VEREDA;71;BOSQUE NORTE ;D;39
2;0;SIN CORREGIMIENTO;0;SIN VEREDA;72;LA INDEPENDENCIA;A;713
2;0;SIN CORREGIMIENTO;0;SIN VEREDA;72;LA INDEPENDENCIA;B;1738
2;0;SIN CORREGIMIENTO;0;SIN VEREDA;72;LA INDEPENDENCIA;C;1133
2;0;SIN CORREGIMIENTO;0;SIN VEREDA;72;LA INDEPENDENCIA;D;87
2;0;SIN CORREGIMIENTO;0;SIN VEREDA;74;NORTE BAJO;A;26
2;0;SIN CORREGIMIENTO;0;SIN VEREDA;74;NORTE BAJO;B;67
2;0;SIN CORREGIMIENTO;0;SIN VEREDA;74;NORTE BAJO;C;51
2;0;SIN CORREGIMIENTO;0;SIN VEREDA;74;NORTE BAJO;D;3
2;0;SIN CORREGIMIENTO;0;SIN VEREDA;75;SAN RAFAEL;B;4
2;0;SIN CORREGIMIENTO;0;SIN VEREDA;75;SAN RAFAEL;C;1
2;0;SIN CORREGIMIENTO;0;SIN VEREDA;76;CHAPINERO;B;2
2;0;SIN CORREGIMIENTO;0;SIN VEREDA;76;CHAPINERO;C;3
2;0;SIN CORREGIMIENTO;0;SIN VEREDA;87;DON BOSCO;C;2
2;0;SIN CORREGIMIENTO;0;SIN VEREDA;95;COMUNEROS;A;29
2;0;SIN CORREGIMIENTO;0;SIN VEREDA;95;COMUNEROS;B;86
2;0;SIN CORREGIMIENTO;0;SIN VEREDA;95;COMUNEROS;C;64
2;0;SIN CORREGIMIENTO;0;SIN VEREDA;95;COMUNEROS;D;13
2;0;SIN CORREGIMIENTO;0;SIN VEREDA;101;UNIVERSIDAD;A;5
2;0;SIN CORREGIMIENTO;0;SIN VEREDA;101;UNIVERSIDAD;B;3
2;0;SIN CORREGIMIENTO;0;SIN VEREDA;110;MORRORRICO;A;17
2;0;SIN CORREGIMIENTO;0;SIN VEREDA;110;MORRORRICO;B;7
2;0;SIN CORREGIMIENTO;0;SIN VEREDA;110;MORRORRICO;C;6
2;0;SIN CORREGIMIENTO;0;SIN VEREDA;113;PUERTO RICO;C;2
2;0;SIN CORREGIMIENTO;0;SIN VEREDA;116;MIRAFLORES;A;4
2;0;SIN CORREGIMIENTO;0;SIN VEREDA;153;EL PANTANO I;A;2
2;0;SIN CORREGIMIENTO;0;SIN VEREDA;153;EL PANTANO I;B;5
2;0;SIN CORREGIMIENTO;0;SIN VEREDA;153;EL PANTANO I;C;4
2;0;SIN CORREGIMIENTO;0;SIN VEREDA;179;COLOMBIA;B;2
2;0;SIN CORREGIMIENTO;0;SIN VEREDA;179;COLOMBIA;C;1
2;0;SIN CORREGIMIENTO;0;SIN VEREDA;223;PORVENIR BAJO;A;12
2;0;SIN CORREGIMIENTO;0;SIN VEREDA;271;MONEQUE;A;8
2;0;SIN CORREGIMIENTO;0;SIN VEREDA;271;MONEQUE;B;44
2;0;SIN CORREGIMIENTO;0;SIN VEREDA;271;MONEQUE;C;26
2;0;SIN CORREGIMIENTO;0;SIN VEREDA;271;MONEQUE;D;2
2;0;SIN CORREGIMIENTO;0;SIN VEREDA;337;CIUDADELA CLUB COMFENALCO;A;28
2;0;SIN CORREGIMIENTO;0;SIN VEREDA;337;CIUDADELA CLUB COMFENALCO;B;140
2;0;SIN CORREGIMIENTO;0;SIN VEREDA;337;CIUDADELA CLUB COMFENALCO;C;200
2;0;SIN CORREGIMIENTO;0;SIN VEREDA;337;CIUDADELA CLUB COMFENALCO;D;53
3;0;SIN CORREGIMIENTO;0;SIN VEREDA;21;MIRADOR DE LA UIS;A;2
3;0;SIN CORREGIMIENTO;0;SIN VEREDA;72;LA INDEPENDENCIA;A;20
3;0;SIN CORREGIMIENTO;0;SIN VEREDA;72;LA INDEPENDENCIA;B;5
3;0;SIN CORREGIMIENTO;0;SIN VEREDA;72;LA INDEPENDENCIA;C;4
3;0;SIN CORREGIMIENTO;0;SIN VEREDA;74;NORTE BAJO;A;27
3;0;SIN CORREGIMIENTO;0;SIN VEREDA;74;NORTE BAJO;B;205
3;0;SIN CORREGIMIENTO;0;SIN VEREDA;74;NORTE BAJO;C;310
3;0;SIN CORREGIMIENTO;0;SIN VEREDA;74;NORTE BAJO;D;44
3;0;SIN CORREGIMIENTO;0;SIN VEREDA;75;SAN RAFAEL;A;248
3;0;SIN CORREGIMIENTO;0;SIN VEREDA;75;SAN RAFAEL;B;784
3;0;SIN CORREGIMIENTO;0;SIN VEREDA;75;SAN RAFAEL;C;971
3;0;SIN CORREGIMIENTO;0;SIN VEREDA;75;SAN RAFAEL;D;101
3;0;SIN CORREGIMIENTO;0;SIN VEREDA;76;CHAPINERO;A;114
3;0;SIN CORREGIMIENTO;0;SIN VEREDA;76;CHAPINERO;B;352
3;0;SIN CORREGIMIENTO;0;SIN VEREDA;76;CHAPINERO;C;404
3;0;SIN CORREGIMIENTO;0;SIN VEREDA;76;CHAPINERO;D;62
3;0;SIN CORREGIMIENTO;0;SIN VEREDA;95;COMUNEROS;A;438
3;0;SIN CORREGIMIENTO;0;SIN VEREDA;95;COMUNEROS;B;1673
3;0;SIN CORREGIMIENTO;0;SIN VEREDA;95;COMUNEROS;C;2071
3;0;SIN CORREGIMIENTO;0;SIN VEREDA;95;COMUNEROS;D;469
3;0;SIN CORREGIMIENTO;0;SIN VEREDA;96;MODELO;A;36
3;0;SIN CORREGIMIENTO;0;SIN VEREDA;96;MODELO;B;241
3;0;SIN CORREGIMIENTO;0;SIN VEREDA;96;MODELO;C;360
3;0;SIN CORREGIMIENTO;0;SIN VEREDA;96;MODELO;D;91
3;0;SIN CORREGIMIENTO;0;SIN VEREDA;97;MUTUALIDAD;A;68
3;0;SIN CORREGIMIENTO;0;SIN VEREDA;97;MUTUALIDAD;B;423
3;0;SIN CORREGIMIENTO;0;SIN VEREDA;97;MUTUALIDAD;C;567
3;0;SIN CORREGIMIENTO;0;SIN VEREDA;97;MUTUALIDAD;D;194
3;0;SIN CORREGIMIENTO;0;SIN VEREDA;98;SAN FRANCISCO;A;147
3;0;SIN CORREGIMIENTO;0;SIN VEREDA;98;SAN FRANCISCO;B;552
3;0;SIN CORREGIMIENTO;0;SIN VEREDA;98;SAN FRANCISCO;C;988
3;0;SIN CORREGIMIENTO;0;SIN VEREDA;98;SAN FRANCISCO;D;368
3;0;SIN CORREGIMIENTO;0;SIN VEREDA;99;ALARC‡N;A;25
3;0;SIN CORREGIMIENTO;0;SIN VEREDA;99;ALARC‡N;B;44
3;0;SIN CORREGIMIENTO;0;SIN VEREDA;99;ALARC‡N;C;124
3;0;SIN CORREGIMIENTO;0;SIN VEREDA;99;ALARC‡N;D;32
3;0;SIN CORREGIMIENTO;0;SIN VEREDA;100;SAN ALONSO;A;11
3;0;SIN CORREGIMIENTO;0;SIN VEREDA;100;SAN ALONSO;C;2
3;0;SIN CORREGIMIENTO;0;SIN VEREDA;101;UNIVERSIDAD;A;30
3;0;SIN CORREGIMIENTO;0;SIN VEREDA;101;UNIVERSIDAD;B;50
3;0;SIN CORREGIMIENTO;0;SIN VEREDA;101;UNIVERSIDAD;C;45
3;0;SIN CORREGIMIENTO;0;SIN VEREDA;101;UNIVERSIDAD;D;5
3;0;SIN CORREGIMIENTO;0;SIN VEREDA;113;PUERTO RICO;A;27
3;0;SIN CORREGIMIENTO;0;SIN VEREDA;113;PUERTO RICO;B;48
3;0;SIN CORREGIMIENTO;0;SIN VEREDA;113;PUERTO RICO;C;69
3;0;SIN CORREGIMIENTO;0;SIN VEREDA;113;PUERTO RICO;D;8
3;0;SIN CORREGIMIENTO;0;SIN VEREDA;130;CENTRO;B;3
3;0;SIN CORREGIMIENTO;0;SIN VEREDA;130;CENTRO;C;1
3;0;SIN CORREGIMIENTO;0;SIN VEREDA;131;ANTONIA SANTOS CENTRO;B;5
3;0;SIN CORREGIMIENTO;0;SIN VEREDA;195;PABLO VI;A;5
3;0;SIN CORREGIMIENTO;0;SIN VEREDA;195;PABLO VI;B;19
3;0;SIN CORREGIMIENTO;0;SIN VEREDA;195;PABLO VI;C;21
3;0;SIN CORREGIMIENTO;0;SIN VEREDA;195;PABLO VI;D;6
3;0;SIN CORREGIMIENTO;0;SIN VEREDA;218;SAN EXPEDITO;B;3
3;0;SIN CORREGIMIENTO;0;SIN VEREDA;218;SAN EXPEDITO;C;2
3;0;SIN CORREGIMIENTO;0;SIN VEREDA;305;SAN VALENT÷N;C;1
4;0;SIN CORREGIMIENTO;0;SIN VEREDA;0;BARRIO_S4;A;2
4;0;SIN CORREGIMIENTO;0;SIN VEREDA;3;COLORADOS;A;2
4;0;SIN CORREGIMIENTO;0;SIN VEREDA;11;DIVINO NI•O NORTE;A;6
4;0;SIN CORREGIMIENTO;0;SIN VEREDA;14;CAFê MADRID;A;2
4;0;SIN CORREGIMIENTO;0;SIN VEREDA;16;GALLINERAL;A;186
4;0;SIN CORREGIMIENTO;0;SIN VEREDA;16;GALLINERAL;B;193
4;0;SIN CORREGIMIENTO;0;SIN VEREDA;16;GALLINERAL;C;66
4;0;SIN CORREGIMIENTO;0;SIN VEREDA;16;GALLINERAL;D;3
4;0;SIN CORREGIMIENTO;0;SIN VEREDA;18;5 DE ENERO;A;204
4;0;SIN CORREGIMIENTO;0;SIN VEREDA;18;5 DE ENERO;B;148
4;0;SIN CORREGIMIENTO;0;SIN VEREDA;18;5 DE ENERO;C;36
4;0;SIN CORREGIMIENTO;0;SIN VEREDA;18;5 DE ENERO;D;3
4;0;SIN CORREGIMIENTO;0;SIN VEREDA;20;CARLOS PIZARRO;A;56
4;0;SIN CORREGIMIENTO;0;SIN VEREDA;20;CARLOS PIZARRO;B;52
4;0;SIN CORREGIMIENTO;0;SIN VEREDA;20;CARLOS PIZARRO;C;24
4;0;SIN CORREGIMIENTO;0;SIN VEREDA;20;CARLOS PIZARRO;D;5
4;0;SIN CORREGIMIENTO;0;SIN VEREDA;22;JOSE ANTONIO GALµN;A;405
4;0;SIN CORREGIMIENTO;0;SIN VEREDA;22;JOSE ANTONIO GALµN;B;750
4;0;SIN CORREGIMIENTO;0;SIN VEREDA;22;JOSE ANTONIO GALµN;C;462
4;0;SIN CORREGIMIENTO;0;SIN VEREDA;22;JOSE ANTONIO GALµN;D;54
4;0;SIN CORREGIMIENTO;0;SIN VEREDA;35;MINUTO DE DIOS;B;1
4;0;SIN CORREGIMIENTO;0;SIN VEREDA;46;JOSE MAR÷A C‡RDOBA;C;1
4;0;SIN CORREGIMIENTO;0;SIN VEREDA;73;CINAL I II Y III;A;100
4;0;SIN CORREGIMIENTO;0;SIN VEREDA;73;CINAL I II Y III;B;209
4;0;SIN CORREGIMIENTO;0;SIN VEREDA;73;CINAL I II Y III;C;201
4;0;SIN CORREGIMIENTO;0;SIN VEREDA;73;CINAL I II Y III;D;32
4;0;SIN CORREGIMIENTO;0;SIN VEREDA;74;NORTE BAJO;A;4
4;0;SIN CORREGIMIENTO;0;SIN VEREDA;74;NORTE BAJO;B;6
4;0;SIN CORREGIMIENTO;0;SIN VEREDA;74;NORTE BAJO;C;16
4;0;SIN CORREGIMIENTO;0;SIN VEREDA;75;SAN RAFAEL;B;3
4;0;SIN CORREGIMIENTO;0;SIN VEREDA;75;SAN RAFAEL;C;1
4;0;SIN CORREGIMIENTO;0;SIN VEREDA;77;GAITµN;A;511
4;0;SIN CORREGIMIENTO;0;SIN VEREDA;77;GAITµN;B;1467
4;0;SIN CORREGIMIENTO;0;SIN VEREDA;77;GAITµN;C;1532
4;0;SIN CORREGIMIENTO;0;SIN VEREDA;77;GAITµN;D;215
4;0;SIN CORREGIMIENTO;0;SIN VEREDA;78;GRANADA;A;57
4;0;SIN CORREGIMIENTO;0;SIN VEREDA;78;GRANADA;B;252
4;0;SIN CORREGIMIENTO;0;SIN VEREDA;78;GRANADA;C;355
4;0;SIN CORREGIMIENTO;0;SIN VEREDA;78;GRANADA;D;63
4;0;SIN CORREGIMIENTO;0;SIN VEREDA;79;LA FERIA;A;148
4;0;SIN CORREGIMIENTO;0;SIN VEREDA;79;LA FERIA;B;269
4;0;SIN CORREGIMIENTO;0;SIN VEREDA;79;LA FERIA;C;210
4;0;SIN CORREGIMIENTO;0;SIN VEREDA;79;LA FERIA;D;31
4;0;SIN CORREGIMIENTO;0;SIN VEREDA;80;NAPOLES;A;199
4;0;SIN CORREGIMIENTO;0;SIN VEREDA;80;NAPOLES;B;372
4;0;SIN CORREGIMIENTO;0;SIN VEREDA;80;NAPOLES;C;288
4;0;SIN CORREGIMIENTO;0;SIN VEREDA;80;NAPOLES;D;44
4;0;SIN CORREGIMIENTO;0;SIN VEREDA;82;GIRARDOT;A;668
4;0;SIN CORREGIMIENTO;0;SIN VEREDA;82;GIRARDOT;B;2029
4;0;SIN CORREGIMIENTO;0;SIN VEREDA;82;GIRARDOT;C;2128
4;0;SIN CORREGIMIENTO;0;SIN VEREDA;82;GIRARDOT;D;365
4;0;SIN CORREGIMIENTO;0;SIN VEREDA;83;ZARABANDA;A;149
4;0;SIN CORREGIMIENTO;0;SIN VEREDA;83;ZARABANDA;B;208
4;0;SIN CORREGIMIENTO;0;SIN VEREDA;83;ZARABANDA;C;138
4;0;SIN CORREGIMIENTO;0;SIN VEREDA;83;ZARABANDA;D;2
4;0;SIN CORREGIMIENTO;0;SIN VEREDA;84;CUYANITA;A;244
4;0;SIN CORREGIMIENTO;0;SIN VEREDA;84;CUYANITA;B;312
4;0;SIN CORREGIMIENTO;0;SIN VEREDA;84;CUYANITA;C;160
4;0;SIN CORREGIMIENTO;0;SIN VEREDA;84;CUYANITA;D;8
4;0;SIN CORREGIMIENTO;0;SIN VEREDA;85;CAMILO TORRES;A;169
4;0;SIN CORREGIMIENTO;0;SIN VEREDA;85;CAMILO TORRES;B;309
4;0;SIN CORREGIMIENTO;0;SIN VEREDA;85;CAMILO TORRES;C;187
4;0;SIN CORREGIMIENTO;0;SIN VEREDA;85;CAMILO TORRES;D;12
4;0;SIN CORREGIMIENTO;0;SIN VEREDA;86;SANTANDER;A;111
4;0;SIN CORREGIMIENTO;0;SIN VEREDA;86;SANTANDER;B;617
4;0;SIN CORREGIMIENTO;0;SIN VEREDA;86;SANTANDER;C;1016
4;0;SIN CORREGIMIENTO;0;SIN VEREDA;86;SANTANDER;D;255
4;0;SIN CORREGIMIENTO;0;SIN VEREDA;87;DON BOSCO;A;111
4;0;SIN CORREGIMIENTO;0;SIN VEREDA;87;DON BOSCO;B;350
4;0;SIN CORREGIMIENTO;0;SIN VEREDA;87;DON BOSCO;C;455
4;0;SIN CORREGIMIENTO;0;SIN VEREDA;87;DON BOSCO;D;69
4;0;SIN CORREGIMIENTO;0;SIN VEREDA;89;NAPOLES CURTIEMBRE;A;113
4;0;SIN CORREGIMIENTO;0;SIN VEREDA;89;NAPOLES CURTIEMBRE;B;219
4;0;SIN CORREGIMIENTO;0;SIN VEREDA;89;NAPOLES CURTIEMBRE;C;77
4;0;SIN CORREGIMIENTO;0;SIN VEREDA;89;NAPOLES CURTIEMBRE;D;23
4;0;SIN CORREGIMIENTO;0;SIN VEREDA;90;LA GLORIA;A;127
4;0;SIN CORREGIMIENTO;0;SIN VEREDA;90;LA GLORIA;B;428
4;0;SIN CORREGIMIENTO;0;SIN VEREDA;90;LA GLORIA;C;306
4;0;SIN CORREGIMIENTO;0;SIN VEREDA;90;LA GLORIA;D;27
4;0;SIN CORREGIMIENTO;0;SIN VEREDA;92;NARI•O;A;330
4;0;SIN CORREGIMIENTO;0;SIN VEREDA;92;NARI•O;B;900
4;0;SIN CORREGIMIENTO;0;SIN VEREDA;92;NARI•O;C;620
4;0;SIN CORREGIMIENTO;0;SIN VEREDA;92;NARI•O;D;47
4;0;SIN CORREGIMIENTO;0;SIN VEREDA;93;PIO XII;A;29
4;0;SIN CORREGIMIENTO;0;SIN VEREDA;93;PIO XII;B;108
4;0;SIN CORREGIMIENTO;0;SIN VEREDA;93;PIO XII;C;127
4;0;SIN CORREGIMIENTO;0;SIN VEREDA;93;PIO XII;D;35
4;0;SIN CORREGIMIENTO;0;SIN VEREDA;98;SAN FRANCISCO;B;1
4;0;SIN CORREGIMIENTO;0;SIN VEREDA;99;ALARC‡N;A;5
4;0;SIN CORREGIMIENTO;0;SIN VEREDA;99;ALARC‡N;B;7
4;0;SIN CORREGIMIENTO;0;SIN VEREDA;99;ALARC‡N;C;10
4;0;SIN CORREGIMIENTO;0;SIN VEREDA;119;GALµN;A;18
4;0;SIN CORREGIMIENTO;0;SIN VEREDA;119;GALµN;B;13
4;0;SIN CORREGIMIENTO;0;SIN VEREDA;119;GALµN;C;1
4;0;SIN CORREGIMIENTO;0;SIN VEREDA;130;CENTRO;B;1
4;0;SIN CORREGIMIENTO;0;SIN VEREDA;131;ANTONIA SANTOS CENTRO;C;1
4;0;SIN CORREGIMIENTO;0;SIN VEREDA;136;SOTOMAYOR;C;1
4;0;SIN CORREGIMIENTO;0;SIN VEREDA;141;GARC÷A ROVIRA;A;16
4;0;SIN CORREGIMIENTO;0;SIN VEREDA;141;GARC÷A ROVIRA;B;4
4;0;SIN CORREGIMIENTO;0;SIN VEREDA;141;GARC÷A ROVIRA;C;5
4;0;SIN CORREGIMIENTO;0;SIN VEREDA;141;GARC÷A ROVIRA;D;1
4;0;SIN CORREGIMIENTO;0;SIN VEREDA;142;ALFONSO L‡PEZ;A;4
4;0;SIN CORREGIMIENTO;0;SIN VEREDA;145;CAMPO HERMOSO;A;1
4;0;SIN CORREGIMIENTO;0;SIN VEREDA;154;EL PANTANO II;A;10
4;0;SIN CORREGIMIENTO;0;SIN VEREDA;154;EL PANTANO II;B;12
4;0;SIN CORREGIMIENTO;0;SIN VEREDA;154;EL PANTANO II;C;27
4;0;SIN CORREGIMIENTO;0;SIN VEREDA;193;NUEVA GRANADA;A;10
4;0;SIN CORREGIMIENTO;0;SIN VEREDA;193;NUEVA GRANADA;B;29
4;0;SIN CORREGIMIENTO;0;SIN VEREDA;193;NUEVA GRANADA;C;22
4;0;SIN CORREGIMIENTO;0;SIN VEREDA;193;NUEVA GRANADA;D;6
4;0;SIN CORREGIMIENTO;0;SIN VEREDA;232;DANGOND;A;3
4;0;SIN CORREGIMIENTO;0;SIN VEREDA;232;DANGOND;B;23
4;0;SIN CORREGIMIENTO;0;SIN VEREDA;232;DANGOND;C;1
4;0;SIN CORREGIMIENTO;0;SIN VEREDA;240;IGSABELAR;A;3
4;0;SIN CORREGIMIENTO;0;SIN VEREDA;240;IGSABELAR;B;8
4;0;SIN CORREGIMIENTO;0;SIN VEREDA;240;IGSABELAR;C;4
4;0;SIN CORREGIMIENTO;0;SIN VEREDA;240;IGSABELAR;D;2
4;0;SIN CORREGIMIENTO;0;SIN VEREDA;278;12 DE OCTUBRE;A;152
4;0;SIN CORREGIMIENTO;0;SIN VEREDA;278;12 DE OCTUBRE;B;579
4;0;SIN CORREGIMIENTO;0;SIN VEREDA;278;12 DE OCTUBRE;C;451
4;0;SIN CORREGIMIENTO;0;SIN VEREDA;278;12 DE OCTUBRE;D;48
4;0;SIN CORREGIMIENTO;0;SIN VEREDA;279;DIVINO NI•O CENTRO ;A;153
4;0;SIN CORREGIMIENTO;0;SIN VEREDA;279;DIVINO NI•O CENTRO ;B;212
4;0;SIN CORREGIMIENTO;0;SIN VEREDA;279;DIVINO NI•O CENTRO ;C;112
4;0;SIN CORREGIMIENTO;0;SIN VEREDA;279;DIVINO NI•O CENTRO ;D;6
4;0;SIN CORREGIMIENTO;0;SIN VEREDA;280;RESERVA DE LA INMACULADA;A;63
4;0;SIN CORREGIMIENTO;0;SIN VEREDA;280;RESERVA DE LA INMACULADA;B;437
4;0;SIN CORREGIMIENTO;0;SIN VEREDA;280;RESERVA DE LA INMACULADA;C;809
4;0;SIN CORREGIMIENTO;0;SIN VEREDA;280;RESERVA DE LA INMACULADA;D;208
4;0;SIN CORREGIMIENTO;0;SIN VEREDA;307;MILAGRO DE DIOS;A;163
4;0;SIN CORREGIMIENTO;0;SIN VEREDA;307;MILAGRO DE DIOS;B;424
4;0;SIN CORREGIMIENTO;0;SIN VEREDA;307;MILAGRO DE DIOS;C;194
4;0;SIN CORREGIMIENTO;0;SIN VEREDA;307;MILAGRO DE DIOS;D;27
4;0;SIN CORREGIMIENTO;0;SIN VEREDA;325;MAR÷A AUXILIADORA;A;38
4;0;SIN CORREGIMIENTO;0;SIN VEREDA;325;MAR÷A AUXILIADORA;B;48
4;0;SIN CORREGIMIENTO;0;SIN VEREDA;325;MAR÷A AUXILIADORA;C;31
4;0;SIN CORREGIMIENTO;0;SIN VEREDA;325;MAR÷A AUXILIADORA;D;8
4;0;SIN CORREGIMIENTO;0;SIN VEREDA;333;23 DE JUNIO;A;51
4;0;SIN CORREGIMIENTO;0;SIN VEREDA;333;23 DE JUNIO;B;242
4;0;SIN CORREGIMIENTO;0;SIN VEREDA;333;23 DE JUNIO;C;256
4;0;SIN CORREGIMIENTO;0;SIN VEREDA;333;23 DE JUNIO;D;47
4;0;SIN CORREGIMIENTO;0;SIN VEREDA;345;PASEO DE LA FERIA;A;67
4;0;SIN CORREGIMIENTO;0;SIN VEREDA;345;PASEO DE LA FERIA;B;473
4;0;SIN CORREGIMIENTO;0;SIN VEREDA;345;PASEO DE LA FERIA;C;692
4;0;SIN CORREGIMIENTO;0;SIN VEREDA;345;PASEO DE LA FERIA;D;120
4;0;SIN CORREGIMIENTO;0;SIN VEREDA;356;BAVARIA;A;6
4;0;SIN CORREGIMIENTO;0;SIN VEREDA;359;GETSEMANI;B;1
4;0;SIN CORREGIMIENTO;0;SIN VEREDA;365;VILLAS DE GIRARDOT;A;802
4;0;SIN CORREGIMIENTO;0;SIN VEREDA;365;VILLAS DE GIRARDOT;B;917
4;0;SIN CORREGIMIENTO;0;SIN VEREDA;365;VILLAS DE GIRARDOT;C;311
4;0;SIN CORREGIMIENTO;0;SIN VEREDA;365;VILLAS DE GIRARDOT;D;19
4;0;SIN CORREGIMIENTO;0;SIN VEREDA;368;URBANIZACI‡N LA INMACULADA;A;431
4;0;SIN CORREGIMIENTO;0;SIN VEREDA;368;URBANIZACI‡N LA INMACULADA;B;1162
4;0;SIN CORREGIMIENTO;0;SIN VEREDA;368;URBANIZACI‡N LA INMACULADA;C;706
4;0;SIN CORREGIMIENTO;0;SIN VEREDA;368;URBANIZACI‡N LA INMACULADA;D;117
4;0;SIN CORREGIMIENTO;0;SIN VEREDA;999999;BARRIO_S4;D;1
5;0;SIN CORREGIMIENTO;0;SIN VEREDA;17;RINC‡N DE LA PAZ;A;248
5;0;SIN CORREGIMIENTO;0;SIN VEREDA;17;RINC‡N DE LA PAZ;B;416
5;0;SIN CORREGIMIENTO;0;SIN VEREDA;17;RINC‡N DE LA PAZ;C;245
5;0;SIN CORREGIMIENTO;0;SIN VEREDA;17;RINC‡N DE LA PAZ;D;37
5;0;SIN CORREGIMIENTO;0;SIN VEREDA;82;GIRARDOT;B;2
5;0;SIN CORREGIMIENTO;0;SIN VEREDA;141;GARC÷A ROVIRA;A;3
5;0;SIN CORREGIMIENTO;0;SIN VEREDA;141;GARC÷A ROVIRA;B;14
5;0;SIN CORREGIMIENTO;0;SIN VEREDA;141;GARC÷A ROVIRA;C;35
5;0;SIN CORREGIMIENTO;0;SIN VEREDA;141;GARC÷A ROVIRA;D;12
5;0;SIN CORREGIMIENTO;0;SIN VEREDA;142;ALFONSO L‡PEZ;A;287
5;0;SIN CORREGIMIENTO;0;SIN VEREDA;142;ALFONSO L‡PEZ;B;1114
5;0;SIN CORREGIMIENTO;0;SIN VEREDA;142;ALFONSO L‡PEZ;C;1498
5;0;SIN CORREGIMIENTO;0;SIN VEREDA;142;ALFONSO L‡PEZ;D;441
5;0;SIN CORREGIMIENTO;0;SIN VEREDA;143;LA JOYA;A;174
5;0;SIN CORREGIMIENTO;0;SIN VEREDA;143;LA JOYA;B;664
5;0;SIN CORREGIMIENTO;0;SIN VEREDA;143;LA JOYA;C;988
5;0;SIN CORREGIMIENTO;0;SIN VEREDA;143;LA JOYA;D;200
5;0;SIN CORREGIMIENTO;0;SIN VEREDA;144;CHORRERAS DE DON JUAN;A;39
5;0;SIN CORREGIMIENTO;0;SIN VEREDA;144;CHORRERAS DE DON JUAN;B;208
5;0;SIN CORREGIMIENTO;0;SIN VEREDA;144;CHORRERAS DE DON JUAN;C;341
5;0;SIN CORREGIMIENTO;0;SIN VEREDA;144;CHORRERAS DE DON JUAN;D;72
5;0;SIN CORREGIMIENTO;0;SIN VEREDA;145;CAMPO HERMOSO;A;685
5;0;SIN CORREGIMIENTO;0;SIN VEREDA;145;CAMPO HERMOSO;B;2354
5;0;SIN CORREGIMIENTO;0;SIN VEREDA;145;CAMPO HERMOSO;C;3101
5;0;SIN CORREGIMIENTO;0;SIN VEREDA;145;CAMPO HERMOSO;D;736
5;0;SIN CORREGIMIENTO;0;SIN VEREDA;146;LA ESMERALDA;A;10
5;0;SIN CORREGIMIENTO;0;SIN VEREDA;146;LA ESMERALDA;B;127
5;0;SIN CORREGIMIENTO;0;SIN VEREDA;146;LA ESMERALDA;C;167
5;0;SIN CORREGIMIENTO;0;SIN VEREDA;146;LA ESMERALDA;D;30
5;0;SIN CORREGIMIENTO;0;SIN VEREDA;149;PRIMERO DE MAYO;A;33
5;0;SIN CORREGIMIENTO;0;SIN VEREDA;149;PRIMERO DE MAYO;B;271
5;0;SIN CORREGIMIENTO;0;SIN VEREDA;149;PRIMERO DE MAYO;C;474
5;0;SIN CORREGIMIENTO;0;SIN VEREDA;149;PRIMERO DE MAYO;D;119
5;0;SIN CORREGIMIENTO;0;SIN VEREDA;150;VILLAS DEL ROMERO;C;1
5;0;SIN CORREGIMIENTO;0;SIN VEREDA;151;LA ESTRELLA;B;1
5;0;SIN CORREGIMIENTO;0;SIN VEREDA;151;LA ESTRELLA;D;2
5;0;SIN CORREGIMIENTO;0;SIN VEREDA;152;QUINTA ESTRELLA;A;53
5;0;SIN CORREGIMIENTO;0;SIN VEREDA;152;QUINTA ESTRELLA;B;104
5;0;SIN CORREGIMIENTO;0;SIN VEREDA;152;QUINTA ESTRELLA;C;314
5;0;SIN CORREGIMIENTO;0;SIN VEREDA;152;QUINTA ESTRELLA;D;83
5;0;SIN CORREGIMIENTO;0;SIN VEREDA;153;EL PANTANO I;A;42
5;0;SIN CORREGIMIENTO;0;SIN VEREDA;153;EL PANTANO I;B;133
5;0;SIN CORREGIMIENTO;0;SIN VEREDA;153;EL PANTANO I;C;95
5;0;SIN CORREGIMIENTO;0;SIN VEREDA;153;EL PANTANO I;D;8
5;0;SIN CORREGIMIENTO;0;SIN VEREDA;154;EL PANTANO II;A;71
5;0;SIN CORREGIMIENTO;0;SIN VEREDA;154;EL PANTANO II;B;240
5;0;SIN CORREGIMIENTO;0;SIN VEREDA;154;EL PANTANO II;C;214
5;0;SIN CORREGIMIENTO;0;SIN VEREDA;154;EL PANTANO II;D;31
5;0;SIN CORREGIMIENTO;0;SIN VEREDA;155;EL PANTANO III;A;63
5;0;SIN CORREGIMIENTO;0;SIN VEREDA;155;EL PANTANO III;B;161
5;0;SIN CORREGIMIENTO;0;SIN VEREDA;155;EL PANTANO III;C;79
5;0;SIN CORREGIMIENTO;0;SIN VEREDA;155;EL PANTANO III;D;10
5;0;SIN CORREGIMIENTO;0;SIN VEREDA;168;FUNDADORES I Y II;B;1
5;0;SIN CORREGIMIENTO;0;SIN VEREDA;173;ESTORAQUES;A;222
5;0;SIN CORREGIMIENTO;0;SIN VEREDA;173;ESTORAQUES;B;682
5;0;SIN CORREGIMIENTO;0;SIN VEREDA;173;ESTORAQUES;C;661
5;0;SIN CORREGIMIENTO;0;SIN VEREDA;173;ESTORAQUES;D;89
5;0;SIN CORREGIMIENTO;0;SIN VEREDA;175;PUNTA ESTRELLA;A;5
5;0;SIN CORREGIMIENTO;0;SIN VEREDA;175;PUNTA ESTRELLA;B;7
5;0;SIN CORREGIMIENTO;0;SIN VEREDA;175;PUNTA ESTRELLA;C;7
5;0;SIN CORREGIMIENTO;0;SIN VEREDA;192;LA SALLE;B;5
5;0;SIN CORREGIMIENTO;0;SIN VEREDA;285;URBANIZACI‡N LOS BUCAROS;B;12
5;0;SIN CORREGIMIENTO;0;SIN VEREDA;285;URBANIZACI‡N LOS BUCAROS;C;13
5;0;SIN CORREGIMIENTO;0;SIN VEREDA;285;URBANIZACI‡N LOS BUCAROS;D;13
5;0;SIN CORREGIMIENTO;0;SIN VEREDA;296;LA PARCELA;C;1
5;0;SIN CORREGIMIENTO;0;SIN VEREDA;301;CERVUNION;C;1
5;0;SIN CORREGIMIENTO;0;SIN VEREDA;328;CAMPESTRE NORTE ;B;2
5;0;SIN CORREGIMIENTO;0;SIN VEREDA;329;VILLA DEL PRADO;A;9
5;0;SIN CORREGIMIENTO;0;SIN VEREDA;329;VILLA DEL PRADO;B;47
5;0;SIN CORREGIMIENTO;0;SIN VEREDA;329;VILLA DEL PRADO;C;70
5;0;SIN CORREGIMIENTO;0;SIN VEREDA;329;VILLA DEL PRADO;D;20
5;0;SIN CORREGIMIENTO;0;SIN VEREDA;336;12 DE FEBRERO;B;4
5;0;SIN CORREGIMIENTO;0;SIN VEREDA;336;12 DE FEBRERO;C;10
5;0;SIN CORREGIMIENTO;0;SIN VEREDA;370;CAMPO MADRID;B;1
5;0;SIN CORREGIMIENTO;0;SIN VEREDA;370;CAMPO MADRID;C;2
6;0;SIN CORREGIMIENTO;0;SIN VEREDA;99;ALARC‡N;A;3
6;0;SIN CORREGIMIENTO;0;SIN VEREDA;130;CENTRO;A;6
6;0;SIN CORREGIMIENTO;0;SIN VEREDA;135;LA CONCORDIA;A;96
6;0;SIN CORREGIMIENTO;0;SIN VEREDA;135;LA CONCORDIA;B;277
6;0;SIN CORREGIMIENTO;0;SIN VEREDA;135;LA CONCORDIA;C;275
6;0;SIN CORREGIMIENTO;0;SIN VEREDA;135;LA CONCORDIA;D;82
6;0;SIN CORREGIMIENTO;0;SIN VEREDA;137;NUEVO SOTOMAYOR;C;2
6;0;SIN CORREGIMIENTO;0;SIN VEREDA;137;NUEVO SOTOMAYOR;D;3
6;0;SIN CORREGIMIENTO;0;SIN VEREDA;144;CHORRERAS DE DON JUAN;A;10
6;0;SIN CORREGIMIENTO;0;SIN VEREDA;144;CHORRERAS DE DON JUAN;B;50
6;0;SIN CORREGIMIENTO;0;SIN VEREDA;144;CHORRERAS DE DON JUAN;C;56
6;0;SIN CORREGIMIENTO;0;SIN VEREDA;144;CHORRERAS DE DON JUAN;D;7
6;0;SIN CORREGIMIENTO;0;SIN VEREDA;145;CAMPO HERMOSO;A;5
6;0;SIN CORREGIMIENTO;0;SIN VEREDA;156;CANDILES;A;33
6;0;SIN CORREGIMIENTO;0;SIN VEREDA;156;CANDILES;B;184
6;0;SIN CORREGIMIENTO;0;SIN VEREDA;156;CANDILES;C;295
6;0;SIN CORREGIMIENTO;0;SIN VEREDA;156;CANDILES;D;89
6;0;SIN CORREGIMIENTO;0;SIN VEREDA;157;SAN MIGUEL;A;66
6;0;SIN CORREGIMIENTO;0;SIN VEREDA;157;SAN MIGUEL;B;312
6;0;SIN CORREGIMIENTO;0;SIN VEREDA;157;SAN MIGUEL;C;565
6;0;SIN CORREGIMIENTO;0;SIN VEREDA;157;SAN MIGUEL;D;147
6;0;SIN CORREGIMIENTO;0;SIN VEREDA;158;GOMEZ NI•O;A;8
6;0;SIN CORREGIMIENTO;0;SIN VEREDA;158;GOMEZ NI•O;B;19
6;0;SIN CORREGIMIENTO;0;SIN VEREDA;158;GOMEZ NI•O;C;17
6;0;SIN CORREGIMIENTO;0;SIN VEREDA;159;RICAURTE;A;20
6;0;SIN CORREGIMIENTO;0;SIN VEREDA;159;RICAURTE;B;184
6;0;SIN CORREGIMIENTO;0;SIN VEREDA;159;RICAURTE;C;311
6;0;SIN CORREGIMIENTO;0;SIN VEREDA;159;RICAURTE;D;86
6;0;SIN CORREGIMIENTO;0;SIN VEREDA;160;LA CEIBA;A;6
6;0;SIN CORREGIMIENTO;0;SIN VEREDA;160;LA CEIBA;B;2
6;0;SIN CORREGIMIENTO;0;SIN VEREDA;160;LA CEIBA;C;10
6;0;SIN CORREGIMIENTO;0;SIN VEREDA;162;CIUDADELA REAL DE MINAS ;C;1
6;0;SIN CORREGIMIENTO;0;SIN VEREDA;180;CANELOS;C;2
6;0;SIN CORREGIMIENTO;0;SIN VEREDA;180;CANELOS;D;4
6;0;SIN CORREGIMIENTO;0;SIN VEREDA;191;LA VICTORIA;A;6
6;0;SIN CORREGIMIENTO;0;SIN VEREDA;191;LA VICTORIA;B;29
6;0;SIN CORREGIMIENTO;0;SIN VEREDA;191;LA VICTORIA;C;15
6;0;SIN CORREGIMIENTO;0;SIN VEREDA;191;LA VICTORIA;D;4
6;0;SIN CORREGIMIENTO;0;SIN VEREDA;194;CORDONCILLO I;A;4
6;0;SIN CORREGIMIENTO;0;SIN VEREDA;194;CORDONCILLO I;B;3
6;0;SIN CORREGIMIENTO;0;SIN VEREDA;194;CORDONCILLO I;C;2
6;0;SIN CORREGIMIENTO;0;SIN VEREDA;195;PABLO VI;A;9
6;0;SIN CORREGIMIENTO;0;SIN VEREDA;195;PABLO VI;B;2
6;0;SIN CORREGIMIENTO;0;SIN VEREDA;195;PABLO VI;C;1
6;0;SIN CORREGIMIENTO;0;SIN VEREDA;274;BOL÷VAR;C;1
6;0;SIN CORREGIMIENTO;0;SIN VEREDA;286;MACAREGUA;C;2
6;0;SIN CORREGIMIENTO;0;SIN VEREDA;308;LA CU•ITA;C;1
7;0;SIN CORREGIMIENTO;0;SIN VEREDA;131;ANTONIA SANTOS CENTRO;B;2
7;0;SIN CORREGIMIENTO;0;SIN VEREDA;158;GOMEZ NI•O;B;5
7;0;SIN CORREGIMIENTO;0;SIN VEREDA;159;RICAURTE;C;2
7;0;SIN CORREGIMIENTO;0;SIN VEREDA;162;CIUDADELA REAL DE MINAS ;A;11
7;0;SIN CORREGIMIENTO;0;SIN VEREDA;162;CIUDADELA REAL DE MINAS ;B;37
7;0;SIN CORREGIMIENTO;0;SIN VEREDA;162;CIUDADELA REAL DE MINAS ;C;15
7;0;SIN CORREGIMIENTO;0;SIN VEREDA;162;CIUDADELA REAL DE MINAS ;D;5
7;0;SIN CORREGIMIENTO;0;SIN VEREDA;163;BALCONCITOS;A;35
7;0;SIN CORREGIMIENTO;0;SIN VEREDA;163;BALCONCITOS;B;146
7;0;SIN CORREGIMIENTO;0;SIN VEREDA;163;BALCONCITOS;C;241
7;0;SIN CORREGIMIENTO;0;SIN VEREDA;163;BALCONCITOS;D;59
7;0;SIN CORREGIMIENTO;0;SIN VEREDA;164;MUTIS;B;3
7;0;SIN CORREGIMIENTO;0;SIN VEREDA;164;MUTIS;C;1
7;0;SIN CORREGIMIENTO;0;SIN VEREDA;164;MUTIS;D;3
7;0;SIN CORREGIMIENTO;0;SIN VEREDA;171;CIUDAD BOLIVAR;A;20
7;0;SIN CORREGIMIENTO;0;SIN VEREDA;171;CIUDAD BOLIVAR;B;30
7;0;SIN CORREGIMIENTO;0;SIN VEREDA;171;CIUDAD BOLIVAR;C;43
7;0;SIN CORREGIMIENTO;0;SIN VEREDA;171;CIUDAD BOLIVAR;D;6
7;0;SIN CORREGIMIENTO;0;SIN VEREDA;177;LOS ALMENDROS;A;9
7;0;SIN CORREGIMIENTO;0;SIN VEREDA;177;LOS ALMENDROS;B;1
7;0;SIN CORREGIMIENTO;0;SIN VEREDA;177;LOS ALMENDROS;D;3
7;0;SIN CORREGIMIENTO;0;SIN VEREDA;178;SAN GERARDO I Y II;A;21
7;0;SIN CORREGIMIENTO;0;SIN VEREDA;178;SAN GERARDO I Y II;B;18
7;0;SIN CORREGIMIENTO;0;SIN VEREDA;178;SAN GERARDO I Y II;C;9
7;0;SIN CORREGIMIENTO;0;SIN VEREDA;180;CANELOS;B;1
7;0;SIN CORREGIMIENTO;0;SIN VEREDA;180;CANELOS;C;1
7;0;SIN CORREGIMIENTO;0;SIN VEREDA;182;BUCARAMANGA;A;6
7;0;SIN CORREGIMIENTO;0;SIN VEREDA;182;BUCARAMANGA;B;6
7;0;SIN CORREGIMIENTO;0;SIN VEREDA;182;BUCARAMANGA;C;6
7;0;SIN CORREGIMIENTO;0;SIN VEREDA;184;LAURELES;C;1
7;0;SIN CORREGIMIENTO;0;SIN VEREDA;187;LOS NARANJOS;B;5
7;0;SIN CORREGIMIENTO;0;SIN VEREDA;187;LOS NARANJOS;C;4
7;0;SIN CORREGIMIENTO;0;SIN VEREDA;187;LOS NARANJOS;D;1
7;0;SIN CORREGIMIENTO;0;SIN VEREDA;189;SAMANES;B;2
7;0;SIN CORREGIMIENTO;0;SIN VEREDA;189;SAMANES;C;4
7;0;SIN CORREGIMIENTO;0;SIN VEREDA;273;BALCONES DE GRATAMIRA;B;2
7;0;SIN CORREGIMIENTO;0;SIN VEREDA;273;BALCONES DE GRATAMIRA;C;6
7;0;SIN CORREGIMIENTO;0;SIN VEREDA;286;MACAREGUA;C;1
8;0;SIN CORREGIMIENTO;0;SIN VEREDA;12;CAFê MADRID EL TÈNEL;B;2
8;0;SIN CORREGIMIENTO;0;SIN VEREDA;18;5 DE ENERO;B;2
8;0;SIN CORREGIMIENTO;0;SIN VEREDA;35;MINUTO DE DIOS;A;3
8;0;SIN CORREGIMIENTO;0;SIN VEREDA;115;BUENAVISTA;C;3
8;0;SIN CORREGIMIENTO;0;SIN VEREDA;160;LA CEIBA;C;4
8;0;SIN CORREGIMIENTO;0;SIN VEREDA;178;SAN GERARDO I Y II;A;317
8;0;SIN CORREGIMIENTO;0;SIN VEREDA;178;SAN GERARDO I Y II;B;817
8;0;SIN CORREGIMIENTO;0;SIN VEREDA;178;SAN GERARDO I Y II;C;748
8;0;SIN CORREGIMIENTO;0;SIN VEREDA;178;SAN GERARDO I Y II;D;123
8;0;SIN CORREGIMIENTO;0;SIN VEREDA;179;COLOMBIA;A;37
8;0;SIN CORREGIMIENTO;0;SIN VEREDA;179;COLOMBIA;B;122
8;0;SIN CORREGIMIENTO;0;SIN VEREDA;179;COLOMBIA;C;118
8;0;SIN CORREGIMIENTO;0;SIN VEREDA;179;COLOMBIA;D;10
8;0;SIN CORREGIMIENTO;0;SIN VEREDA;180;CANELOS;A;54
8;0;SIN CORREGIMIENTO;0;SIN VEREDA;180;CANELOS;B;361
8;0;SIN CORREGIMIENTO;0;SIN VEREDA;180;CANELOS;C;606
8;0;SIN CORREGIMIENTO;0;SIN VEREDA;180;CANELOS;D;187
8;0;SIN CORREGIMIENTO;0;SIN VEREDA;181;MANZANA 10;A;49
8;0;SIN CORREGIMIENTO;0;SIN VEREDA;181;MANZANA 10;B;131
8;0;SIN CORREGIMIENTO;0;SIN VEREDA;181;MANZANA 10;C;72
8;0;SIN CORREGIMIENTO;0;SIN VEREDA;181;MANZANA 10;D;25
8;0;SIN CORREGIMIENTO;0;SIN VEREDA;182;BUCARAMANGA;A;469
8;0;SIN CORREGIMIENTO;0;SIN VEREDA;182;BUCARAMANGA;B;1422
8;0;SIN CORREGIMIENTO;0;SIN VEREDA;182;BUCARAMANGA;C;1548
8;0;SIN CORREGIMIENTO;0;SIN VEREDA;182;BUCARAMANGA;D;244
8;0;SIN CORREGIMIENTO;0;SIN VEREDA;183;PE•‡N DEL VALLE;B;3
8;0;SIN CORREGIMIENTO;0;SIN VEREDA;183;PE•‡N DEL VALLE;C;2
8;0;SIN CORREGIMIENTO;0;SIN VEREDA;184;LAURELES;A;112
8;0;SIN CORREGIMIENTO;0;SIN VEREDA;184;LAURELES;B;221
8;0;SIN CORREGIMIENTO;0;SIN VEREDA;184;LAURELES;C;116
8;0;SIN CORREGIMIENTO;0;SIN VEREDA;184;LAURELES;D;8
8;0;SIN CORREGIMIENTO;0;SIN VEREDA;185;CORDONCILLO II;A;22
8;0;SIN CORREGIMIENTO;0;SIN VEREDA;185;CORDONCILLO II;B;155
8;0;SIN CORREGIMIENTO;0;SIN VEREDA;185;CORDONCILLO II;C;109
8;0;SIN CORREGIMIENTO;0;SIN VEREDA;185;CORDONCILLO II;D;19
8;0;SIN CORREGIMIENTO;0;SIN VEREDA;191;LA VICTORIA;B;4
8;0;SIN CORREGIMIENTO;0;SIN VEREDA;191;LA VICTORIA;C;3
8;0;SIN CORREGIMIENTO;0;SIN VEREDA;194;CORDONCILLO I;A;207
8;0;SIN CORREGIMIENTO;0;SIN VEREDA;194;CORDONCILLO I;B;330
8;0;SIN CORREGIMIENTO;0;SIN VEREDA;194;CORDONCILLO I;C;254
8;0;SIN CORREGIMIENTO;0;SIN VEREDA;194;CORDONCILLO I;D;47
8;0;SIN CORREGIMIENTO;0;SIN VEREDA;195;PABLO VI;A;323
8;0;SIN CORREGIMIENTO;0;SIN VEREDA;195;PABLO VI;B;752
8;0;SIN CORREGIMIENTO;0;SIN VEREDA;195;PABLO VI;C;974
8;0;SIN CORREGIMIENTO;0;SIN VEREDA;195;PABLO VI;D;182
8;0;SIN CORREGIMIENTO;0;SIN VEREDA;196;AFRIKA;A;40
8;0;SIN CORREGIMIENTO;0;SIN VEREDA;196;AFRIKA;B;113
8;0;SIN CORREGIMIENTO;0;SIN VEREDA;196;AFRIKA;C;104
8;0;SIN CORREGIMIENTO;0;SIN VEREDA;196;AFRIKA;D;4
8;0;SIN CORREGIMIENTO;0;SIN VEREDA;197;20 DE JULIO;A;18
8;0;SIN CORREGIMIENTO;0;SIN VEREDA;197;20 DE JULIO;B;42
8;0;SIN CORREGIMIENTO;0;SIN VEREDA;197;20 DE JULIO;C;32
8;0;SIN CORREGIMIENTO;0;SIN VEREDA;197;20 DE JULIO;D;5
8;0;SIN CORREGIMIENTO;0;SIN VEREDA;198;EL FONCE;A;6
8;0;SIN CORREGIMIENTO;0;SIN VEREDA;198;EL FONCE;B;2
8;0;SIN CORREGIMIENTO;0;SIN VEREDA;199;JUAN XXIII;A;238
8;0;SIN CORREGIMIENTO;0;SIN VEREDA;199;JUAN XXIII;B;605
8;0;SIN CORREGIMIENTO;0;SIN VEREDA;199;JUAN XXIII;C;366
8;0;SIN CORREGIMIENTO;0;SIN VEREDA;199;JUAN XXIII;D;38
8;0;SIN CORREGIMIENTO;0;SIN VEREDA;281;SAN IGNACIO REAL;A;4
8;0;SIN CORREGIMIENTO;0;SIN VEREDA;333;23 DE JUNIO;B;3
8;0;SIN CORREGIMIENTO;0;SIN VEREDA;349;JUAN XXIII CANCHA LA GUACAMAYA;A;32
8;0;SIN CORREGIMIENTO;0;SIN VEREDA;349;JUAN XXIII CANCHA LA GUACAMAYA;B;17
8;0;SIN CORREGIMIENTO;0;SIN VEREDA;349;JUAN XXIII CANCHA LA GUACAMAYA;C;8
8;0;SIN CORREGIMIENTO;0;SIN VEREDA;349;JUAN XXIII CANCHA LA GUACAMAYA;D;1
9;0;SIN CORREGIMIENTO;0;SIN VEREDA;192;LA SALLE;B;3
9;0;SIN CORREGIMIENTO;0;SIN VEREDA;192;LA SALLE;C;8
9;0;SIN CORREGIMIENTO;0;SIN VEREDA;193;NUEVA GRANADA;A;16
9;0;SIN CORREGIMIENTO;0;SIN VEREDA;193;NUEVA GRANADA;B;99
9;0;SIN CORREGIMIENTO;0;SIN VEREDA;193;NUEVA GRANADA;C;194
9;0;SIN CORREGIMIENTO;0;SIN VEREDA;193;NUEVA GRANADA;D;74
9;0;SIN CORREGIMIENTO;0;SIN VEREDA;200;ANTONIA SANTOS SUR;A;23
9;0;SIN CORREGIMIENTO;0;SIN VEREDA;200;ANTONIA SANTOS SUR;B;53
9;0;SIN CORREGIMIENTO;0;SIN VEREDA;200;ANTONIA SANTOS SUR;C;32
9;0;SIN CORREGIMIENTO;0;SIN VEREDA;200;ANTONIA SANTOS SUR;D;2
9;0;SIN CORREGIMIENTO;0;SIN VEREDA;201;QUEBRADA LA IGLESIA;A;31
9;0;SIN CORREGIMIENTO;0;SIN VEREDA;201;QUEBRADA LA IGLESIA;B;195
9;0;SIN CORREGIMIENTO;0;SIN VEREDA;201;QUEBRADA LA IGLESIA;C;158
9;0;SIN CORREGIMIENTO;0;SIN VEREDA;201;QUEBRADA LA IGLESIA;D;32
9;0;SIN CORREGIMIENTO;0;SIN VEREDA;202;SAN PEDRO;A;77
9;0;SIN CORREGIMIENTO;0;SIN VEREDA;202;SAN PEDRO;B;288
9;0;SIN CORREGIMIENTO;0;SIN VEREDA;202;SAN PEDRO;C;299
9;0;SIN CORREGIMIENTO;0;SIN VEREDA;202;SAN PEDRO;D;42
9;0;SIN CORREGIMIENTO;0;SIN VEREDA;203;SAN MART÷N;A;184
9;0;SIN CORREGIMIENTO;0;SIN VEREDA;203;SAN MART÷N;B;746
9;0;SIN CORREGIMIENTO;0;SIN VEREDA;203;SAN MART÷N;C;652
9;0;SIN CORREGIMIENTO;0;SIN VEREDA;203;SAN MART÷N;D;104
9;0;SIN CORREGIMIENTO;0;SIN VEREDA;204;EL SOL I Y II;A;90
9;0;SIN CORREGIMIENTO;0;SIN VEREDA;204;EL SOL I Y II;B;238
9;0;SIN CORREGIMIENTO;0;SIN VEREDA;204;EL SOL I Y II;C;315
9;0;SIN CORREGIMIENTO;0;SIN VEREDA;204;EL SOL I Y II;D;44
9;0;SIN CORREGIMIENTO;0;SIN VEREDA;205;GUAYACANES;B;5
9;0;SIN CORREGIMIENTO;0;SIN VEREDA;205;GUAYACANES;C;1
9;0;SIN CORREGIMIENTO;0;SIN VEREDA;207;LA PEDREGOSA;A;10
9;0;SIN CORREGIMIENTO;0;SIN VEREDA;207;LA PEDREGOSA;B;47
9;0;SIN CORREGIMIENTO;0;SIN VEREDA;207;LA PEDREGOSA;C;89
9;0;SIN CORREGIMIENTO;0;SIN VEREDA;207;LA PEDREGOSA;D;41
9;0;SIN CORREGIMIENTO;0;SIN VEREDA;208;DIAMANTE I;A;13
9;0;SIN CORREGIMIENTO;0;SIN VEREDA;208;DIAMANTE I;B;35
9;0;SIN CORREGIMIENTO;0;SIN VEREDA;208;DIAMANTE I;C;17
9;0;SIN CORREGIMIENTO;0;SIN VEREDA;209;LAS CASITAS;A;48
9;0;SIN CORREGIMIENTO;0;SIN VEREDA;209;LAS CASITAS;B;120
9;0;SIN CORREGIMIENTO;0;SIN VEREDA;209;LAS CASITAS;C;101
9;0;SIN CORREGIMIENTO;0;SIN VEREDA;209;LAS CASITAS;D;10
9;0;SIN CORREGIMIENTO;0;SIN VEREDA;210;VILLA INES;A;3
9;0;SIN CORREGIMIENTO;0;SIN VEREDA;210;VILLA INES;B;6
9;0;SIN CORREGIMIENTO;0;SIN VEREDA;210;VILLA INES;C;5
9;0;SIN CORREGIMIENTO;0;SIN VEREDA;211;ASTURIAS;A;4
9;0;SIN CORREGIMIENTO;0;SIN VEREDA;213;LA LIBERTAD;A;14
9;0;SIN CORREGIMIENTO;0;SIN VEREDA;213;LA LIBERTAD;B;65
9;0;SIN CORREGIMIENTO;0;SIN VEREDA;213;LA LIBERTAD;C;66
9;0;SIN CORREGIMIENTO;0;SIN VEREDA;213;LA LIBERTAD;D;36
9;0;SIN CORREGIMIENTO;0;SIN VEREDA;239;MANUELA BELTRµN ;C;4
9;0;SIN CORREGIMIENTO;0;SIN VEREDA;288;PORTOFINO;C;1
9;0;SIN CORREGIMIENTO;0;SIN VEREDA;316;MIRADOR DE SAN LORENZO;A;5
10;0;SIN CORREGIMIENTO;0;SIN VEREDA;0;BARRIO_S4;B;3
10;0;SIN CORREGIMIENTO;0;SIN VEREDA;182;BUCARAMANGA;A;3
10;0;SIN CORREGIMIENTO;0;SIN VEREDA;220;DIAMANTE II;A;7
10;0;SIN CORREGIMIENTO;0;SIN VEREDA;220;DIAMANTE II;B;11
10;0;SIN CORREGIMIENTO;0;SIN VEREDA;220;DIAMANTE II;C;23
10;0;SIN CORREGIMIENTO;0;SIN VEREDA;220;DIAMANTE II;D;2
10;0;SIN CORREGIMIENTO;0;SIN VEREDA;221;SAN LUIS;A;4
10;0;SIN CORREGIMIENTO;0;SIN VEREDA;221;SAN LUIS;B;11
10;0;SIN CORREGIMIENTO;0;SIN VEREDA;221;SAN LUIS;C;20
10;0;SIN CORREGIMIENTO;0;SIN VEREDA;221;SAN LUIS;D;1
10;0;SIN CORREGIMIENTO;0;SIN VEREDA;222;PROVENZA;A;16
10;0;SIN CORREGIMIENTO;0;SIN VEREDA;222;PROVENZA;B;22
10;0;SIN CORREGIMIENTO;0;SIN VEREDA;222;PROVENZA;C;15
10;0;SIN CORREGIMIENTO;0;SIN VEREDA;222;PROVENZA;D;4
10;0;SIN CORREGIMIENTO;0;SIN VEREDA;225;EL CRISTAL;A;500
10;0;SIN CORREGIMIENTO;0;SIN VEREDA;225;EL CRISTAL;B;1416
10;0;SIN CORREGIMIENTO;0;SIN VEREDA;225;EL CRISTAL;C;1431
10;0;SIN CORREGIMIENTO;0;SIN VEREDA;225;EL CRISTAL;D;260
10;0;SIN CORREGIMIENTO;0;SIN VEREDA;226;GRANJAS DE PROVENZA;A;216
10;0;SIN CORREGIMIENTO;0;SIN VEREDA;226;GRANJAS DE PROVENZA;B;509
10;0;SIN CORREGIMIENTO;0;SIN VEREDA;226;GRANJAS DE PROVENZA;C;412
10;0;SIN CORREGIMIENTO;0;SIN VEREDA;226;GRANJAS DE PROVENZA;D;94
10;0;SIN CORREGIMIENTO;0;SIN VEREDA;227;GRANJAS DE JULIO RINC‡N;B;1
10;0;SIN CORREGIMIENTO;0;SIN VEREDA;228;EL ROCIO;C;1
10;0;SIN CORREGIMIENTO;0;SIN VEREDA;233;"LUZ DE SALVACI‡N BAJO		";A;46
10;0;SIN CORREGIMIENTO;0;SIN VEREDA;233;"LUZ DE SALVACI‡N BAJO		";B;41
10;0;SIN CORREGIMIENTO;0;SIN VEREDA;233;"LUZ DE SALVACI‡N BAJO		";C;29
10;0;SIN CORREGIMIENTO;0;SIN VEREDA;233;"LUZ DE SALVACI‡N BAJO		";D;4
10;0;SIN CORREGIMIENTO;0;SIN VEREDA;234;DELICIAS ALTAS Y BAJAS SUR;A;4
10;0;SIN CORREGIMIENTO;0;SIN VEREDA;243;CIUDAD VENECIA ;B;5
10;0;SIN CORREGIMIENTO;0;SIN VEREDA;284;FONTANA;B;7
10;0;SIN CORREGIMIENTO;0;SIN VEREDA;284;FONTANA;C;5
10;0;SIN CORREGIMIENTO;0;SIN VEREDA;317;NUEVA FONTANA;A;8
10;0;SIN CORREGIMIENTO;0;SIN VEREDA;326;VIVEROS DE PROVENZA;A;44
10;0;SIN CORREGIMIENTO;0;SIN VEREDA;326;VIVEROS DE PROVENZA;B;148
10;0;SIN CORREGIMIENTO;0;SIN VEREDA;326;VIVEROS DE PROVENZA;C;206
10;0;SIN CORREGIMIENTO;0;SIN VEREDA;326;VIVEROS DE PROVENZA;D;65
10;0;SIN CORREGIMIENTO;0;SIN VEREDA;327;LUZ DE SALVACI‡N ALTO;A;469
10;0;SIN CORREGIMIENTO;0;SIN VEREDA;327;LUZ DE SALVACI‡N ALTO;B;971
10;0;SIN CORREGIMIENTO;0;SIN VEREDA;327;LUZ DE SALVACI‡N ALTO;C;608
10;0;SIN CORREGIMIENTO;0;SIN VEREDA;327;LUZ DE SALVACI‡N ALTO;D;68
10;0;SIN CORREGIMIENTO;0;SIN VEREDA;331;BRISAS DE PROVENZA ;A;323
10;0;SIN CORREGIMIENTO;0;SIN VEREDA;331;BRISAS DE PROVENZA ;B;548
10;0;SIN CORREGIMIENTO;0;SIN VEREDA;331;BRISAS DE PROVENZA ;C;449
10;0;SIN CORREGIMIENTO;0;SIN VEREDA;331;BRISAS DE PROVENZA ;D;41
11;0;SIN CORREGIMIENTO;0;SIN VEREDA;9;LAS DELICIAS;C;2
11;0;SIN CORREGIMIENTO;0;SIN VEREDA;9;LAS DELICIAS;D;1
11;0;SIN CORREGIMIENTO;0;SIN VEREDA;12;CAFê MADRID EL TÈNEL;A;5
11;0;SIN CORREGIMIENTO;0;SIN VEREDA;142;ALFONSO L‡PEZ;D;1
11;0;SIN CORREGIMIENTO;0;SIN VEREDA;174;EL BUENO;A;3
11;0;SIN CORREGIMIENTO;0;SIN VEREDA;174;EL BUENO;B;4
11;0;SIN CORREGIMIENTO;0;SIN VEREDA;194;CORDONCILLO I;B;1
11;0;SIN CORREGIMIENTO;0;SIN VEREDA;222;PROVENZA;B;2
11;0;SIN CORREGIMIENTO;0;SIN VEREDA;222;PROVENZA;C;2
11;0;SIN CORREGIMIENTO;0;SIN VEREDA;223;PORVENIR BAJO;B;19
11;0;SIN CORREGIMIENTO;0;SIN VEREDA;223;PORVENIR BAJO;C;13
11;0;SIN CORREGIMIENTO;0;SIN VEREDA;223;PORVENIR BAJO;D;1
11;0;SIN CORREGIMIENTO;0;SIN VEREDA;225;EL CRISTAL;B;1
11;0;SIN CORREGIMIENTO;0;SIN VEREDA;225;EL CRISTAL;C;1
11;0;SIN CORREGIMIENTO;0;SIN VEREDA;226;GRANJAS DE PROVENZA;A;4
11;0;SIN CORREGIMIENTO;0;SIN VEREDA;226;GRANJAS DE PROVENZA;B;7
11;0;SIN CORREGIMIENTO;0;SIN VEREDA;226;GRANJAS DE PROVENZA;C;10
11;0;SIN CORREGIMIENTO;0;SIN VEREDA;226;GRANJAS DE PROVENZA;D;1
11;0;SIN CORREGIMIENTO;0;SIN VEREDA;227;GRANJAS DE JULIO RINC‡N;A;74
11;0;SIN CORREGIMIENTO;0;SIN VEREDA;227;GRANJAS DE JULIO RINC‡N;B;246
11;0;SIN CORREGIMIENTO;0;SIN VEREDA;227;GRANJAS DE JULIO RINC‡N;C;328
11;0;SIN CORREGIMIENTO;0;SIN VEREDA;227;GRANJAS DE JULIO RINC‡N;D;67
11;0;SIN CORREGIMIENTO;0;SIN VEREDA;228;EL ROCIO;A;64
11;0;SIN CORREGIMIENTO;0;SIN VEREDA;228;EL ROCIO;B;197
11;0;SIN CORREGIMIENTO;0;SIN VEREDA;228;EL ROCIO;C;418
11;0;SIN CORREGIMIENTO;0;SIN VEREDA;228;EL ROCIO;D;134
11;0;SIN CORREGIMIENTO;0;SIN VEREDA;229;VILLA SARA;A;6
11;0;SIN CORREGIMIENTO;0;SIN VEREDA;229;VILLA SARA;B;14
11;0;SIN CORREGIMIENTO;0;SIN VEREDA;229;VILLA SARA;C;1
11;0;SIN CORREGIMIENTO;0;SIN VEREDA;230;VILLA ALICIA;B;12
11;0;SIN CORREGIMIENTO;0;SIN VEREDA;230;VILLA ALICIA;C;10
11;0;SIN CORREGIMIENTO;0;SIN VEREDA;230;VILLA ALICIA;D;2
11;0;SIN CORREGIMIENTO;0;SIN VEREDA;231;TOLEDO PLATA ;A;22
11;0;SIN CORREGIMIENTO;0;SIN VEREDA;231;TOLEDO PLATA ;B;161
11;0;SIN CORREGIMIENTO;0;SIN VEREDA;231;TOLEDO PLATA ;C;323
11;0;SIN CORREGIMIENTO;0;SIN VEREDA;231;TOLEDO PLATA ;D;166
11;0;SIN CORREGIMIENTO;0;SIN VEREDA;232;DANGOND;A;17
11;0;SIN CORREGIMIENTO;0;SIN VEREDA;232;DANGOND;B;95
11;0;SIN CORREGIMIENTO;0;SIN VEREDA;232;DANGOND;C;305
11;0;SIN CORREGIMIENTO;0;SIN VEREDA;232;DANGOND;D;87
11;0;SIN CORREGIMIENTO;0;SIN VEREDA;233;"LUZ DE SALVACI‡N BAJO		";A;171
11;0;SIN CORREGIMIENTO;0;SIN VEREDA;233;"LUZ DE SALVACI‡N BAJO		";B;342
11;0;SIN CORREGIMIENTO;0;SIN VEREDA;233;"LUZ DE SALVACI‡N BAJO		";C;221
11;0;SIN CORREGIMIENTO;0;SIN VEREDA;233;"LUZ DE SALVACI‡N BAJO		";D;22
11;0;SIN CORREGIMIENTO;0;SIN VEREDA;234;DELICIAS ALTAS Y BAJAS SUR;A;4
11;0;SIN CORREGIMIENTO;0;SIN VEREDA;234;DELICIAS ALTAS Y BAJAS SUR;B;60
11;0;SIN CORREGIMIENTO;0;SIN VEREDA;234;DELICIAS ALTAS Y BAJAS SUR;C;56
11;0;SIN CORREGIMIENTO;0;SIN VEREDA;234;DELICIAS ALTAS Y BAJAS SUR;D;13
11;0;SIN CORREGIMIENTO;0;SIN VEREDA;236;VILLA CANDADO;A;13
11;0;SIN CORREGIMIENTO;0;SIN VEREDA;236;VILLA CANDADO;B;16
11;0;SIN CORREGIMIENTO;0;SIN VEREDA;236;VILLA CANDADO;C;25
11;0;SIN CORREGIMIENTO;0;SIN VEREDA;236;VILLA CANDADO;D;9
11;0;SIN CORREGIMIENTO;0;SIN VEREDA;237;MALPASO;A;35
11;0;SIN CORREGIMIENTO;0;SIN VEREDA;237;MALPASO;B;134
11;0;SIN CORREGIMIENTO;0;SIN VEREDA;237;MALPASO;C;160
11;0;SIN CORREGIMIENTO;0;SIN VEREDA;237;MALPASO;D;28
11;0;SIN CORREGIMIENTO;0;SIN VEREDA;238;EL PORVENIR;A;92
11;0;SIN CORREGIMIENTO;0;SIN VEREDA;238;EL PORVENIR;B;113
11;0;SIN CORREGIMIENTO;0;SIN VEREDA;238;EL PORVENIR;C;87
11;0;SIN CORREGIMIENTO;0;SIN VEREDA;238;EL PORVENIR;D;7
11;0;SIN CORREGIMIENTO;0;SIN VEREDA;239;MANUELA BELTRµN ;A;167
11;0;SIN CORREGIMIENTO;0;SIN VEREDA;239;MANUELA BELTRµN ;B;466
11;0;SIN CORREGIMIENTO;0;SIN VEREDA;239;MANUELA BELTRµN ;C;641
11;0;SIN CORREGIMIENTO;0;SIN VEREDA;239;MANUELA BELTRµN ;D;136
11;0;SIN CORREGIMIENTO;0;SIN VEREDA;240;IGSABELAR;A;23
11;0;SIN CORREGIMIENTO;0;SIN VEREDA;240;IGSABELAR;B;73
11;0;SIN CORREGIMIENTO;0;SIN VEREDA;240;IGSABELAR;C;86
11;0;SIN CORREGIMIENTO;0;SIN VEREDA;240;IGSABELAR;D;4
11;0;SIN CORREGIMIENTO;0;SIN VEREDA;241;SANTAMAR÷A;A;64
11;0;SIN CORREGIMIENTO;0;SIN VEREDA;241;SANTAMAR÷A;B;310
11;0;SIN CORREGIMIENTO;0;SIN VEREDA;241;SANTAMAR÷A;C;479
11;0;SIN CORREGIMIENTO;0;SIN VEREDA;241;SANTAMAR÷A;D;139
11;0;SIN CORREGIMIENTO;0;SIN VEREDA;242;COAVICONSA;A;10
11;0;SIN CORREGIMIENTO;0;SIN VEREDA;242;COAVICONSA;B;37
11;0;SIN CORREGIMIENTO;0;SIN VEREDA;242;COAVICONSA;C;17
11;0;SIN CORREGIMIENTO;0;SIN VEREDA;243;CIUDAD VENECIA ;A;28
11;0;SIN CORREGIMIENTO;0;SIN VEREDA;243;CIUDAD VENECIA ;B;114
11;0;SIN CORREGIMIENTO;0;SIN VEREDA;243;CIUDAD VENECIA ;C;222
11;0;SIN CORREGIMIENTO;0;SIN VEREDA;243;CIUDAD VENECIA ;D;81
11;0;SIN CORREGIMIENTO;0;SIN VEREDA;244;VILLA FLOR;A;11
11;0;SIN CORREGIMIENTO;0;SIN VEREDA;244;VILLA FLOR;B;8
11;0;SIN CORREGIMIENTO;0;SIN VEREDA;244;VILLA FLOR;C;17
11;0;SIN CORREGIMIENTO;0;SIN VEREDA;244;VILLA FLOR;D;2
11;0;SIN CORREGIMIENTO;0;SIN VEREDA;290;LOS CONQUISTADORES;A;115
11;0;SIN CORREGIMIENTO;0;SIN VEREDA;290;LOS CONQUISTADORES;B;363
11;0;SIN CORREGIMIENTO;0;SIN VEREDA;290;LOS CONQUISTADORES;C;369
11;0;SIN CORREGIMIENTO;0;SIN VEREDA;290;LOS CONQUISTADORES;D;52
11;0;SIN CORREGIMIENTO;0;SIN VEREDA;326;VIVEROS DE PROVENZA;B;9
11;0;SIN CORREGIMIENTO;0;SIN VEREDA;326;VIVEROS DE PROVENZA;C;2
11;0;SIN CORREGIMIENTO;0;SIN VEREDA;331;BRISAS DE PROVENZA ;A;8
11;0;SIN CORREGIMIENTO;0;SIN VEREDA;331;BRISAS DE PROVENZA ;B;11
11;0;SIN CORREGIMIENTO;0;SIN VEREDA;340;GRANJAS REAGAN;A;146
11;0;SIN CORREGIMIENTO;0;SIN VEREDA;340;GRANJAS REAGAN;B;331
11;0;SIN CORREGIMIENTO;0;SIN VEREDA;340;GRANJAS REAGAN;C;175
11;0;SIN CORREGIMIENTO;0;SIN VEREDA;340;GRANJAS REAGAN;D;48
11;0;SIN CORREGIMIENTO;0;SIN VEREDA;344;BALCONES DEL SUR;A;217
11;0;SIN CORREGIMIENTO;0;SIN VEREDA;344;BALCONES DEL SUR;B;350
11;0;SIN CORREGIMIENTO;0;SIN VEREDA;344;BALCONES DEL SUR;C;184
11;0;SIN CORREGIMIENTO;0;SIN VEREDA;344;BALCONES DEL SUR;D;20
11;0;SIN CORREGIMIENTO;0;SIN VEREDA;346;JARDINES DE ALTAGRACIA;C;1
11;0;SIN CORREGIMIENTO;0;SIN VEREDA;347;BRISAS DEL PARA÷SO ;A;208
11;0;SIN CORREGIMIENTO;0;SIN VEREDA;347;BRISAS DEL PARA÷SO ;B;352
11;0;SIN CORREGIMIENTO;0;SIN VEREDA;347;BRISAS DEL PARA÷SO ;C;314
11;0;SIN CORREGIMIENTO;0;SIN VEREDA;347;BRISAS DEL PARA÷SO ;D;43
11;0;SIN CORREGIMIENTO;0;SIN VEREDA;352;VILLAREAL;A;231
11;0;SIN CORREGIMIENTO;0;SIN VEREDA;352;VILLAREAL;B;321
11;0;SIN CORREGIMIENTO;0;SIN VEREDA;352;VILLAREAL;C;225
11;0;SIN CORREGIMIENTO;0;SIN VEREDA;352;VILLAREAL;D;29
11;0;SIN CORREGIMIENTO;0;SIN VEREDA;361;VILLAS DEL NOGAL;A;193
11;0;SIN CORREGIMIENTO;0;SIN VEREDA;361;VILLAS DEL NOGAL;B;396
11;0;SIN CORREGIMIENTO;0;SIN VEREDA;361;VILLAS DEL NOGAL;C;357
11;0;SIN CORREGIMIENTO;0;SIN VEREDA;361;VILLAS DEL NOGAL;D;32
11;0;SIN CORREGIMIENTO;0;SIN VEREDA;362;PUNTA PARAISO;A;160
11;0;SIN CORREGIMIENTO;0;SIN VEREDA;362;PUNTA PARAISO;B;277
11;0;SIN CORREGIMIENTO;0;SIN VEREDA;362;PUNTA PARAISO;C;397
11;0;SIN CORREGIMIENTO;0;SIN VEREDA;362;PUNTA PARAISO;D;71
11;0;SIN CORREGIMIENTO;0;SIN VEREDA;367;BRISAS DEL PALMAR;A;18
11;0;SIN CORREGIMIENTO;0;SIN VEREDA;367;BRISAS DEL PALMAR;B;91
11;0;SIN CORREGIMIENTO;0;SIN VEREDA;367;BRISAS DEL PALMAR;C;91
11;0;SIN CORREGIMIENTO;0;SIN VEREDA;367;BRISAS DEL PALMAR;D;39
11;0;SIN CORREGIMIENTO;0;SIN VEREDA;999999;BARRIO_S4;B;3
11;0;SIN CORREGIMIENTO;0;SIN VEREDA;999999;BARRIO_S4;C;5
11;0;SIN CORREGIMIENTO;0;SIN VEREDA;999999;BARRIO_S4;D;3
12;0;SIN CORREGIMIENTO;0;SIN VEREDA;121;QUEBRADA PAN DE AZÈCAR;A;3
12;0;SIN CORREGIMIENTO;0;SIN VEREDA;121;QUEBRADA PAN DE AZÈCAR;B;6
12;0;SIN CORREGIMIENTO;0;SIN VEREDA;121;QUEBRADA PAN DE AZÈCAR;C;5
12;0;SIN CORREGIMIENTO;0;SIN VEREDA;123;CABECERA DEL LLANO;B;3
12;0;SIN CORREGIMIENTO;0;SIN VEREDA;126;PAN DE AZUCAR;A;2
12;0;SIN CORREGIMIENTO;0;SIN VEREDA;126;PAN DE AZUCAR;B;1
12;0;SIN CORREGIMIENTO;0;SIN VEREDA;126;PAN DE AZUCAR;C;2
12;0;SIN CORREGIMIENTO;0;SIN VEREDA;126;PAN DE AZUCAR;D;2
12;0;SIN CORREGIMIENTO;0;SIN VEREDA;135;LA CONCORDIA;A;2
12;0;SIN CORREGIMIENTO;0;SIN VEREDA;135;LA CONCORDIA;B;9
12;0;SIN CORREGIMIENTO;0;SIN VEREDA;135;LA CONCORDIA;C;4
12;0;SIN CORREGIMIENTO;0;SIN VEREDA;136;SOTOMAYOR;A;3
12;0;SIN CORREGIMIENTO;0;SIN VEREDA;136;SOTOMAYOR;B;5
12;0;SIN CORREGIMIENTO;0;SIN VEREDA;136;SOTOMAYOR;C;7
12;0;SIN CORREGIMIENTO;0;SIN VEREDA;138;BOLARQUI;B;2
12;0;SIN CORREGIMIENTO;0;SIN VEREDA;138;BOLARQUI;C;2
12;0;SIN CORREGIMIENTO;0;SIN VEREDA;139;MERCEDES;B;2
12;0;SIN CORREGIMIENTO;0;SIN VEREDA;139;MERCEDES;C;5
12;0;SIN CORREGIMIENTO;0;SIN VEREDA;139;MERCEDES;D;1
12;0;SIN CORREGIMIENTO;0;SIN VEREDA;140;CONUCOS;B;3
12;0;SIN CORREGIMIENTO;0;SIN VEREDA;140;CONUCOS;C;1
12;0;SIN CORREGIMIENTO;0;SIN VEREDA;161;PUERTA DEL SOL;C;2
12;0;SIN CORREGIMIENTO;0;SIN VEREDA;201;QUEBRADA LA IGLESIA;A;5
13;0;SIN CORREGIMIENTO;0;SIN VEREDA;2;EL PAULON VILLA LINA;A;3
13;0;SIN CORREGIMIENTO;0;SIN VEREDA;3;COLORADOS;A;8
13;0;SIN CORREGIMIENTO;0;SIN VEREDA;32;MAR÷A PAZ;B;5
13;0;SIN CORREGIMIENTO;0;SIN VEREDA;51;LIZCANO I Y II;A;6
13;0;SIN CORREGIMIENTO;0;SIN VEREDA;51;LIZCANO I Y II;B;5
13;0;SIN CORREGIMIENTO;0;SIN VEREDA;51;LIZCANO I Y II;C;2
13;0;SIN CORREGIMIENTO;0;SIN VEREDA;67;TRANSICI‡N I AL V;A;5
13;0;SIN CORREGIMIENTO;0;SIN VEREDA;75;SAN RAFAEL;B;1
13;0;SIN CORREGIMIENTO;0;SIN VEREDA;76;CHAPINERO;D;1
13;0;SIN CORREGIMIENTO;0;SIN VEREDA;79;LA FERIA;A;3
13;0;SIN CORREGIMIENTO;0;SIN VEREDA;95;COMUNEROS;B;1
13;0;SIN CORREGIMIENTO;0;SIN VEREDA;98;SAN FRANCISCO;C;1
13;0;SIN CORREGIMIENTO;0;SIN VEREDA;99;ALARC‡N;C;1
13;0;SIN CORREGIMIENTO;0;SIN VEREDA;100;SAN ALONSO;A;42
13;0;SIN CORREGIMIENTO;0;SIN VEREDA;100;SAN ALONSO;B;75
13;0;SIN CORREGIMIENTO;0;SIN VEREDA;100;SAN ALONSO;C;36
13;0;SIN CORREGIMIENTO;0;SIN VEREDA;100;SAN ALONSO;D;4
13;0;SIN CORREGIMIENTO;0;SIN VEREDA;102;LOS PINOS;A;4
13;0;SIN CORREGIMIENTO;0;SIN VEREDA;104;EL VENADO DE ORO MORRORRICO;D;1
13;0;SIN CORREGIMIENTO;0;SIN VEREDA;107;LOS SAUCES;A;23
13;0;SIN CORREGIMIENTO;0;SIN VEREDA;107;LOS SAUCES;B;102
13;0;SIN CORREGIMIENTO;0;SIN VEREDA;107;LOS SAUCES;C;105
13;0;SIN CORREGIMIENTO;0;SIN VEREDA;107;LOS SAUCES;D;16
13;0;SIN CORREGIMIENTO;0;SIN VEREDA;110;MORRORRICO;B;2
13;0;SIN CORREGIMIENTO;0;SIN VEREDA;110;MORRORRICO;D;1
13;0;SIN CORREGIMIENTO;0;SIN VEREDA;112;EL DIVISO;A;3
13;0;SIN CORREGIMIENTO;0;SIN VEREDA;113;PUERTO RICO;A;36
13;0;SIN CORREGIMIENTO;0;SIN VEREDA;113;PUERTO RICO;B;128
13;0;SIN CORREGIMIENTO;0;SIN VEREDA;113;PUERTO RICO;C;121
13;0;SIN CORREGIMIENTO;0;SIN VEREDA;113;PUERTO RICO;D;21
13;0;SIN CORREGIMIENTO;0;SIN VEREDA;116;MIRAFLORES;A;4
13;0;SIN CORREGIMIENTO;0;SIN VEREDA;116;MIRAFLORES;B;2
13;0;SIN CORREGIMIENTO;0;SIN VEREDA;116;MIRAFLORES;C;1
13;0;SIN CORREGIMIENTO;0;SIN VEREDA;116;MIRAFLORES;D;1
13;0;SIN CORREGIMIENTO;0;SIN VEREDA;117;ALBANIA;A;10
13;0;SIN CORREGIMIENTO;0;SIN VEREDA;117;ALBANIA;B;12
13;0;SIN CORREGIMIENTO;0;SIN VEREDA;117;ALBANIA;C;6
13;0;SIN CORREGIMIENTO;0;SIN VEREDA;118;LAS AMêRICAS;B;1
13;0;SIN CORREGIMIENTO;0;SIN VEREDA;118;LAS AMêRICAS;C;1
13;0;SIN CORREGIMIENTO;0;SIN VEREDA;119;GALµN;B;8
13;0;SIN CORREGIMIENTO;0;SIN VEREDA;119;GALµN;C;2
13;0;SIN CORREGIMIENTO;0;SIN VEREDA;119;GALµN;D;1
13;0;SIN CORREGIMIENTO;0;SIN VEREDA;120;µLVAREZ;A;24
13;0;SIN CORREGIMIENTO;0;SIN VEREDA;120;µLVAREZ;B;29
13;0;SIN CORREGIMIENTO;0;SIN VEREDA;120;µLVAREZ;C;48
13;0;SIN CORREGIMIENTO;0;SIN VEREDA;120;µLVAREZ;D;7
13;0;SIN CORREGIMIENTO;0;SIN VEREDA;122;EL PRADO;A;3
13;0;SIN CORREGIMIENTO;0;SIN VEREDA;122;EL PRADO;B;2
13;0;SIN CORREGIMIENTO;0;SIN VEREDA;122;EL PRADO;C;7
13;0;SIN CORREGIMIENTO;0;SIN VEREDA;122;EL PRADO;D;2
13;0;SIN CORREGIMIENTO;0;SIN VEREDA;130;CENTRO;A;11
13;0;SIN CORREGIMIENTO;0;SIN VEREDA;130;CENTRO;B;26
13;0;SIN CORREGIMIENTO;0;SIN VEREDA;130;CENTRO;C;22
13;0;SIN CORREGIMIENTO;0;SIN VEREDA;131;ANTONIA SANTOS CENTRO;A;65
13;0;SIN CORREGIMIENTO;0;SIN VEREDA;131;ANTONIA SANTOS CENTRO;B;105
13;0;SIN CORREGIMIENTO;0;SIN VEREDA;131;ANTONIA SANTOS CENTRO;C;87
13;0;SIN CORREGIMIENTO;0;SIN VEREDA;131;ANTONIA SANTOS CENTRO;D;13
13;0;SIN CORREGIMIENTO;0;SIN VEREDA;132;MEJORAS PUBLICAS;A;3
13;0;SIN CORREGIMIENTO;0;SIN VEREDA;132;MEJORAS PUBLICAS;C;2
13;0;SIN CORREGIMIENTO;0;SIN VEREDA;132;MEJORAS PUBLICAS;D;1
13;0;SIN CORREGIMIENTO;0;SIN VEREDA;133;LA AURORA;A;4
13;0;SIN CORREGIMIENTO;0;SIN VEREDA;133;LA AURORA;B;4
13;0;SIN CORREGIMIENTO;0;SIN VEREDA;133;LA AURORA;C;4
13;0;SIN CORREGIMIENTO;0;SIN VEREDA;133;LA AURORA;D;1
13;0;SIN CORREGIMIENTO;0;SIN VEREDA;136;SOTOMAYOR;B;2
13;0;SIN CORREGIMIENTO;0;SIN VEREDA;136;SOTOMAYOR;C;1
13;0;SIN CORREGIMIENTO;0;SIN VEREDA;142;ALFONSO L‡PEZ;C;2
13;0;SIN CORREGIMIENTO;0;SIN VEREDA;142;ALFONSO L‡PEZ;D;1
13;0;SIN CORREGIMIENTO;0;SIN VEREDA;143;LA JOYA;C;2
13;0;SIN CORREGIMIENTO;0;SIN VEREDA;145;CAMPO HERMOSO;B;10
13;0;SIN CORREGIMIENTO;0;SIN VEREDA;154;EL PANTANO II;C;5
13;0;SIN CORREGIMIENTO;0;SIN VEREDA;164;MUTIS;C;1
13;0;SIN CORREGIMIENTO;0;SIN VEREDA;173;ESTORAQUES;B;12
13;0;SIN CORREGIMIENTO;0;SIN VEREDA;178;SAN GERARDO I Y II;B;2
13;0;SIN CORREGIMIENTO;0;SIN VEREDA;178;SAN GERARDO I Y II;C;1
13;0;SIN CORREGIMIENTO;0;SIN VEREDA;178;SAN GERARDO I Y II;D;1
13;0;SIN CORREGIMIENTO;0;SIN VEREDA;179;COLOMBIA;B;4
13;0;SIN CORREGIMIENTO;0;SIN VEREDA;179;COLOMBIA;C;1
13;0;SIN CORREGIMIENTO;0;SIN VEREDA;182;BUCARAMANGA;B;4
13;0;SIN CORREGIMIENTO;0;SIN VEREDA;184;LAURELES;B;10
13;0;SIN CORREGIMIENTO;0;SIN VEREDA;184;LAURELES;C;2
13;0;SIN CORREGIMIENTO;0;SIN VEREDA;196;AFRIKA;C;2
13;0;SIN CORREGIMIENTO;0;SIN VEREDA;200;ANTONIA SANTOS SUR;A;7
13;0;SIN CORREGIMIENTO;0;SIN VEREDA;200;ANTONIA SANTOS SUR;B;2
13;0;SIN CORREGIMIENTO;0;SIN VEREDA;202;SAN PEDRO;B;5
13;0;SIN CORREGIMIENTO;0;SIN VEREDA;222;PROVENZA;A;2
13;0;SIN CORREGIMIENTO;0;SIN VEREDA;233;"LUZ DE SALVACI‡N BAJO		";B;5
13;0;SIN CORREGIMIENTO;0;SIN VEREDA;239;MANUELA BELTRµN ;C;2
13;0;SIN CORREGIMIENTO;0;SIN VEREDA;274;BOL÷VAR;A;16
13;0;SIN CORREGIMIENTO;0;SIN VEREDA;274;BOL÷VAR;B;13
13;0;SIN CORREGIMIENTO;0;SIN VEREDA;274;BOL÷VAR;C;16
13;0;SIN CORREGIMIENTO;0;SIN VEREDA;278;12 DE OCTUBRE;A;4
13;0;SIN CORREGIMIENTO;0;SIN VEREDA;278;12 DE OCTUBRE;B;4
13;0;SIN CORREGIMIENTO;0;SIN VEREDA;278;12 DE OCTUBRE;C;2
13;0;SIN CORREGIMIENTO;0;SIN VEREDA;322;QUINTA BRIGADA;A;4
13;0;SIN CORREGIMIENTO;0;SIN VEREDA;322;QUINTA BRIGADA;B;51
13;0;SIN CORREGIMIENTO;0;SIN VEREDA;322;QUINTA BRIGADA;C;34
13;0;SIN CORREGIMIENTO;0;SIN VEREDA;322;QUINTA BRIGADA;D;10
13;0;SIN CORREGIMIENTO;0;SIN VEREDA;327;LUZ DE SALVACI‡N ALTO;C;3
13;0;SIN CORREGIMIENTO;0;SIN VEREDA;328;CAMPESTRE NORTE ;A;3
13;0;SIN CORREGIMIENTO;0;SIN VEREDA;331;BRISAS DE PROVENZA ;B;3
13;0;SIN CORREGIMIENTO;0;SIN VEREDA;340;GRANJAS REAGAN;C;1
13;0;SIN CORREGIMIENTO;0;SIN VEREDA;345;PASEO DE LA FERIA;B;1
13;0;SIN CORREGIMIENTO;0;SIN VEREDA;368;URBANIZACI‡N LA INMACULADA;B;9
13;0;SIN CORREGIMIENTO;0;SIN VEREDA;368;URBANIZACI‡N LA INMACULADA;C;6
13;0;SIN CORREGIMIENTO;0;SIN VEREDA;999999;BARRIO_S4;B;3
14;0;SIN CORREGIMIENTO;0;SIN VEREDA;0;BARRIO_S4;A;3
14;0;SIN CORREGIMIENTO;0;SIN VEREDA;40;MIRAMAR;A;2
14;0;SIN CORREGIMIENTO;0;SIN VEREDA;102;LOS PINOS;B;3
14;0;SIN CORREGIMIENTO;0;SIN VEREDA;103;LA FLORA MORRORRICO;B;1
14;0;SIN CORREGIMIENTO;0;SIN VEREDA;103;LA FLORA MORRORRICO;C;1
14;0;SIN CORREGIMIENTO;0;SIN VEREDA;104;EL VENADO DE ORO MORRORRICO;A;50
14;0;SIN CORREGIMIENTO;0;SIN VEREDA;104;EL VENADO DE ORO MORRORRICO;B;164
14;0;SIN CORREGIMIENTO;0;SIN VEREDA;104;EL VENADO DE ORO MORRORRICO;C;148
14;0;SIN CORREGIMIENTO;0;SIN VEREDA;104;EL VENADO DE ORO MORRORRICO;D;28
14;0;SIN CORREGIMIENTO;0;SIN VEREDA;105;LA MALA•A;A;35
14;0;SIN CORREGIMIENTO;0;SIN VEREDA;105;LA MALA•A;B;153
14;0;SIN CORREGIMIENTO;0;SIN VEREDA;105;LA MALA•A;C;122
14;0;SIN CORREGIMIENTO;0;SIN VEREDA;105;LA MALA•A;D;30
14;0;SIN CORREGIMIENTO;0;SIN VEREDA;107;LOS SAUCES;A;21
14;0;SIN CORREGIMIENTO;0;SIN VEREDA;107;LOS SAUCES;B;17
14;0;SIN CORREGIMIENTO;0;SIN VEREDA;107;LOS SAUCES;C;6
14;0;SIN CORREGIMIENTO;0;SIN VEREDA;108;LIMONCITO MORRORRICO;A;184
14;0;SIN CORREGIMIENTO;0;SIN VEREDA;108;LIMONCITO MORRORRICO;B;628
14;0;SIN CORREGIMIENTO;0;SIN VEREDA;108;LIMONCITO MORRORRICO;C;399
14;0;SIN CORREGIMIENTO;0;SIN VEREDA;108;LIMONCITO MORRORRICO;D;51
14;0;SIN CORREGIMIENTO;0;SIN VEREDA;109;VEGAS DE MORRORRICO;A;85
14;0;SIN CORREGIMIENTO;0;SIN VEREDA;109;VEGAS DE MORRORRICO;B;282
14;0;SIN CORREGIMIENTO;0;SIN VEREDA;109;VEGAS DE MORRORRICO;C;336
14;0;SIN CORREGIMIENTO;0;SIN VEREDA;109;VEGAS DE MORRORRICO;D;63
14;0;SIN CORREGIMIENTO;0;SIN VEREDA;110;MORRORRICO;A;72
14;0;SIN CORREGIMIENTO;0;SIN VEREDA;110;MORRORRICO;B;186
14;0;SIN CORREGIMIENTO;0;SIN VEREDA;110;MORRORRICO;C;150
14;0;SIN CORREGIMIENTO;0;SIN VEREDA;110;MORRORRICO;D;13
14;0;SIN CORREGIMIENTO;0;SIN VEREDA;112;EL DIVISO;A;134
14;0;SIN CORREGIMIENTO;0;SIN VEREDA;112;EL DIVISO;B;382
14;0;SIN CORREGIMIENTO;0;SIN VEREDA;112;EL DIVISO;C;584
14;0;SIN CORREGIMIENTO;0;SIN VEREDA;112;EL DIVISO;D;80
14;0;SIN CORREGIMIENTO;0;SIN VEREDA;114;BUENOS AIRES;A;752
14;0;SIN CORREGIMIENTO;0;SIN VEREDA;114;BUENOS AIRES;B;1464
14;0;SIN CORREGIMIENTO;0;SIN VEREDA;114;BUENOS AIRES;C;1123
14;0;SIN CORREGIMIENTO;0;SIN VEREDA;114;BUENOS AIRES;D;137
14;0;SIN CORREGIMIENTO;0;SIN VEREDA;115;BUENAVISTA;A;236
14;0;SIN CORREGIMIENTO;0;SIN VEREDA;115;BUENAVISTA;B;664
14;0;SIN CORREGIMIENTO;0;SIN VEREDA;115;BUENAVISTA;C;533
14;0;SIN CORREGIMIENTO;0;SIN VEREDA;115;BUENAVISTA;D;81
14;0;SIN CORREGIMIENTO;0;SIN VEREDA;116;MIRAFLORES;A;619
14;0;SIN CORREGIMIENTO;0;SIN VEREDA;116;MIRAFLORES;B;1616
14;0;SIN CORREGIMIENTO;0;SIN VEREDA;116;MIRAFLORES;C;1092
14;0;SIN CORREGIMIENTO;0;SIN VEREDA;116;MIRAFLORES;D;132
14;0;SIN CORREGIMIENTO;0;SIN VEREDA;117;ALBANIA;A;382
14;0;SIN CORREGIMIENTO;0;SIN VEREDA;117;ALBANIA;B;1066
14;0;SIN CORREGIMIENTO;0;SIN VEREDA;117;ALBANIA;C;1075
14;0;SIN CORREGIMIENTO;0;SIN VEREDA;117;ALBANIA;D;162
14;0;SIN CORREGIMIENTO;0;SIN VEREDA;142;ALFONSO L‡PEZ;D;1
14;0;SIN CORREGIMIENTO;0;SIN VEREDA;360;EL RETIRO MORRORRICO;A;246
14;0;SIN CORREGIMIENTO;0;SIN VEREDA;360;EL RETIRO MORRORRICO;B;576
14;0;SIN CORREGIMIENTO;0;SIN VEREDA;360;EL RETIRO MORRORRICO;C;441
14;0;SIN CORREGIMIENTO;0;SIN VEREDA;360;EL RETIRO MORRORRICO;D;44
14;0;SIN CORREGIMIENTO;0;SIN VEREDA;369;MIRAMANGA;A;176
14;0;SIN CORREGIMIENTO;0;SIN VEREDA;369;MIRAMANGA;B;242
14;0;SIN CORREGIMIENTO;0;SIN VEREDA;369;MIRAMANGA;C;143
14;0;SIN CORREGIMIENTO;0;SIN VEREDA;369;MIRAMANGA;D;2
15;0;SIN CORREGIMIENTO;0;SIN VEREDA;82;GIRARDOT;C;1
15;0;SIN CORREGIMIENTO;0;SIN VEREDA;130;CENTRO;A;83
15;0;SIN CORREGIMIENTO;0;SIN VEREDA;130;CENTRO;B;116
15;0;SIN CORREGIMIENTO;0;SIN VEREDA;130;CENTRO;C;56
15;0;SIN CORREGIMIENTO;0;SIN VEREDA;130;CENTRO;D;3
15;0;SIN CORREGIMIENTO;0;SIN VEREDA;131;ANTONIA SANTOS CENTRO;B;4
15;0;SIN CORREGIMIENTO;0;SIN VEREDA;131;ANTONIA SANTOS CENTRO;C;10
15;0;SIN CORREGIMIENTO;0;SIN VEREDA;139;MERCEDES;A;6
15;0;SIN CORREGIMIENTO;0;SIN VEREDA;141;GARC÷A ROVIRA;A;44
15;0;SIN CORREGIMIENTO;0;SIN VEREDA;141;GARC÷A ROVIRA;B;60
15;0;SIN CORREGIMIENTO;0;SIN VEREDA;141;GARC÷A ROVIRA;C;20
15;0;SIN CORREGIMIENTO;0;SIN VEREDA;141;GARC÷A ROVIRA;D;1
15;0;SIN CORREGIMIENTO;0;SIN VEREDA;142;ALFONSO L‡PEZ;A;13
15;0;SIN CORREGIMIENTO;0;SIN VEREDA;142;ALFONSO L‡PEZ;B;16
15;0;SIN CORREGIMIENTO;0;SIN VEREDA;142;ALFONSO L‡PEZ;C;7
15;0;SIN CORREGIMIENTO;0;SIN VEREDA;143;LA JOYA;C;1
15;0;SIN CORREGIMIENTO;0;SIN VEREDA;144;CHORRERAS DE DON JUAN;B;4
15;0;SIN CORREGIMIENTO;0;SIN VEREDA;144;CHORRERAS DE DON JUAN;C;1
15;0;SIN CORREGIMIENTO;0;SIN VEREDA;274;BOL÷VAR;C;2
16;0;SIN CORREGIMIENTO;0;SIN VEREDA;203;SAN MART÷N;B;3
16;0;SIN CORREGIMIENTO;0;SIN VEREDA;205;GUAYACANES;A;33
16;0;SIN CORREGIMIENTO;0;SIN VEREDA;205;GUAYACANES;B;68
16;0;SIN CORREGIMIENTO;0;SIN VEREDA;205;GUAYACANES;C;82
16;0;SIN CORREGIMIENTO;0;SIN VEREDA;205;GUAYACANES;D;17
16;0;SIN CORREGIMIENTO;0;SIN VEREDA;207;LA PEDREGOSA;A;10
16;0;SIN CORREGIMIENTO;0;SIN VEREDA;207;LA PEDREGOSA;B;46
16;0;SIN CORREGIMIENTO;0;SIN VEREDA;207;LA PEDREGOSA;C;87
16;0;SIN CORREGIMIENTO;0;SIN VEREDA;207;LA PEDREGOSA;D;28
16;0;SIN CORREGIMIENTO;0;SIN VEREDA;215;PORTON DEL TEJAR;B;2
16;0;SIN CORREGIMIENTO;0;SIN VEREDA;215;PORTON DEL TEJAR;C;1
16;0;SIN CORREGIMIENTO;0;SIN VEREDA;215;PORTON DEL TEJAR;D;1
16;0;SIN CORREGIMIENTO;0;SIN VEREDA;216;ALTOS DEL CACIQUE;A;5
16;0;SIN CORREGIMIENTO;0;SIN VEREDA;216;ALTOS DEL CACIQUE;B;3
16;0;SIN CORREGIMIENTO;0;SIN VEREDA;216;ALTOS DEL CACIQUE;C;2
16;0;SIN CORREGIMIENTO;0;SIN VEREDA;217;HACIENDA SAN JUAN;A;3
16;0;SIN CORREGIMIENTO;0;SIN VEREDA;217;HACIENDA SAN JUAN;C;5
16;0;SIN CORREGIMIENTO;0;SIN VEREDA;218;SAN EXPEDITO;A;48
16;0;SIN CORREGIMIENTO;0;SIN VEREDA;218;SAN EXPEDITO;B;82
16;0;SIN CORREGIMIENTO;0;SIN VEREDA;218;SAN EXPEDITO;C;166
16;0;SIN CORREGIMIENTO;0;SIN VEREDA;218;SAN EXPEDITO;D;21
16;0;SIN CORREGIMIENTO;0;SIN VEREDA;219;SANTA BARBARA CASAS;A;7
16;0;SIN CORREGIMIENTO;0;SIN VEREDA;219;SANTA BARBARA CASAS;B;15
16;0;SIN CORREGIMIENTO;0;SIN VEREDA;219;SANTA BARBARA CASAS;C;6
16;0;SIN CORREGIMIENTO;0;SIN VEREDA;315;LAGOS DEL CACIQUE;A;7
16;0;SIN CORREGIMIENTO;0;SIN VEREDA;341;BOSQUE DEL CACIQUE;A;7
16;0;SIN CORREGIMIENTO;0;SIN VEREDA;341;BOSQUE DEL CACIQUE;B;2
16;0;SIN CORREGIMIENTO;0;SIN VEREDA;341;BOSQUE DEL CACIQUE;C;22
16;0;SIN CORREGIMIENTO;0;SIN VEREDA;341;BOSQUE DEL CACIQUE;D;5
17;0;SIN CORREGIMIENTO;0;SIN VEREDA;110;MORRORRICO;C;1
17;0;SIN CORREGIMIENTO;0;SIN VEREDA;110;MORRORRICO;D;1
17;0;SIN CORREGIMIENTO;0;SIN VEREDA;152;QUINTA ESTRELLA;C;2
17;0;SIN CORREGIMIENTO;0;SIN VEREDA;162;CIUDADELA REAL DE MINAS ;B;7
17;0;SIN CORREGIMIENTO;0;SIN VEREDA;162;CIUDADELA REAL DE MINAS ;C;1
17;0;SIN CORREGIMIENTO;0;SIN VEREDA;164;MUTIS;A;201
17;0;SIN CORREGIMIENTO;0;SIN VEREDA;164;MUTIS;B;257
17;0;SIN CORREGIMIENTO;0;SIN VEREDA;164;MUTIS;C;184
17;0;SIN CORREGIMIENTO;0;SIN VEREDA;164;MUTIS;D;11
17;0;SIN CORREGIMIENTO;0;SIN VEREDA;165;BRISAS DEL MUTIS;A;14
17;0;SIN CORREGIMIENTO;0;SIN VEREDA;165;BRISAS DEL MUTIS;B;28
17;0;SIN CORREGIMIENTO;0;SIN VEREDA;165;BRISAS DEL MUTIS;C;14
17;0;SIN CORREGIMIENTO;0;SIN VEREDA;165;BRISAS DEL MUTIS;D;2
17;0;SIN CORREGIMIENTO;0;SIN VEREDA;166;MONTERREDONDO;A;78
17;0;SIN CORREGIMIENTO;0;SIN VEREDA;166;MONTERREDONDO;B;411
17;0;SIN CORREGIMIENTO;0;SIN VEREDA;166;MONTERREDONDO;C;564
17;0;SIN CORREGIMIENTO;0;SIN VEREDA;166;MONTERREDONDO;D;133
17;0;SIN CORREGIMIENTO;0;SIN VEREDA;168;FUNDADORES I Y II;A;4
17;0;SIN CORREGIMIENTO;0;SIN VEREDA;168;FUNDADORES I Y II;B;2
17;0;SIN CORREGIMIENTO;0;SIN VEREDA;168;FUNDADORES I Y II;C;6
17;0;SIN CORREGIMIENTO;0;SIN VEREDA;170;MANZANARES;B;16
17;0;SIN CORREGIMIENTO;0;SIN VEREDA;170;MANZANARES;C;16
17;0;SIN CORREGIMIENTO;0;SIN VEREDA;172;PRADOS DEL MUTIS;A;21
17;0;SIN CORREGIMIENTO;0;SIN VEREDA;172;PRADOS DEL MUTIS;B;25
17;0;SIN CORREGIMIENTO;0;SIN VEREDA;172;PRADOS DEL MUTIS;C;34
17;0;SIN CORREGIMIENTO;0;SIN VEREDA;172;PRADOS DEL MUTIS;D;2
17;0;SIN CORREGIMIENTO;0;SIN VEREDA;173;ESTORAQUES;A;427
17;0;SIN CORREGIMIENTO;0;SIN VEREDA;173;ESTORAQUES;B;1213
17;0;SIN CORREGIMIENTO;0;SIN VEREDA;173;ESTORAQUES;C;1386
17;0;SIN CORREGIMIENTO;0;SIN VEREDA;173;ESTORAQUES;D;221
17;0;SIN CORREGIMIENTO;0;SIN VEREDA;173;ESTORAQUES;(blank);12
17;0;SIN CORREGIMIENTO;0;SIN VEREDA;174;EL BUENO;B;7
17;0;SIN CORREGIMIENTO;0;SIN VEREDA;174;EL BUENO;C;1
17;0;SIN CORREGIMIENTO;0;SIN VEREDA;176;LOS HêROES;A;33
17;0;SIN CORREGIMIENTO;0;SIN VEREDA;176;LOS HêROES;B;17
17;0;SIN CORREGIMIENTO;0;SIN VEREDA;176;LOS HêROES;C;33
17;0;SIN CORREGIMIENTO;0;SIN VEREDA;176;LOS HêROES;D;7
17;0;SIN CORREGIMIENTO;0;SIN VEREDA;360;EL RETIRO MORRORRICO;B;5
17;0;SIN CORREGIMIENTO;0;SIN VEREDA;363;LA GRAN LADERA;A;46
17;0;SIN CORREGIMIENTO;0;SIN VEREDA;363;LA GRAN LADERA;B;234
17;0;SIN CORREGIMIENTO;0;SIN VEREDA;363;LA GRAN LADERA;C;255
17;0;SIN CORREGIMIENTO;0;SIN VEREDA;363;LA GRAN LADERA;D;59
99;0;SIN CORREGIMIENTO;0;SIN VEREDA;0;BARRIO_S4;A;38
99;0;SIN CORREGIMIENTO;0;SIN VEREDA;0;BARRIO_S4;B;9
99;0;SIN CORREGIMIENTO;0;SIN VEREDA;0;BARRIO_S4;C;4
99;0;SIN CORREGIMIENTO;0;SIN VEREDA;0;BARRIO_S4;D;1
99;0;SIN CORREGIMIENTO;246;EL PEDREGAL;0;BARRIO_S4;A;3
99;0;SIN CORREGIMIENTO;255;LOS SANTOS;0;BARRIO_S4;A;32
99;0;SIN CORREGIMIENTO;255;LOS SANTOS;0;BARRIO_S4;B;5
99;0;SIN CORREGIMIENTO;255;LOS SANTOS;0;BARRIO_S4;C;2
99;0;SIN CORREGIMIENTO;261;VIJAGUAL;0;BARRIO_S4;A;4
99;0;SIN CORREGIMIENTO;261;VIJAGUAL;0;BARRIO_S4;B;5
99;0;SIN CORREGIMIENTO;267;LA SABANA;0;BARRIO_S4;C;4
99;0;SIN CORREGIMIENTO;269;ANGELINOS;0;BARRIO_S4;A;1
99;0;SIN CORREGIMIENTO;277;SANTA BARBARA;0;BARRIO_S4;A;12
99;0;SIN CORREGIMIENTO;295;EL NOGAL;0;BARRIO_S4;A;31
99;0;SIN CORREGIMIENTO;295;EL NOGAL;0;BARRIO_S4;B;30
99;0;SIN CORREGIMIENTO;295;EL NOGAL;0;BARRIO_S4;C;4
99;0;SIN CORREGIMIENTO;358;VILLA CARMELO;0;BARRIO_S4;A;12
99;0;SIN CORREGIMIENTO;358;VILLA CARMELO;0;BARRIO_S4;B;2
99;0;SIN CORREGIMIENTO;364;VILLA LUZ CAMPESTRE;0;BARRIO_S4;A;4
99;0;SIN CORREGIMIENTO;364;VILLA LUZ CAMPESTRE;0;BARRIO_S4;B;1
99;1;CORREGIMIENTO UNO;0;SIN VEREDA;0;BARRIO_S4;A;71
99;1;CORREGIMIENTO UNO;0;SIN VEREDA;0;BARRIO_S4;B;58
99;1;CORREGIMIENTO UNO;0;SIN VEREDA;0;BARRIO_S4;C;34
99;1;CORREGIMIENTO UNO;0;SIN VEREDA;0;BARRIO_S4;D;8
99;1;CORREGIMIENTO UNO;246;EL PEDREGAL;0;BARRIO_S4;A;12
99;1;CORREGIMIENTO UNO;248;LA MALA•A;0;BARRIO_S4;C;1
99;1;CORREGIMIENTO UNO;250;RETIRO GRANDE;0;BARRIO_S4;B;4
99;1;CORREGIMIENTO UNO;255;LOS SANTOS;0;BARRIO_S4;A;4
99;1;CORREGIMIENTO UNO;255;LOS SANTOS;0;BARRIO_S4;B;1
99;1;CORREGIMIENTO UNO;261;VIJAGUAL;0;BARRIO_S4;A;79
99;1;CORREGIMIENTO UNO;261;VIJAGUAL;0;BARRIO_S4;B;85
99;1;CORREGIMIENTO UNO;261;VIJAGUAL;0;BARRIO_S4;C;34
99;1;CORREGIMIENTO UNO;261;VIJAGUAL;0;BARRIO_S4;D;13
99;1;CORREGIMIENTO UNO;262;SAN CAYETANO;0;BARRIO_S4;A;65
99;1;CORREGIMIENTO UNO;262;SAN CAYETANO;0;BARRIO_S4;B;39
99;1;CORREGIMIENTO UNO;262;SAN CAYETANO;0;BARRIO_S4;C;37
99;1;CORREGIMIENTO UNO;262;SAN CAYETANO;0;BARRIO_S4;D;4
99;1;CORREGIMIENTO UNO;263;EL ABURRIDO;0;BARRIO_S4;A;108
99;1;CORREGIMIENTO UNO;263;EL ABURRIDO;0;BARRIO_S4;B;76
99;1;CORREGIMIENTO UNO;263;EL ABURRIDO;0;BARRIO_S4;C;20
99;1;CORREGIMIENTO UNO;263;EL ABURRIDO;0;BARRIO_S4;D;9
99;1;CORREGIMIENTO UNO;264;SAN PEDRO ALTO;0;BARRIO_S4;A;43
99;1;CORREGIMIENTO UNO;264;SAN PEDRO ALTO;0;BARRIO_S4;B;19
99;1;CORREGIMIENTO UNO;264;SAN PEDRO ALTO;0;BARRIO_S4;C;7
99;1;CORREGIMIENTO UNO;265;SANTA RITA;0;BARRIO_S4;A;50
99;1;CORREGIMIENTO UNO;265;SANTA RITA;0;BARRIO_S4;B;39
99;1;CORREGIMIENTO UNO;265;SANTA RITA;0;BARRIO_S4;C;6
99;1;CORREGIMIENTO UNO;265;SANTA RITA;0;BARRIO_S4;D;1
99;1;CORREGIMIENTO UNO;266;SAN IGNACIO;0;BARRIO_S4;A;38
99;1;CORREGIMIENTO UNO;266;SAN IGNACIO;0;BARRIO_S4;B;67
99;1;CORREGIMIENTO UNO;266;SAN IGNACIO;0;BARRIO_S4;C;68
99;1;CORREGIMIENTO UNO;266;SAN IGNACIO;0;BARRIO_S4;D;14
99;1;CORREGIMIENTO UNO;267;LA SABANA;0;BARRIO_S4;A;82
99;1;CORREGIMIENTO UNO;267;LA SABANA;0;BARRIO_S4;B;124
99;1;CORREGIMIENTO UNO;267;LA SABANA;0;BARRIO_S4;C;86
99;1;CORREGIMIENTO UNO;267;LA SABANA;0;BARRIO_S4;D;18
99;1;CORREGIMIENTO UNO;268;LA ESMERALDA;0;BARRIO_S4;A;63
99;1;CORREGIMIENTO UNO;268;LA ESMERALDA;0;BARRIO_S4;B;73
99;1;CORREGIMIENTO UNO;268;LA ESMERALDA;0;BARRIO_S4;C;69
99;1;CORREGIMIENTO UNO;268;LA ESMERALDA;0;BARRIO_S4;D;14
99;1;CORREGIMIENTO UNO;269;ANGELINOS;0;BARRIO_S4;A;100
99;1;CORREGIMIENTO UNO;269;ANGELINOS;0;BARRIO_S4;B;212
99;1;CORREGIMIENTO UNO;269;ANGELINOS;0;BARRIO_S4;C;99
99;1;CORREGIMIENTO UNO;269;ANGELINOS;0;BARRIO_S4;D;16
99;1;CORREGIMIENTO UNO;275;SAN PEDRO BAJO;0;BARRIO_S4;A;123
99;1;CORREGIMIENTO UNO;275;SAN PEDRO BAJO;0;BARRIO_S4;B;144
99;1;CORREGIMIENTO UNO;275;SAN PEDRO BAJO;0;BARRIO_S4;C;51
99;1;CORREGIMIENTO UNO;275;SAN PEDRO BAJO;0;BARRIO_S4;D;9
99;1;CORREGIMIENTO UNO;277;SANTA BARBARA;0;BARRIO_S4;B;6
99;1;CORREGIMIENTO UNO;282;CAPILLA BAJA;0;BARRIO_S4;B;5
99;1;CORREGIMIENTO UNO;282;CAPILLA BAJA;0;BARRIO_S4;C;3
99;1;CORREGIMIENTO UNO;295;EL NOGAL;0;BARRIO_S4;A;157
99;1;CORREGIMIENTO UNO;295;EL NOGAL;0;BARRIO_S4;B;296
99;1;CORREGIMIENTO UNO;295;EL NOGAL;0;BARRIO_S4;C;270
99;1;CORREGIMIENTO UNO;295;EL NOGAL;0;BARRIO_S4;D;45
99;1;CORREGIMIENTO UNO;355;EL PEDREGAL;0;BARRIO_S4;A;2
99;1;CORREGIMIENTO UNO;355;EL PEDREGAL;0;BARRIO_S4;B;2
99;1;CORREGIMIENTO UNO;358;VILLA CARMELO;0;BARRIO_S4;A;201
99;1;CORREGIMIENTO UNO;358;VILLA CARMELO;0;BARRIO_S4;B;284
99;1;CORREGIMIENTO UNO;358;VILLA CARMELO;0;BARRIO_S4;C;288
99;1;CORREGIMIENTO UNO;358;VILLA CARMELO;0;BARRIO_S4;D;69
99;1;CORREGIMIENTO UNO;364;VILLA LUZ CAMPESTRE;0;BARRIO_S4;A;133
99;1;CORREGIMIENTO UNO;364;VILLA LUZ CAMPESTRE;0;BARRIO_S4;B;139
99;1;CORREGIMIENTO UNO;364;VILLA LUZ CAMPESTRE;0;BARRIO_S4;C;136
99;1;CORREGIMIENTO UNO;364;VILLA LUZ CAMPESTRE;0;BARRIO_S4;D;29
99;1;CORREGIMIENTO UNO;999;SIN VEREDA;0;BARRIO_S4;A;4
99;1;CORREGIMIENTO UNO;999;SIN VEREDA;0;BARRIO_S4;B;1
99;2;CORREGIMIENTO DOS;0;SIN VEREDA;0;BARRIO_S4;A;45
99;2;CORREGIMIENTO DOS;0;SIN VEREDA;0;BARRIO_S4;B;50
99;2;CORREGIMIENTO DOS;0;SIN VEREDA;0;BARRIO_S4;C;78
99;2;CORREGIMIENTO DOS;0;SIN VEREDA;0;BARRIO_S4;D;10
99;2;CORREGIMIENTO DOS;246;EL PEDREGAL;0;BARRIO_S4;A;3
99;2;CORREGIMIENTO DOS;246;EL PEDREGAL;0;BARRIO_S4;B;8
99;2;CORREGIMIENTO DOS;251;SAN JOSE;0;BARRIO_S4;A;3
99;2;CORREGIMIENTO DOS;253;ROSA BLANCA;0;BARRIO_S4;A;66
99;2;CORREGIMIENTO DOS;253;ROSA BLANCA;0;BARRIO_S4;B;92
99;2;CORREGIMIENTO DOS;253;ROSA BLANCA;0;BARRIO_S4;C;25
99;2;CORREGIMIENTO DOS;253;ROSA BLANCA;0;BARRIO_S4;D;11
99;2;CORREGIMIENTO DOS;254;CUCHILLA ALTA;0;BARRIO_S4;A;55
99;2;CORREGIMIENTO DOS;254;CUCHILLA ALTA;0;BARRIO_S4;B;25
99;2;CORREGIMIENTO DOS;254;CUCHILLA ALTA;0;BARRIO_S4;C;1
99;2;CORREGIMIENTO DOS;254;CUCHILLA ALTA;0;BARRIO_S4;D;1
99;2;CORREGIMIENTO DOS;255;LOS SANTOS;0;BARRIO_S4;A;70
99;2;CORREGIMIENTO DOS;255;LOS SANTOS;0;BARRIO_S4;B;141
99;2;CORREGIMIENTO DOS;255;LOS SANTOS;0;BARRIO_S4;C;24
99;2;CORREGIMIENTO DOS;255;LOS SANTOS;0;BARRIO_S4;D;7
99;2;CORREGIMIENTO DOS;256;CAPILLA ALTA;0;BARRIO_S4;A;135
99;2;CORREGIMIENTO DOS;256;CAPILLA ALTA;0;BARRIO_S4;B;45
99;2;CORREGIMIENTO DOS;256;CAPILLA ALTA;0;BARRIO_S4;C;13
99;2;CORREGIMIENTO DOS;256;CAPILLA ALTA;0;BARRIO_S4;D;1
99;2;CORREGIMIENTO DOS;258;BOLARQU÷ BAJO;0;BARRIO_S4;A;29
99;2;CORREGIMIENTO DOS;258;BOLARQU÷ BAJO;0;BARRIO_S4;B;79
99;2;CORREGIMIENTO DOS;258;BOLARQU÷ BAJO;0;BARRIO_S4;C;19
99;2;CORREGIMIENTO DOS;258;BOLARQU÷ BAJO;0;BARRIO_S4;D;1
99;2;CORREGIMIENTO DOS;259;MONSERRATE;0;BARRIO_S4;A;81
99;2;CORREGIMIENTO DOS;259;MONSERRATE;0;BARRIO_S4;B;47
99;2;CORREGIMIENTO DOS;259;MONSERRATE;0;BARRIO_S4;C;16
99;2;CORREGIMIENTO DOS;259;MONSERRATE;0;BARRIO_S4;D;6
99;2;CORREGIMIENTO DOS;260;MAGUEYES;0;BARRIO_S4;A;95
99;2;CORREGIMIENTO DOS;260;MAGUEYES;0;BARRIO_S4;B;57
99;2;CORREGIMIENTO DOS;260;MAGUEYES;0;BARRIO_S4;C;25
99;2;CORREGIMIENTO DOS;260;MAGUEYES;0;BARRIO_S4;D;2
99;2;CORREGIMIENTO DOS;265;SANTA RITA;0;BARRIO_S4;A;34
99;2;CORREGIMIENTO DOS;265;SANTA RITA;0;BARRIO_S4;B;33
99;2;CORREGIMIENTO DOS;265;SANTA RITA;0;BARRIO_S4;C;14
99;2;CORREGIMIENTO DOS;265;SANTA RITA;0;BARRIO_S4;D;3
99;2;CORREGIMIENTO DOS;267;LA SABANA;0;BARRIO_S4;A;4
99;2;CORREGIMIENTO DOS;269;ANGELINOS;0;BARRIO_S4;B;11
99;2;CORREGIMIENTO DOS;269;ANGELINOS;0;BARRIO_S4;C;11
99;2;CORREGIMIENTO DOS;282;CAPILLA BAJA;0;BARRIO_S4;A;157
99;2;CORREGIMIENTO DOS;282;CAPILLA BAJA;0;BARRIO_S4;B;110
99;2;CORREGIMIENTO DOS;282;CAPILLA BAJA;0;BARRIO_S4;C;37
99;2;CORREGIMIENTO DOS;282;CAPILLA BAJA;0;BARRIO_S4;D;5
99;2;CORREGIMIENTO DOS;283;BOLARQU÷ ALTO;0;BARRIO_S4;A;68
99;2;CORREGIMIENTO DOS;283;BOLARQU÷ ALTO;0;BARRIO_S4;B;37
99;2;CORREGIMIENTO DOS;283;BOLARQU÷ ALTO;0;BARRIO_S4;C;20
99;2;CORREGIMIENTO DOS;283;BOLARQU÷ ALTO;0;BARRIO_S4;D;6
99;2;CORREGIMIENTO DOS;295;EL NOGAL;0;BARRIO_S4;B;5
99;2;CORREGIMIENTO DOS;295;EL NOGAL;0;BARRIO_S4;C;8
99;2;CORREGIMIENTO DOS;358;VILLA CARMELO;0;BARRIO_S4;A;2
99;2;CORREGIMIENTO DOS;358;VILLA CARMELO;0;BARRIO_S4;B;3
99;2;CORREGIMIENTO DOS;358;VILLA CARMELO;0;BARRIO_S4;C;2
99;2;CORREGIMIENTO DOS;364;VILLA LUZ CAMPESTRE;0;BARRIO_S4;A;4
99;2;CORREGIMIENTO DOS;364;VILLA LUZ CAMPESTRE;0;BARRIO_S4;B;4
99;2;CORREGIMIENTO DOS;364;VILLA LUZ CAMPESTRE;0;BARRIO_S4;C;1
99;2;CORREGIMIENTO DOS;527;RETIRO GRANDE PARTE BAJA;0;BARRIO_S4;A;26
99;3;CORREGIMIENTO TRES;0;SIN VEREDA;0;BARRIO_S4;B;1
99;3;CORREGIMIENTO TRES;246;EL PEDREGAL;0;BARRIO_S4;A;59
99;3;CORREGIMIENTO TRES;246;EL PEDREGAL;0;BARRIO_S4;B;61
99;3;CORREGIMIENTO TRES;246;EL PEDREGAL;0;BARRIO_S4;C;54
99;3;CORREGIMIENTO TRES;246;EL PEDREGAL;0;BARRIO_S4;D;11
99;3;CORREGIMIENTO TRES;248;LA MALA•A;0;BARRIO_S4;A;156
99;3;CORREGIMIENTO TRES;248;LA MALA•A;0;BARRIO_S4;B;121
99;3;CORREGIMIENTO TRES;248;LA MALA•A;0;BARRIO_S4;C;94
99;3;CORREGIMIENTO TRES;248;LA MALA•A;0;BARRIO_S4;D;24
99;3;CORREGIMIENTO TRES;249;EL GUALILO ALTO;0;BARRIO_S4;A;100
99;3;CORREGIMIENTO TRES;249;EL GUALILO ALTO;0;BARRIO_S4;B;72
99;3;CORREGIMIENTO TRES;249;EL GUALILO ALTO;0;BARRIO_S4;C;34
99;3;CORREGIMIENTO TRES;249;EL GUALILO ALTO;0;BARRIO_S4;D;8
99;3;CORREGIMIENTO TRES;250;RETIRO GRANDE;0;BARRIO_S4;A;61
99;3;CORREGIMIENTO TRES;250;RETIRO GRANDE;0;BARRIO_S4;B;33
99;3;CORREGIMIENTO TRES;250;RETIRO GRANDE;0;BARRIO_S4;C;30
99;3;CORREGIMIENTO TRES;250;RETIRO GRANDE;0;BARRIO_S4;D;4
99;3;CORREGIMIENTO TRES;251;SAN JOSE;0;BARRIO_S4;A;40
99;3;CORREGIMIENTO TRES;251;SAN JOSE;0;BARRIO_S4;B;96
99;3;CORREGIMIENTO TRES;251;SAN JOSE;0;BARRIO_S4;C;75
99;3;CORREGIMIENTO TRES;251;SAN JOSE;0;BARRIO_S4;D;30
99;3;CORREGIMIENTO TRES;252;RETIRO CHIQUITO;0;BARRIO_S4;A;124
99;3;CORREGIMIENTO TRES;252;RETIRO CHIQUITO;0;BARRIO_S4;B;136
99;3;CORREGIMIENTO TRES;252;RETIRO CHIQUITO;0;BARRIO_S4;C;39
99;3;CORREGIMIENTO TRES;252;RETIRO CHIQUITO;0;BARRIO_S4;D;9
99;3;CORREGIMIENTO TRES;254;CUCHILLA ALTA;0;BARRIO_S4;A;3
99;3;CORREGIMIENTO TRES;255;LOS SANTOS;0;BARRIO_S4;A;4
99;3;CORREGIMIENTO TRES;259;MONSERRATE;0;BARRIO_S4;A;2
99;3;CORREGIMIENTO TRES;259;MONSERRATE;0;BARRIO_S4;B;5
99;3;CORREGIMIENTO TRES;276;EL GUALILO BAJO;0;BARRIO_S4;A;104
99;3;CORREGIMIENTO TRES;276;EL GUALILO BAJO;0;BARRIO_S4;B;118
99;3;CORREGIMIENTO TRES;276;EL GUALILO BAJO;0;BARRIO_S4;C;88
99;3;CORREGIMIENTO TRES;276;EL GUALILO BAJO;0;BARRIO_S4;D;13
99;3;CORREGIMIENTO TRES;277;SANTA BARBARA;0;BARRIO_S4;A;360
99;3;CORREGIMIENTO TRES;277;SANTA BARBARA;0;BARRIO_S4;B;255
99;3;CORREGIMIENTO TRES;277;SANTA BARBARA;0;BARRIO_S4;C;230
99;3;CORREGIMIENTO TRES;277;SANTA BARBARA;0;BARRIO_S4;D;68
99;3;CORREGIMIENTO TRES;355;EL PEDREGAL;0;BARRIO_S4;A;150
99;3;CORREGIMIENTO TRES;355;EL PEDREGAL;0;BARRIO_S4;B;232
99;3;CORREGIMIENTO TRES;355;EL PEDREGAL;0;BARRIO_S4;C;159
99;3;CORREGIMIENTO TRES;355;EL PEDREGAL;0;BARRIO_S4;D;28
99;3;CORREGIMIENTO TRES;527;RETIRO GRANDE PARTE BAJA;0;BARRIO_S4;A;4
99;3;CORREGIMIENTO TRES;527;RETIRO GRANDE PARTE BAJA;0;BARRIO_S4;B;4
