Cod_comuna_x;Cod_corregimiento;NOM_CORREGIMIENTO;Cod_barrio;NOM_BARRIO;LLAVE;GEOJSON_BARRIO;BARRIO_AT;Grupo;personas
1;0;SIN CORREGIMIENTO;1;EL PAULON VILLA PATRICIA;1-EL PAULON VILLA PATRICIA;EL PABLÓN;SI;A;99
1;0;SIN CORREGIMIENTO;1;EL PAULON VILLA PATRICIA;1-EL PAULON VILLA PATRICIA;EL PABLÓN;SI;B;209
1;0;SIN CORREGIMIENTO;1;EL PAULON VILLA PATRICIA;1-EL PAULON VILLA PATRICIA;EL PABLÓN;SI;C;107
1;0;SIN CORREGIMIENTO;1;EL PAULON VILLA PATRICIA;1-EL PAULON VILLA PATRICIA;EL PABLÓN;SI;D;6
1;0;SIN CORREGIMIENTO;2;EL PAULON VILLA LINA;1-EL PAULON VILLA LINA;EL PABLÓN;SI;A;268
1;0;SIN CORREGIMIENTO;2;EL PAULON VILLA LINA;1-EL PAULON VILLA LINA;EL PABLÓN;SI;B;396
1;0;SIN CORREGIMIENTO;2;EL PAULON VILLA LINA;1-EL PAULON VILLA LINA;EL PABLÓN;SI;C;283
1;0;SIN CORREGIMIENTO;2;EL PAULON VILLA LINA;1-EL PAULON VILLA LINA;EL PABLÓN;SI;D;15
1;0;SIN CORREGIMIENTO;3;COLORADOS;1-COLORADOS;COLORADOS;SI;A;492
1;0;SIN CORREGIMIENTO;3;COLORADOS;1-COLORADOS;COLORADOS;SI;B;1194
1;0;SIN CORREGIMIENTO;3;COLORADOS;1-COLORADOS;COLORADOS;SI;C;999
1;0;SIN CORREGIMIENTO;3;COLORADOS;1-COLORADOS;COLORADOS;SI;D;151
1;0;SIN CORREGIMIENTO;4;EL PAULON;1-EL PAULON;EL PABLÓN;SI;A;234
1;0;SIN CORREGIMIENTO;4;EL PAULON;1-EL PAULON;EL PABLÓN;SI;B;567
1;0;SIN CORREGIMIENTO;4;EL PAULON;1-EL PAULON;EL PABLÓN;SI;C;307
1;0;SIN CORREGIMIENTO;4;EL PAULON;1-EL PAULON;EL PABLÓN;SI;D;25
1;0;SIN CORREGIMIENTO;5;ROSALTA COLORADOS;1-ROSALTA COLORADOS;ROSALTA;0;A;46
1;0;SIN CORREGIMIENTO;5;ROSALTA COLORADOS;1-ROSALTA COLORADOS;ROSALTA;0;B;150
1;0;SIN CORREGIMIENTO;5;ROSALTA COLORADOS;1-ROSALTA COLORADOS;ROSALTA;0;C;133
1;0;SIN CORREGIMIENTO;5;ROSALTA COLORADOS;1-ROSALTA COLORADOS;ROSALTA;0;D;21
1;0;SIN CORREGIMIENTO;6;COLORADOS PATIO BONITO;1-COLORADOS PATIO BONITO;0;0;A;119
1;0;SIN CORREGIMIENTO;6;COLORADOS PATIO BONITO;1-COLORADOS PATIO BONITO;0;0;B;148
1;0;SIN CORREGIMIENTO;6;COLORADOS PATIO BONITO;1-COLORADOS PATIO BONITO;0;0;C;75
1;0;SIN CORREGIMIENTO;6;COLORADOS PATIO BONITO;1-COLORADOS PATIO BONITO;0;0;D;9
1;0;SIN CORREGIMIENTO;7;CAFE MADRID VILLA ALICIA;1-CAFE MADRID VILLA ALICIA;0;0;A;51
1;0;SIN CORREGIMIENTO;7;CAFE MADRID VILLA ALICIA;1-CAFE MADRID VILLA ALICIA;0;0;B;92
1;0;SIN CORREGIMIENTO;7;CAFE MADRID VILLA ALICIA;1-CAFE MADRID VILLA ALICIA;0;0;C;42
1;0;SIN CORREGIMIENTO;7;CAFE MADRID VILLA ALICIA;1-CAFE MADRID VILLA ALICIA;0;0;D;5
1;0;SIN CORREGIMIENTO;8;EL ROSAL COLORADOS;1-EL ROSAL COLORADOS;EL ROSAL;SI;A;182
1;0;SIN CORREGIMIENTO;8;EL ROSAL COLORADOS;1-EL ROSAL COLORADOS;EL ROSAL;SI;B;230
1;0;SIN CORREGIMIENTO;8;EL ROSAL COLORADOS;1-EL ROSAL COLORADOS;EL ROSAL;SI;C;244
1;0;SIN CORREGIMIENTO;8;EL ROSAL COLORADOS;1-EL ROSAL COLORADOS;EL ROSAL;SI;D;25
1;0;SIN CORREGIMIENTO;9;LAS DELICIAS;1-LAS DELICIAS;0;0;A;11
1;0;SIN CORREGIMIENTO;9;LAS DELICIAS;1-LAS DELICIAS;0;0;B;10
1;0;SIN CORREGIMIENTO;9;LAS DELICIAS;1-LAS DELICIAS;0;0;C;2
1;0;SIN CORREGIMIENTO;10;ASENTAMIENTO BARRIO NUEVO;1-ASENTAMIENTO BARRIO NUEVO;BARRIO NUEVO;SI;A;8
1;0;SIN CORREGIMIENTO;10;ASENTAMIENTO BARRIO NUEVO;1-ASENTAMIENTO BARRIO NUEVO;BARRIO NUEVO;SI;B;13
1;0;SIN CORREGIMIENTO;11;DIVINO NIÑO NORTE;1-DIVINO NIÑO NORTE;0;0;A;29
1;0;SIN CORREGIMIENTO;11;DIVINO NIÑO NORTE;1-DIVINO NIÑO NORTE;0;0;B;149
1;0;SIN CORREGIMIENTO;11;DIVINO NIÑO NORTE;1-DIVINO NIÑO NORTE;0;0;C;89
1;0;SIN CORREGIMIENTO;11;DIVINO NIÑO NORTE;1-DIVINO NIÑO NORTE;0;0;D;8
1;0;SIN CORREGIMIENTO;12;CAFE MADRID EL TUNEL;1-CAFE MADRID EL TUNEL;0;0;A;233
1;0;SIN CORREGIMIENTO;12;CAFE MADRID EL TUNEL;1-CAFE MADRID EL TUNEL;0;0;B;298
1;0;SIN CORREGIMIENTO;12;CAFE MADRID EL TUNEL;1-CAFE MADRID EL TUNEL;0;0;C;162
1;0;SIN CORREGIMIENTO;12;CAFE MADRID EL TUNEL;1-CAFE MADRID EL TUNEL;0;0;D;21
1;0;SIN CORREGIMIENTO;13;CAFE MADRID LA UNION;1-CAFE MADRID LA UNION;0;0;A;28
1;0;SIN CORREGIMIENTO;13;CAFE MADRID LA UNION;1-CAFE MADRID LA UNION;0;0;B;49
1;0;SIN CORREGIMIENTO;13;CAFE MADRID LA UNION;1-CAFE MADRID LA UNION;0;0;C;32
1;0;SIN CORREGIMIENTO;13;CAFE MADRID LA UNION;1-CAFE MADRID LA UNION;0;0;D;1
1;0;SIN CORREGIMIENTO;14;CAFE MADRID;1-CAFE MADRID;CAFE MADRID;SI;A;170
1;0;SIN CORREGIMIENTO;14;CAFE MADRID;1-CAFE MADRID;CAFE MADRID;SI;B;313
1;0;SIN CORREGIMIENTO;14;CAFE MADRID;1-CAFE MADRID;CAFE MADRID;SI;C;170
1;0;SIN CORREGIMIENTO;14;CAFE MADRID;1-CAFE MADRID;CAFE MADRID;SI;D;20
1;0;SIN CORREGIMIENTO;15;CAFE MADRID LA PLAYA;1-CAFE MADRID LA PLAYA;0;0;A;162
1;0;SIN CORREGIMIENTO;15;CAFE MADRID LA PLAYA;1-CAFE MADRID LA PLAYA;0;0;B;314
1;0;SIN CORREGIMIENTO;15;CAFE MADRID LA PLAYA;1-CAFE MADRID LA PLAYA;0;0;C;160
1;0;SIN CORREGIMIENTO;15;CAFE MADRID LA PLAYA;1-CAFE MADRID LA PLAYA;0;0;D;10
1;0;SIN CORREGIMIENTO;19;CAFE MADRID LA LOMA;1-CAFE MADRID LA LOMA;0;0;A;51
1;0;SIN CORREGIMIENTO;19;CAFE MADRID LA LOMA;1-CAFE MADRID LA LOMA;0;0;B;76
1;0;SIN CORREGIMIENTO;19;CAFE MADRID LA LOMA;1-CAFE MADRID LA LOMA;0;0;C;67
1;0;SIN CORREGIMIENTO;19;CAFE MADRID LA LOMA;1-CAFE MADRID LA LOMA;0;0;D;10
1;0;SIN CORREGIMIENTO;24;CIUDADELA CAFE MADRID ;1-CIUDADELA CAFE MADRID ;0;0;A;403
1;0;SIN CORREGIMIENTO;24;CIUDADELA CAFE MADRID ;1-CIUDADELA CAFE MADRID ;0;0;B;993
1;0;SIN CORREGIMIENTO;24;CIUDADELA CAFE MADRID ;1-CIUDADELA CAFE MADRID ;0;0;C;540
1;0;SIN CORREGIMIENTO;24;CIUDADELA CAFE MADRID ;1-CIUDADELA CAFE MADRID ;0;0;D;51
1;0;SIN CORREGIMIENTO;25;CAFE MADRID EL PLAN;1-CAFE MADRID EL PLAN;0;0;A;124
1;0;SIN CORREGIMIENTO;25;CAFE MADRID EL PLAN;1-CAFE MADRID EL PLAN;0;0;B;359
1;0;SIN CORREGIMIENTO;25;CAFE MADRID EL PLAN;1-CAFE MADRID EL PLAN;0;0;C;203
1;0;SIN CORREGIMIENTO;25;CAFE MADRID EL PLAN;1-CAFE MADRID EL PLAN;0;0;D;21
1;0;SIN CORREGIMIENTO;26;CAFE MADRID LA VIRGEN;1-CAFE MADRID LA VIRGEN;0;0;A;35
1;0;SIN CORREGIMIENTO;26;CAFE MADRID LA VIRGEN;1-CAFE MADRID LA VIRGEN;0;0;B;94
1;0;SIN CORREGIMIENTO;26;CAFE MADRID LA VIRGEN;1-CAFE MADRID LA VIRGEN;0;0;C;27
1;0;SIN CORREGIMIENTO;26;CAFE MADRID LA VIRGEN;1-CAFE MADRID LA VIRGEN;0;0;D;2
1;0;SIN CORREGIMIENTO;27;CAFE MADRID EL SUICHE;1-CAFE MADRID EL SUICHE;0;0;A;29
1;0;SIN CORREGIMIENTO;27;CAFE MADRID EL SUICHE;1-CAFE MADRID EL SUICHE;0;0;B;17
1;0;SIN CORREGIMIENTO;27;CAFE MADRID EL SUICHE;1-CAFE MADRID EL SUICHE;0;0;C;11
1;0;SIN CORREGIMIENTO;28;CAFE MADRID EL CABLE;1-CAFE MADRID EL CABLE;0;0;A;121
1;0;SIN CORREGIMIENTO;28;CAFE MADRID EL CABLE;1-CAFE MADRID EL CABLE;0;0;B;200
1;0;SIN CORREGIMIENTO;28;CAFE MADRID EL CABLE;1-CAFE MADRID EL CABLE;0;0;C;84
1;0;SIN CORREGIMIENTO;28;CAFE MADRID EL CABLE;1-CAFE MADRID EL CABLE;0;0;D;12
1;0;SIN CORREGIMIENTO;29;KENNEDY;1-KENNEDY;KENNEDY;SI;A;290
1;0;SIN CORREGIMIENTO;29;KENNEDY;1-KENNEDY;KENNEDY;SI;B;888
1;0;SIN CORREGIMIENTO;29;KENNEDY;1-KENNEDY;KENNEDY;SI;C;1416
1;0;SIN CORREGIMIENTO;29;KENNEDY;1-KENNEDY;KENNEDY;SI;D;304
1;0;SIN CORREGIMIENTO;30;VILLA ALEGRIA;1-VILLA ALEGRIA;0;0;A;150
1;0;SIN CORREGIMIENTO;30;VILLA ALEGRIA;1-VILLA ALEGRIA;0;0;B;381
1;0;SIN CORREGIMIENTO;30;VILLA ALEGRIA;1-VILLA ALEGRIA;0;0;C;342
1;0;SIN CORREGIMIENTO;30;VILLA ALEGRIA;1-VILLA ALEGRIA;0;0;D;26
1;0;SIN CORREGIMIENTO;31;LAS HAMACAS;1-LAS HAMACAS;LAS HAMACAS;SI;A;124
1;0;SIN CORREGIMIENTO;31;LAS HAMACAS;1-LAS HAMACAS;LAS HAMACAS;SI;B;305
1;0;SIN CORREGIMIENTO;31;LAS HAMACAS;1-LAS HAMACAS;LAS HAMACAS;SI;C;270
1;0;SIN CORREGIMIENTO;31;LAS HAMACAS;1-LAS HAMACAS;LAS HAMACAS;SI;D;32
1;0;SIN CORREGIMIENTO;32;MARIA PAZ;1-MARIA PAZ;MARIA PAZ;SI;A;405
1;0;SIN CORREGIMIENTO;32;MARIA PAZ;1-MARIA PAZ;MARIA PAZ;SI;B;1743
1;0;SIN CORREGIMIENTO;32;MARIA PAZ;1-MARIA PAZ;MARIA PAZ;SI;C;1496
1;0;SIN CORREGIMIENTO;32;MARIA PAZ;1-MARIA PAZ;MARIA PAZ;SI;D;136
1;0;SIN CORREGIMIENTO;33;ALTOS DEL KENNEDY;1-ALTOS DEL KENNEDY;ALTOS DEL KENNEDY;SI;A;41
1;0;SIN CORREGIMIENTO;33;ALTOS DEL KENNEDY;1-ALTOS DEL KENNEDY;ALTOS DEL KENNEDY;SI;B;187
1;0;SIN CORREGIMIENTO;33;ALTOS DEL KENNEDY;1-ALTOS DEL KENNEDY;ALTOS DEL KENNEDY;SI;C;212
1;0;SIN CORREGIMIENTO;33;ALTOS DEL KENNEDY;1-ALTOS DEL KENNEDY;ALTOS DEL KENNEDY;SI;D;48
1;0;SIN CORREGIMIENTO;35;MINUTO DE DIOS;1-MINUTO DE DIOS;MINUTO DE DIOS;SI;A;52
1;0;SIN CORREGIMIENTO;35;MINUTO DE DIOS;1-MINUTO DE DIOS;MINUTO DE DIOS;SI;B;253
1;0;SIN CORREGIMIENTO;35;MINUTO DE DIOS;1-MINUTO DE DIOS;MINUTO DE DIOS;SI;C;485
1;0;SIN CORREGIMIENTO;35;MINUTO DE DIOS;1-MINUTO DE DIOS;MINUTO DE DIOS;SI;D;127
1;0;SIN CORREGIMIENTO;36;MIRADOR DEL KENNEDY;1-MIRADOR DEL KENNEDY;MIRADOR DEL KENNEDY;SI;A;32
1;0;SIN CORREGIMIENTO;36;MIRADOR DEL KENNEDY;1-MIRADOR DEL KENNEDY;MIRADOR DEL KENNEDY;SI;B;52
1;0;SIN CORREGIMIENTO;36;MIRADOR DEL KENNEDY;1-MIRADOR DEL KENNEDY;MIRADOR DEL KENNEDY;SI;C;76
1;0;SIN CORREGIMIENTO;36;MIRADOR DEL KENNEDY;1-MIRADOR DEL KENNEDY;MIRADOR DEL KENNEDY;SI;D;13
1;0;SIN CORREGIMIENTO;38;COLSEGUROS NORTE;1-COLSEGUROS NORTE;0;0;A;74
1;0;SIN CORREGIMIENTO;38;COLSEGUROS NORTE;1-COLSEGUROS NORTE;0;0;B;337
1;0;SIN CORREGIMIENTO;38;COLSEGUROS NORTE;1-COLSEGUROS NORTE;0;0;C;468
1;0;SIN CORREGIMIENTO;38;COLSEGUROS NORTE;1-COLSEGUROS NORTE;0;0;D;76
1;0;SIN CORREGIMIENTO;39;OMAGA I ;1-OMAGA I ;OMAGA I;SI;A;10
1;0;SIN CORREGIMIENTO;39;OMAGA I ;1-OMAGA I ;OMAGA I;SI;B;82
1;0;SIN CORREGIMIENTO;39;OMAGA I ;1-OMAGA I ;OMAGA I;SI;C;81
1;0;SIN CORREGIMIENTO;39;OMAGA I ;1-OMAGA I ;OMAGA I;SI;D;21
1;0;SIN CORREGIMIENTO;40;MIRAMAR;1-MIRAMAR;MIRAMAR;SI;A;42
1;0;SIN CORREGIMIENTO;40;MIRAMAR;1-MIRAMAR;MIRAMAR;SI;B;161
1;0;SIN CORREGIMIENTO;40;MIRAMAR;1-MIRAMAR;MIRAMAR;SI;C;227
1;0;SIN CORREGIMIENTO;40;MIRAMAR;1-MIRAMAR;MIRAMAR;SI;D;33
1;0;SIN CORREGIMIENTO;41;BALCONES DEL KENNEDY;1-BALCONES DEL KENNEDY;BALCONES DEL KENEDY;SI;A;193
1;0;SIN CORREGIMIENTO;41;BALCONES DEL KENNEDY;1-BALCONES DEL KENNEDY;BALCONES DEL KENEDY;SI;B;438
1;0;SIN CORREGIMIENTO;41;BALCONES DEL KENNEDY;1-BALCONES DEL KENNEDY;BALCONES DEL KENEDY;SI;C;423
1;0;SIN CORREGIMIENTO;41;BALCONES DEL KENNEDY;1-BALCONES DEL KENNEDY;BALCONES DEL KENEDY;SI;D;67
1;0;SIN CORREGIMIENTO;42;VILLA MARIA;1-VILLA MARIA;VILLA MARIA I;SI;A;107
1;0;SIN CORREGIMIENTO;42;VILLA MARIA;1-VILLA MARIA;VILLA MARIA I;SI;B;155
1;0;SIN CORREGIMIENTO;42;VILLA MARIA;1-VILLA MARIA;VILLA MARIA I;SI;C;105
1;0;SIN CORREGIMIENTO;42;VILLA MARIA;1-VILLA MARIA;VILLA MARIA I;SI;D;7
1;0;SIN CORREGIMIENTO;43;ASENTAMIENTO VILLA MARIA;1-ASENTAMIENTO VILLA MARIA;NO;0;B;3
1;0;SIN CORREGIMIENTO;45;LOS ANGELES;1-LOS ANGELES;0;0;C;2
1;0;SIN CORREGIMIENTO;47;OLAS ALTAS Y BAJAS;1-OLAS ALTAS Y BAJAS;OLAS ALTAS;SI;A;125
1;0;SIN CORREGIMIENTO;47;OLAS ALTAS Y BAJAS;1-OLAS ALTAS Y BAJAS;OLAS ALTAS;SI;B;314
1;0;SIN CORREGIMIENTO;47;OLAS ALTAS Y BAJAS;1-OLAS ALTAS Y BAJAS;OLAS ALTAS;SI;C;556
1;0;SIN CORREGIMIENTO;47;OLAS ALTAS Y BAJAS;1-OLAS ALTAS Y BAJAS;OLAS ALTAS;SI;D;66
1;0;SIN CORREGIMIENTO;49;PAISAJES DEL NORTE;1-PAISAJES DEL NORTE;0;0;A;97
1;0;SIN CORREGIMIENTO;49;PAISAJES DEL NORTE;1-PAISAJES DEL NORTE;0;0;B;321
1;0;SIN CORREGIMIENTO;49;PAISAJES DEL NORTE;1-PAISAJES DEL NORTE;0;0;C;274
1;0;SIN CORREGIMIENTO;49;PAISAJES DEL NORTE;1-PAISAJES DEL NORTE;0;0;D;25
1;0;SIN CORREGIMIENTO;50;VILLA ROSA;1-VILLA ROSA;VILLA ROSA;SI;A;648
1;0;SIN CORREGIMIENTO;50;VILLA ROSA;1-VILLA ROSA;VILLA ROSA;SI;B;2258
1;0;SIN CORREGIMIENTO;50;VILLA ROSA;1-VILLA ROSA;VILLA ROSA;SI;C;2376
1;0;SIN CORREGIMIENTO;50;VILLA ROSA;1-VILLA ROSA;VILLA ROSA;SI;D;333
1;0;SIN CORREGIMIENTO;54;MIRADOR NORTE;1-MIRADOR NORTE;0;0;B;2
1;0;SIN CORREGIMIENTO;55;CLAVERIANO;1-CLAVERIANO;CLAVERIANO;SI;A;320
1;0;SIN CORREGIMIENTO;55;CLAVERIANO;1-CLAVERIANO;CLAVERIANO;SI;B;676
1;0;SIN CORREGIMIENTO;55;CLAVERIANO;1-CLAVERIANO;CLAVERIANO;SI;C;350
1;0;SIN CORREGIMIENTO;55;CLAVERIANO;1-CLAVERIANO;CLAVERIANO;SI;D;32
1;0;SIN CORREGIMIENTO;56;ALTOS DEL PROGRESO;1-ALTOS DEL PROGRESO;ALTOS DEL PROGRESO;SI;A;224
1;0;SIN CORREGIMIENTO;56;ALTOS DEL PROGRESO;1-ALTOS DEL PROGRESO;ALTOS DEL PROGRESO;SI;B;605
1;0;SIN CORREGIMIENTO;56;ALTOS DEL PROGRESO;1-ALTOS DEL PROGRESO;ALTOS DEL PROGRESO;SI;C;377
1;0;SIN CORREGIMIENTO;56;ALTOS DEL PROGRESO;1-ALTOS DEL PROGRESO;ALTOS DEL PROGRESO;SI;D;30
1;0;SIN CORREGIMIENTO;58;13 DE JUNIO;1-13 DE JUNIO;13 DE JUNIO;SI;A;8
1;0;SIN CORREGIMIENTO;58;13 DE JUNIO;1-13 DE JUNIO;13 DE JUNIO;SI;B;61
1;0;SIN CORREGIMIENTO;58;13 DE JUNIO;1-13 DE JUNIO;13 DE JUNIO;SI;C;113
1;0;SIN CORREGIMIENTO;58;13 DE JUNIO;1-13 DE JUNIO;13 DE JUNIO;SI;D;27
1;0;SIN CORREGIMIENTO;69;VILLA MERCEDES;1-VILLA MERCEDES;0;0;C;1
1;0;SIN CORREGIMIENTO;88;CAFE MADRID LA 40;1-CAFE MADRID LA 40;0;0;A;3
1;0;SIN CORREGIMIENTO;88;CAFE MADRID LA 40;1-CAFE MADRID LA 40;0;0;B;44
1;0;SIN CORREGIMIENTO;88;CAFE MADRID LA 40;1-CAFE MADRID LA 40;0;0;C;48
1;0;SIN CORREGIMIENTO;88;CAFE MADRID LA 40;1-CAFE MADRID LA 40;0;0;D;2
1;0;SIN CORREGIMIENTO;91;TEJADITOS;1-TEJADITOS;0;0;A;19
1;0;SIN CORREGIMIENTO;91;TEJADITOS;1-TEJADITOS;0;0;B;3
1;0;SIN CORREGIMIENTO;91;TEJADITOS;1-TEJADITOS;0;0;C;3
1;0;SIN CORREGIMIENTO;94;EL NOGAL 2;1-EL NOGAL 2;0;0;A;229
1;0;SIN CORREGIMIENTO;94;EL NOGAL 2;1-EL NOGAL 2;0;0;B;303
1;0;SIN CORREGIMIENTO;94;EL NOGAL 2;1-EL NOGAL 2;0;0;C;111
1;0;SIN CORREGIMIENTO;94;EL NOGAL 2;1-EL NOGAL 2;0;0;D;7
1;0;SIN CORREGIMIENTO;108;LIMONCITO MORRORRICO;1-LIMONCITO MORRORRICO;0;0;A;3
1;0;SIN CORREGIMIENTO;229;VILLA SARA;1-VILLA SARA;0;0;A;4
1;0;SIN CORREGIMIENTO;230;VILLA ALICIA;1-VILLA ALICIA;0;0;A;27
1;0;SIN CORREGIMIENTO;230;VILLA ALICIA;1-VILLA ALICIA;0;0;B;80
1;0;SIN CORREGIMIENTO;230;VILLA ALICIA;1-VILLA ALICIA;0;0;C;59
1;0;SIN CORREGIMIENTO;230;VILLA ALICIA;1-VILLA ALICIA;0;0;D;2
1;0;SIN CORREGIMIENTO;235;DELICIAS NORTE;1-DELICIAS NORTE;0;0;A;18
1;0;SIN CORREGIMIENTO;235;DELICIAS NORTE;1-DELICIAS NORTE;0;0;B;53
1;0;SIN CORREGIMIENTO;235;DELICIAS NORTE;1-DELICIAS NORTE;0;0;C;38
1;0;SIN CORREGIMIENTO;235;DELICIAS NORTE;1-DELICIAS NORTE;0;0;D;5
1;0;SIN CORREGIMIENTO;244;VILLA FLOR;1-VILLA FLOR;0;0;B;4
1;0;SIN CORREGIMIENTO;247;LA FORTUNA;1-LA FORTUNA;0;0;A;111
1;0;SIN CORREGIMIENTO;247;LA FORTUNA;1-LA FORTUNA;0;0;B;286
1;0;SIN CORREGIMIENTO;247;LA FORTUNA;1-LA FORTUNA;0;0;C;95
1;0;SIN CORREGIMIENTO;247;LA FORTUNA;1-LA FORTUNA;0;0;D;9
1;0;SIN CORREGIMIENTO;281;SAN IGNACIO REAL;1-SAN IGNACIO REAL;0;0;A;51
1;0;SIN CORREGIMIENTO;281;SAN IGNACIO REAL;1-SAN IGNACIO REAL;0;0;B;244
1;0;SIN CORREGIMIENTO;281;SAN IGNACIO REAL;1-SAN IGNACIO REAL;0;0;C;126
1;0;SIN CORREGIMIENTO;281;SAN IGNACIO REAL;1-SAN IGNACIO REAL;0;0;D;2
1;0;SIN CORREGIMIENTO;291;CAMINOS DE PAZ;1-CAMINOS DE PAZ;0;0;A;40
1;0;SIN CORREGIMIENTO;291;CAMINOS DE PAZ;1-CAMINOS DE PAZ;0;0;B;74
1;0;SIN CORREGIMIENTO;291;CAMINOS DE PAZ;1-CAMINOS DE PAZ;0;0;C;32
1;0;SIN CORREGIMIENTO;291;CAMINOS DE PAZ;1-CAMINOS DE PAZ;0;0;D;3
1;0;SIN CORREGIMIENTO;292;LAS TUNAS;1-LAS TUNAS;0;0;A;2
1;0;SIN CORREGIMIENTO;297;TEJAR II;1-TEJAR II;TEJAR NORTE;SI;A;61
1;0;SIN CORREGIMIENTO;297;TEJAR II;1-TEJAR II;TEJAR NORTE;SI;B;297
1;0;SIN CORREGIMIENTO;297;TEJAR II;1-TEJAR II;TEJAR NORTE;SI;C;402
1;0;SIN CORREGIMIENTO;297;TEJAR II;1-TEJAR II;TEJAR NORTE;SI;D;93
1;0;SIN CORREGIMIENTO;298;TEJAR I;1-TEJAR I;TEJAR NORTE;SI;A;68
1;0;SIN CORREGIMIENTO;298;TEJAR I;1-TEJAR I;TEJAR NORTE;SI;B;229
1;0;SIN CORREGIMIENTO;298;TEJAR I;1-TEJAR I;TEJAR NORTE;SI;C;262
1;0;SIN CORREGIMIENTO;298;TEJAR I;1-TEJAR I;TEJAR NORTE;SI;D;43
1;0;SIN CORREGIMIENTO;299;OMAGA II;1-OMAGA II;OMAGA II;SI;A;104
1;0;SIN CORREGIMIENTO;299;OMAGA II;1-OMAGA II;OMAGA II;SI;B;264
1;0;SIN CORREGIMIENTO;299;OMAGA II;1-OMAGA II;OMAGA II;SI;C;208
1;0;SIN CORREGIMIENTO;299;OMAGA II;1-OMAGA II;OMAGA II;SI;D;24
1;0;SIN CORREGIMIENTO;301;CERVUNION;1-CERVUNION;0;0;A;114
1;0;SIN CORREGIMIENTO;301;CERVUNION;1-CERVUNION;0;0;B;165
1;0;SIN CORREGIMIENTO;301;CERVUNION;1-CERVUNION;0;0;C;103
1;0;SIN CORREGIMIENTO;301;CERVUNION;1-CERVUNION;0;0;D;11
1;0;SIN CORREGIMIENTO;302;ASENTAMIENTO LUZ DE ESPERANZA;1-ASENTAMIENTO LUZ DE ESPERANZA;LUZ DE ESPERENZA;0;A;2
1;0;SIN CORREGIMIENTO;302;ASENTAMIENTO LUZ DE ESPERANZA;1-ASENTAMIENTO LUZ DE ESPERANZA;LUZ DE ESPERENZA;0;B;19
1;0;SIN CORREGIMIENTO;302;ASENTAMIENTO LUZ DE ESPERANZA;1-ASENTAMIENTO LUZ DE ESPERANZA;LUZ DE ESPERENZA;0;C;7
1;0;SIN CORREGIMIENTO;305;SAN VALENTIN;1-SAN VALENTIN;0;0;A;137
1;0;SIN CORREGIMIENTO;305;SAN VALENTIN;1-SAN VALENTIN;0;0;B;258
1;0;SIN CORREGIMIENTO;305;SAN VALENTIN;1-SAN VALENTIN;0;0;C;174
1;0;SIN CORREGIMIENTO;305;SAN VALENTIN;1-SAN VALENTIN;0;0;D;29
1;0;SIN CORREGIMIENTO;311;ALTOS DE BETANIA;1-ALTOS DE BETANIA;BETANIA;SI;A;224
1;0;SIN CORREGIMIENTO;311;ALTOS DE BETANIA;1-ALTOS DE BETANIA;BETANIA;SI;B;558
1;0;SIN CORREGIMIENTO;311;ALTOS DE BETANIA;1-ALTOS DE BETANIA;BETANIA;SI;C;404
1;0;SIN CORREGIMIENTO;311;ALTOS DE BETANIA;1-ALTOS DE BETANIA;BETANIA;SI;D;46
1;0;SIN CORREGIMIENTO;311;ALTOS DE BETANIA;1-ALTOS DE BETANIA;BETANIA;SI;(en blanco);7
1;0;SIN CORREGIMIENTO;328;CAMPESTRE NORTE ;1-CAMPESTRE NORTE ;0;0;A;597
1;0;SIN CORREGIMIENTO;328;CAMPESTRE NORTE ;1-CAMPESTRE NORTE ;0;0;B;1249
1;0;SIN CORREGIMIENTO;328;CAMPESTRE NORTE ;1-CAMPESTRE NORTE ;0;0;C;704
1;0;SIN CORREGIMIENTO;328;CAMPESTRE NORTE ;1-CAMPESTRE NORTE ;0;0;D;57
1;0;SIN CORREGIMIENTO;332;BONANZA CAMPESTRE;1-BONANZA CAMPESTRE;0;0;A;115
1;0;SIN CORREGIMIENTO;332;BONANZA CAMPESTRE;1-BONANZA CAMPESTRE;0;0;B;276
1;0;SIN CORREGIMIENTO;332;BONANZA CAMPESTRE;1-BONANZA CAMPESTRE;0;0;C;101
1;0;SIN CORREGIMIENTO;332;BONANZA CAMPESTRE;1-BONANZA CAMPESTRE;0;0;D;10
1;0;SIN CORREGIMIENTO;335;PUENTE NARIÑO;1-PUENTE NARIÑO;0;0;A;466
1;0;SIN CORREGIMIENTO;335;PUENTE NARIÑO;1-PUENTE NARIÑO;0;0;B;492
1;0;SIN CORREGIMIENTO;335;PUENTE NARIÑO;1-PUENTE NARIÑO;0;0;C;78
1;0;SIN CORREGIMIENTO;335;PUENTE NARIÑO;1-PUENTE NARIÑO;0;0;D;7
1;0;SIN CORREGIMIENTO;338;CAFE MADRID LA SEXTA;1-CAFE MADRID LA SEXTA;0;0;A;18
1;0;SIN CORREGIMIENTO;338;CAFE MADRID LA SEXTA;1-CAFE MADRID LA SEXTA;0;0;B;51
1;0;SIN CORREGIMIENTO;338;CAFE MADRID LA SEXTA;1-CAFE MADRID LA SEXTA;0;0;C;28
1;0;SIN CORREGIMIENTO;338;CAFE MADRID LA SEXTA;1-CAFE MADRID LA SEXTA;0;0;D;5
1;0;SIN CORREGIMIENTO;342;VILLAS DE SAN IGNACIO;1-VILLAS DE SAN IGNACIO;0;0;A;155
1;0;SIN CORREGIMIENTO;342;VILLAS DE SAN IGNACIO;1-VILLAS DE SAN IGNACIO;0;0;B;347
1;0;SIN CORREGIMIENTO;342;VILLAS DE SAN IGNACIO;1-VILLAS DE SAN IGNACIO;0;0;C;224
1;0;SIN CORREGIMIENTO;342;VILLAS DE SAN IGNACIO;1-VILLAS DE SAN IGNACIO;0;0;D;31
1;0;SIN CORREGIMIENTO;346;JARDINES DE ALTAGRACIA;1-JARDINES DE ALTAGRACIA;0;0;A;7
1;0;SIN CORREGIMIENTO;346;JARDINES DE ALTAGRACIA;1-JARDINES DE ALTAGRACIA;0;0;B;42
1;0;SIN CORREGIMIENTO;346;JARDINES DE ALTAGRACIA;1-JARDINES DE ALTAGRACIA;0;0;C;69
1;0;SIN CORREGIMIENTO;346;JARDINES DE ALTAGRACIA;1-JARDINES DE ALTAGRACIA;0;0;D;18
1;0;SIN CORREGIMIENTO;348;PORTAL DE LOS ANGELES;1-PORTAL DE LOS ANGELES;0;0;A;99
1;0;SIN CORREGIMIENTO;348;PORTAL DE LOS ANGELES;1-PORTAL DE LOS ANGELES;0;0;B;312
1;0;SIN CORREGIMIENTO;348;PORTAL DE LOS ANGELES;1-PORTAL DE LOS ANGELES;0;0;C;258
1;0;SIN CORREGIMIENTO;348;PORTAL DE LOS ANGELES;1-PORTAL DE LOS ANGELES;0;0;D;33
1;0;SIN CORREGIMIENTO;350;BETANIA ;1-BETANIA ;0;0;A;456
1;0;SIN CORREGIMIENTO;350;BETANIA ;1-BETANIA ;0;0;B;1430
1;0;SIN CORREGIMIENTO;350;BETANIA ;1-BETANIA ;0;0;C;1171
1;0;SIN CORREGIMIENTO;350;BETANIA ;1-BETANIA ;0;0;D;92
1;0;SIN CORREGIMIENTO;350;BETANIA ;1-BETANIA ;0;0;(en blanco);5
1;0;SIN CORREGIMIENTO;351;CAFE MADRID LA ESTACION;1-CAFE MADRID LA ESTACION;0;0;A;148
1;0;SIN CORREGIMIENTO;351;CAFE MADRID LA ESTACION;1-CAFE MADRID LA ESTACION;0;0;B;372
1;0;SIN CORREGIMIENTO;351;CAFE MADRID LA ESTACION;1-CAFE MADRID LA ESTACION;0;0;C;275
1;0;SIN CORREGIMIENTO;351;CAFE MADRID LA ESTACION;1-CAFE MADRID LA ESTACION;0;0;D;34
1;0;SIN CORREGIMIENTO;354;MIRADOR DE COLORADOS;1-MIRADOR DE COLORADOS;0;0;A;22
1;0;SIN CORREGIMIENTO;354;MIRADOR DE COLORADOS;1-MIRADOR DE COLORADOS;0;0;B;58
1;0;SIN CORREGIMIENTO;354;MIRADOR DE COLORADOS;1-MIRADOR DE COLORADOS;0;0;C;79
1;0;SIN CORREGIMIENTO;354;MIRADOR DE COLORADOS;1-MIRADOR DE COLORADOS;0;0;D;4
1;0;SIN CORREGIMIENTO;356;BAVARIA;1-BAVARIA;0;0;A;509
1;0;SIN CORREGIMIENTO;356;BAVARIA;1-BAVARIA;0;0;B;1227
1;0;SIN CORREGIMIENTO;356;BAVARIA;1-BAVARIA;0;0;C;907
1;0;SIN CORREGIMIENTO;356;BAVARIA;1-BAVARIA;0;0;D;94
1;0;SIN CORREGIMIENTO;357;CAFE MADRID CORRALES;1-CAFE MADRID CORRALES;0;0;A;5
1;0;SIN CORREGIMIENTO;357;CAFE MADRID CORRALES;1-CAFE MADRID CORRALES;0;0;B;15
1;0;SIN CORREGIMIENTO;357;CAFE MADRID CORRALES;1-CAFE MADRID CORRALES;0;0;C;29
1;0;SIN CORREGIMIENTO;359;GETSEMANI;1-GETSEMANI;0;0;A;124
1;0;SIN CORREGIMIENTO;359;GETSEMANI;1-GETSEMANI;0;0;B;215
1;0;SIN CORREGIMIENTO;359;GETSEMANI;1-GETSEMANI;0;0;C;133
1;0;SIN CORREGIMIENTO;359;GETSEMANI;1-GETSEMANI;0;0;D;13
1;0;SIN CORREGIMIENTO;361;VILLAS DEL NOGAL;1-VILLAS DEL NOGAL;0;0;A;4
1;0;SIN CORREGIMIENTO;366;LOS CEDROS NORTE;1-LOS CEDROS NORTE;0;0;A;14
1;0;SIN CORREGIMIENTO;366;LOS CEDROS NORTE;1-LOS CEDROS NORTE;0;0;B;26
1;0;SIN CORREGIMIENTO;366;LOS CEDROS NORTE;1-LOS CEDROS NORTE;0;0;C;27
1;0;SIN CORREGIMIENTO;366;LOS CEDROS NORTE;1-LOS CEDROS NORTE;0;0;D;11
1;0;SIN CORREGIMIENTO;370;CAMPO MADRID;1-CAMPO MADRID;SIN GEOJSON;SI;A;673
1;0;SIN CORREGIMIENTO;370;CAMPO MADRID;1-CAMPO MADRID;SIN GEOJSON;SI;B;1918
1;0;SIN CORREGIMIENTO;370;CAMPO MADRID;1-CAMPO MADRID;SIN GEOJSON;SI;C;1317
1;0;SIN CORREGIMIENTO;370;CAMPO MADRID;1-CAMPO MADRID;SIN GEOJSON;SI;D;128
2;0;SIN CORREGIMIENTO;0;BARRIO_S4;2-BARRIO_S4;0;0;A;126
2;0;SIN CORREGIMIENTO;0;BARRIO_S4;2-BARRIO_S4;0;0;B;270
2;0;SIN CORREGIMIENTO;0;BARRIO_S4;2-BARRIO_S4;0;0;C;93
2;0;SIN CORREGIMIENTO;0;BARRIO_S4;2-BARRIO_S4;0;0;D;3
2;0;SIN CORREGIMIENTO;8;EL ROSAL COLORADOS;2-EL ROSAL COLORADOS;0;0;B;2
2;0;SIN CORREGIMIENTO;21;MIRADOR DE LA UIS;2-MIRADOR DE LA UIS;0;0;A;174
2;0;SIN CORREGIMIENTO;21;MIRADOR DE LA UIS;2-MIRADOR DE LA UIS;0;0;B;370
2;0;SIN CORREGIMIENTO;21;MIRADOR DE LA UIS;2-MIRADOR DE LA UIS;0;0;C;256
2;0;SIN CORREGIMIENTO;21;MIRADOR DE LA UIS;2-MIRADOR DE LA UIS;0;0;D;33
2;0;SIN CORREGIMIENTO;37;LOS CUADROS;2-LOS CUADROS;0;0;A;334
2;0;SIN CORREGIMIENTO;37;LOS CUADROS;2-LOS CUADROS;0;0;B;415
2;0;SIN CORREGIMIENTO;37;LOS CUADROS;2-LOS CUADROS;0;0;C;154
2;0;SIN CORREGIMIENTO;37;LOS CUADROS;2-LOS CUADROS;0;0;D;13
2;0;SIN CORREGIMIENTO;44;VILLA HELENA I Y II;2-VILLA HELENA I Y II;VILLA HELENA I;SI;A;587
2;0;SIN CORREGIMIENTO;44;VILLA HELENA I Y II;2-VILLA HELENA I Y II;VILLA HELENA I;SI;B;1075
2;0;SIN CORREGIMIENTO;44;VILLA HELENA I Y II;2-VILLA HELENA I Y II;VILLA HELENA I;SI;C;704
2;0;SIN CORREGIMIENTO;44;VILLA HELENA I Y II;2-VILLA HELENA I Y II;VILLA HELENA I;SI;D;78
2;0;SIN CORREGIMIENTO;45;LOS ANGELES;2-LOS ANGELES;LOS ANGELES;SI;A;147
2;0;SIN CORREGIMIENTO;45;LOS ANGELES;2-LOS ANGELES;LOS ANGELES;SI;B;463
2;0;SIN CORREGIMIENTO;45;LOS ANGELES;2-LOS ANGELES;LOS ANGELES;SI;C;363
2;0;SIN CORREGIMIENTO;45;LOS ANGELES;2-LOS ANGELES;LOS ANGELES;SI;D;54
2;0;SIN CORREGIMIENTO;46;JOSE MARIA CORDOBA;2-JOSE MARIA CORDOBA;NUEVO HORIZONTE;SI;A;277
2;0;SIN CORREGIMIENTO;46;JOSE MARIA CORDOBA;2-JOSE MARIA CORDOBA;NUEVO HORIZONTE;SI;B;348
2;0;SIN CORREGIMIENTO;46;JOSE MARIA CORDOBA;2-JOSE MARIA CORDOBA;NUEVO HORIZONTE;SI;C;145
2;0;SIN CORREGIMIENTO;46;JOSE MARIA CORDOBA;2-JOSE MARIA CORDOBA;NUEVO HORIZONTE;SI;D;8
2;0;SIN CORREGIMIENTO;47;OLAS ALTAS Y BAJAS;2-OLAS ALTAS Y BAJAS;OLAS BAJAS;SI;A;18
2;0;SIN CORREGIMIENTO;47;OLAS ALTAS Y BAJAS;2-OLAS ALTAS Y BAJAS;OLAS BAJAS;SI;B;38
2;0;SIN CORREGIMIENTO;47;OLAS ALTAS Y BAJAS;2-OLAS ALTAS Y BAJAS;OLAS BAJAS;SI;C;22
2;0;SIN CORREGIMIENTO;47;OLAS ALTAS Y BAJAS;2-OLAS ALTAS Y BAJAS;OLAS BAJAS;SI;D;1
2;0;SIN CORREGIMIENTO;50;VILLA ROSA;2-VILLA ROSA;0;0;A;25
2;0;SIN CORREGIMIENTO;50;VILLA ROSA;2-VILLA ROSA;0;0;B;125
2;0;SIN CORREGIMIENTO;50;VILLA ROSA;2-VILLA ROSA;0;0;C;108
2;0;SIN CORREGIMIENTO;50;VILLA ROSA;2-VILLA ROSA;0;0;D;18
2;0;SIN CORREGIMIENTO;51;LIZCANO I Y II;2-LIZCANO I Y II;LIZCANO I;SI;A;85
2;0;SIN CORREGIMIENTO;51;LIZCANO I Y II;2-LIZCANO I Y II;LIZCANO I;SI;B;287
2;0;SIN CORREGIMIENTO;51;LIZCANO I Y II;2-LIZCANO I Y II;LIZCANO I;SI;C;217
2;0;SIN CORREGIMIENTO;51;LIZCANO I Y II;2-LIZCANO I Y II;LIZCANO I;SI;D;20
2;0;SIN CORREGIMIENTO;52;ESPERANZA II;2-ESPERANZA II;LA ESPERANZA II;SI;A;348
2;0;SIN CORREGIMIENTO;52;ESPERANZA II;2-ESPERANZA II;LA ESPERANZA II;SI;B;904
2;0;SIN CORREGIMIENTO;52;ESPERANZA II;2-ESPERANZA II;LA ESPERANZA II;SI;C;708
2;0;SIN CORREGIMIENTO;52;ESPERANZA II;2-ESPERANZA II;LA ESPERANZA II;SI;D;57
2;0;SIN CORREGIMIENTO;53;ESPERANZA III;2-ESPERANZA III;LA ESPERANZA III;SI;A;254
2;0;SIN CORREGIMIENTO;53;ESPERANZA III;2-ESPERANZA III;LA ESPERANZA III;SI;B;481
2;0;SIN CORREGIMIENTO;53;ESPERANZA III;2-ESPERANZA III;LA ESPERANZA III;SI;C;325
2;0;SIN CORREGIMIENTO;53;ESPERANZA III;2-ESPERANZA III;LA ESPERANZA III;SI;D;41
2;0;SIN CORREGIMIENTO;54;MIRADOR NORTE;2-MIRADOR NORTE;MIRADOR;SI;A;396
2;0;SIN CORREGIMIENTO;54;MIRADOR NORTE;2-MIRADOR NORTE;MIRADOR;SI;B;515
2;0;SIN CORREGIMIENTO;54;MIRADOR NORTE;2-MIRADOR NORTE;MIRADOR;SI;C;156
2;0;SIN CORREGIMIENTO;54;MIRADOR NORTE;2-MIRADOR NORTE;MIRADOR;SI;D;13
2;0;SIN CORREGIMIENTO;57;BOSCONIA ;2-BOSCONIA ;0;0;A;3
2;0;SIN CORREGIMIENTO;57;BOSCONIA ;2-BOSCONIA ;0;0;B;7
2;0;SIN CORREGIMIENTO;58;13 DE JUNIO;2-13 DE JUNIO;0;0;B;5
2;0;SIN CORREGIMIENTO;59;LA GRANJITA;2-LA GRANJITA;0;0;A;52
2;0;SIN CORREGIMIENTO;59;LA GRANJITA;2-LA GRANJITA;0;0;B;147
2;0;SIN CORREGIMIENTO;59;LA GRANJITA;2-LA GRANJITA;0;0;C;29
2;0;SIN CORREGIMIENTO;59;LA GRANJITA;2-LA GRANJITA;0;0;D;1
2;0;SIN CORREGIMIENTO;61;REGADERO NORTE;2-REGADERO NORTE;REGADERO NORTE;SI;A;193
2;0;SIN CORREGIMIENTO;61;REGADERO NORTE;2-REGADERO NORTE;REGADERO NORTE;SI;B;728
2;0;SIN CORREGIMIENTO;61;REGADERO NORTE;2-REGADERO NORTE;REGADERO NORTE;SI;C;640
2;0;SIN CORREGIMIENTO;61;REGADERO NORTE;2-REGADERO NORTE;REGADERO NORTE;SI;D;62
2;0;SIN CORREGIMIENTO;62;PRIMAVERAL REGADERO;2-PRIMAVERAL REGADERO;SIN GEOJSON;SI;A;8
2;0;SIN CORREGIMIENTO;62;PRIMAVERAL REGADERO;2-PRIMAVERAL REGADERO;SIN GEOJSON;SI;B;50
2;0;SIN CORREGIMIENTO;62;PRIMAVERAL REGADERO;2-PRIMAVERAL REGADERO;SIN GEOJSON;SI;C;81
2;0;SIN CORREGIMIENTO;62;PRIMAVERAL REGADERO;2-PRIMAVERAL REGADERO;SIN GEOJSON;SI;D;21
2;0;SIN CORREGIMIENTO;64;LA JUVENTUD;2-LA JUVENTUD;LA JUVENTUD;SI;A;225
2;0;SIN CORREGIMIENTO;64;LA JUVENTUD;2-LA JUVENTUD;LA JUVENTUD;SI;B;655
2;0;SIN CORREGIMIENTO;64;LA JUVENTUD;2-LA JUVENTUD;LA JUVENTUD;SI;C;451
2;0;SIN CORREGIMIENTO;64;LA JUVENTUD;2-LA JUVENTUD;LA JUVENTUD;SI;D;40
2;0;SIN CORREGIMIENTO;65;ESPERANZA I;2-ESPERANZA I;LA ESPERANZA I;SI;A;232
2;0;SIN CORREGIMIENTO;65;ESPERANZA I;2-ESPERANZA I;LA ESPERANZA I;SI;B;676
2;0;SIN CORREGIMIENTO;65;ESPERANZA I;2-ESPERANZA I;LA ESPERANZA I;SI;C;480
2;0;SIN CORREGIMIENTO;65;ESPERANZA I;2-ESPERANZA I;LA ESPERANZA I;SI;D;34
2;0;SIN CORREGIMIENTO;66;SAN CRISTOBAL;2-SAN CRISTOBAL;SAN CRISTOBAL;SI;A;169
2;0;SIN CORREGIMIENTO;66;SAN CRISTOBAL;2-SAN CRISTOBAL;SAN CRISTOBAL;SI;B;396
2;0;SIN CORREGIMIENTO;66;SAN CRISTOBAL;2-SAN CRISTOBAL;SAN CRISTOBAL;SI;C;240
2;0;SIN CORREGIMIENTO;66;SAN CRISTOBAL;2-SAN CRISTOBAL;SAN CRISTOBAL;SI;D;22
2;0;SIN CORREGIMIENTO;67;TRANSICION I AL V;2-TRANSICION I AL V;SIN GEOJSON;SI;A;1342
2;0;SIN CORREGIMIENTO;67;TRANSICION I AL V;2-TRANSICION I AL V;SIN GEOJSON;SI;B;2639
2;0;SIN CORREGIMIENTO;67;TRANSICION I AL V;2-TRANSICION I AL V;SIN GEOJSON;SI;C;1315
2;0;SIN CORREGIMIENTO;67;TRANSICION I AL V;2-TRANSICION I AL V;SIN GEOJSON;SI;D;84
2;0;SIN CORREGIMIENTO;68;NUEVA COLOMBIA;2-NUEVA COLOMBIA;0;0;A;93
2;0;SIN CORREGIMIENTO;68;NUEVA COLOMBIA;2-NUEVA COLOMBIA;0;0;B;178
2;0;SIN CORREGIMIENTO;68;NUEVA COLOMBIA;2-NUEVA COLOMBIA;0;0;C;124
2;0;SIN CORREGIMIENTO;68;NUEVA COLOMBIA;2-NUEVA COLOMBIA;0;0;D;9
2;0;SIN CORREGIMIENTO;69;VILLA MERCEDES;2-VILLA MERCEDES;VILLA MERCEDES;SI;A;552
2;0;SIN CORREGIMIENTO;69;VILLA MERCEDES;2-VILLA MERCEDES;VILLA MERCEDES;SI;B;1040
2;0;SIN CORREGIMIENTO;69;VILLA MERCEDES;2-VILLA MERCEDES;VILLA MERCEDES;SI;C;546
2;0;SIN CORREGIMIENTO;69;VILLA MERCEDES;2-VILLA MERCEDES;VILLA MERCEDES;SI;D;35
2;0;SIN CORREGIMIENTO;70;OLITAS;2-OLITAS;0;0;A;105
2;0;SIN CORREGIMIENTO;70;OLITAS;2-OLITAS;0;0;B;150
2;0;SIN CORREGIMIENTO;70;OLITAS;2-OLITAS;0;0;C;102
2;0;SIN CORREGIMIENTO;70;OLITAS;2-OLITAS;0;0;D;4
2;0;SIN CORREGIMIENTO;71;BOSQUE NORTE ;2-BOSQUE NORTE ;BOSQUE NORTE;SI;A;166
2;0;SIN CORREGIMIENTO;71;BOSQUE NORTE ;2-BOSQUE NORTE ;BOSQUE NORTE;SI;B;627
2;0;SIN CORREGIMIENTO;71;BOSQUE NORTE ;2-BOSQUE NORTE ;BOSQUE NORTE;SI;C;471
2;0;SIN CORREGIMIENTO;71;BOSQUE NORTE ;2-BOSQUE NORTE ;BOSQUE NORTE;SI;D;39
2;0;SIN CORREGIMIENTO;72;LA INDEPENDENCIA;2-LA INDEPENDENCIA;LA INDEPENDENCIA;SI;A;713
2;0;SIN CORREGIMIENTO;72;LA INDEPENDENCIA;2-LA INDEPENDENCIA;LA INDEPENDENCIA;SI;B;1738
2;0;SIN CORREGIMIENTO;72;LA INDEPENDENCIA;2-LA INDEPENDENCIA;LA INDEPENDENCIA;SI;C;1133
2;0;SIN CORREGIMIENTO;72;LA INDEPENDENCIA;2-LA INDEPENDENCIA;LA INDEPENDENCIA;SI;D;87
2;0;SIN CORREGIMIENTO;74;NORTE BAJO;2-NORTE BAJO;0;0;A;26
2;0;SIN CORREGIMIENTO;74;NORTE BAJO;2-NORTE BAJO;0;0;B;67
2;0;SIN CORREGIMIENTO;74;NORTE BAJO;2-NORTE BAJO;0;0;C;51
2;0;SIN CORREGIMIENTO;74;NORTE BAJO;2-NORTE BAJO;0;0;D;3
2;0;SIN CORREGIMIENTO;75;SAN RAFAEL;2-SAN RAFAEL;0;0;B;4
2;0;SIN CORREGIMIENTO;75;SAN RAFAEL;2-SAN RAFAEL;0;0;C;1
2;0;SIN CORREGIMIENTO;76;CHAPINERO;2-CHAPINERO;0;0;B;2
2;0;SIN CORREGIMIENTO;76;CHAPINERO;2-CHAPINERO;0;0;C;3
2;0;SIN CORREGIMIENTO;87;DON BOSCO;2-DON BOSCO;0;0;C;2
2;0;SIN CORREGIMIENTO;95;COMUNEROS;2-COMUNEROS;0;0;A;29
2;0;SIN CORREGIMIENTO;95;COMUNEROS;2-COMUNEROS;0;0;B;86
2;0;SIN CORREGIMIENTO;95;COMUNEROS;2-COMUNEROS;0;0;C;64
2;0;SIN CORREGIMIENTO;95;COMUNEROS;2-COMUNEROS;0;0;D;13
2;0;SIN CORREGIMIENTO;101;UNIVERSIDAD;2-UNIVERSIDAD;0;0;A;5
2;0;SIN CORREGIMIENTO;101;UNIVERSIDAD;2-UNIVERSIDAD;0;0;B;3
2;0;SIN CORREGIMIENTO;110;MORRORRICO;2-MORRORRICO;0;0;A;17
2;0;SIN CORREGIMIENTO;110;MORRORRICO;2-MORRORRICO;0;0;B;7
2;0;SIN CORREGIMIENTO;110;MORRORRICO;2-MORRORRICO;0;0;C;6
2;0;SIN CORREGIMIENTO;113;PUERTO RICO;2-PUERTO RICO;0;0;C;2
2;0;SIN CORREGIMIENTO;116;MIRAFLORES;2-MIRAFLORES;0;0;A;4
2;0;SIN CORREGIMIENTO;153;EL PANTANO I;2-EL PANTANO I;0;0;A;2
2;0;SIN CORREGIMIENTO;153;EL PANTANO I;2-EL PANTANO I;0;0;B;5
2;0;SIN CORREGIMIENTO;153;EL PANTANO I;2-EL PANTANO I;0;0;C;4
2;0;SIN CORREGIMIENTO;179;COLOMBIA;2-COLOMBIA;0;0;B;2
2;0;SIN CORREGIMIENTO;179;COLOMBIA;2-COLOMBIA;0;0;C;1
2;0;SIN CORREGIMIENTO;223;PORVENIR BAJO;2-PORVENIR BAJO;0;0;A;12
2;0;SIN CORREGIMIENTO;271;MONEQUE;2-MONEQUE;0;0;A;8
2;0;SIN CORREGIMIENTO;271;MONEQUE;2-MONEQUE;0;0;B;44
2;0;SIN CORREGIMIENTO;271;MONEQUE;2-MONEQUE;0;0;C;26
2;0;SIN CORREGIMIENTO;271;MONEQUE;2-MONEQUE;0;0;D;2
2;0;SIN CORREGIMIENTO;337;CIUDADELA CLUB COMFENALCO;2-CIUDADELA CLUB COMFENALCO;0;0;A;28
2;0;SIN CORREGIMIENTO;337;CIUDADELA CLUB COMFENALCO;2-CIUDADELA CLUB COMFENALCO;0;0;B;140
2;0;SIN CORREGIMIENTO;337;CIUDADELA CLUB COMFENALCO;2-CIUDADELA CLUB COMFENALCO;0;0;C;200
2;0;SIN CORREGIMIENTO;337;CIUDADELA CLUB COMFENALCO;2-CIUDADELA CLUB COMFENALCO;0;0;D;53
3;0;SIN CORREGIMIENTO;21;MIRADOR DE LA UIS;3-MIRADOR DE LA UIS;0;0;A;2
3;0;SIN CORREGIMIENTO;72;LA INDEPENDENCIA;3-LA INDEPENDENCIA;0;0;A;20
3;0;SIN CORREGIMIENTO;72;LA INDEPENDENCIA;3-LA INDEPENDENCIA;0;0;B;5
3;0;SIN CORREGIMIENTO;72;LA INDEPENDENCIA;3-LA INDEPENDENCIA;0;0;C;4
3;0;SIN CORREGIMIENTO;74;NORTE BAJO;3-NORTE BAJO;NORTE BAJO;SI;A;27
3;0;SIN CORREGIMIENTO;74;NORTE BAJO;3-NORTE BAJO;NORTE BAJO;SI;B;205
3;0;SIN CORREGIMIENTO;74;NORTE BAJO;3-NORTE BAJO;NORTE BAJO;SI;C;310
3;0;SIN CORREGIMIENTO;74;NORTE BAJO;3-NORTE BAJO;NORTE BAJO;SI;D;44
3;0;SIN CORREGIMIENTO;75;SAN RAFAEL;3-SAN RAFAEL;SAN RAFAEL;SI;A;248
3;0;SIN CORREGIMIENTO;75;SAN RAFAEL;3-SAN RAFAEL;SAN RAFAEL;SI;B;784
3;0;SIN CORREGIMIENTO;75;SAN RAFAEL;3-SAN RAFAEL;SAN RAFAEL;SI;C;971
3;0;SIN CORREGIMIENTO;75;SAN RAFAEL;3-SAN RAFAEL;SAN RAFAEL;SI;D;101
3;0;SIN CORREGIMIENTO;76;CHAPINERO;3-CHAPINERO;CHAPINERO;SI;A;114
3;0;SIN CORREGIMIENTO;76;CHAPINERO;3-CHAPINERO;CHAPINERO;SI;B;352
3;0;SIN CORREGIMIENTO;76;CHAPINERO;3-CHAPINERO;CHAPINERO;SI;C;404
3;0;SIN CORREGIMIENTO;76;CHAPINERO;3-CHAPINERO;CHAPINERO;SI;D;62
3;0;SIN CORREGIMIENTO;95;COMUNEROS;3-COMUNEROS;COMUNEROS;SI;A;438
3;0;SIN CORREGIMIENTO;95;COMUNEROS;3-COMUNEROS;COMUNEROS;SI;B;1673
3;0;SIN CORREGIMIENTO;95;COMUNEROS;3-COMUNEROS;COMUNEROS;SI;C;2071
3;0;SIN CORREGIMIENTO;95;COMUNEROS;3-COMUNEROS;COMUNEROS;SI;D;469
3;0;SIN CORREGIMIENTO;96;MODELO;3-MODELO;MODELO;SI;A;36
3;0;SIN CORREGIMIENTO;96;MODELO;3-MODELO;MODELO;SI;B;241
3;0;SIN CORREGIMIENTO;96;MODELO;3-MODELO;MODELO;SI;C;360
3;0;SIN CORREGIMIENTO;96;MODELO;3-MODELO;MODELO;SI;D;91
3;0;SIN CORREGIMIENTO;97;MUTUALIDAD;3-MUTUALIDAD;MUTUALIDAD;SI;A;68
3;0;SIN CORREGIMIENTO;97;MUTUALIDAD;3-MUTUALIDAD;MUTUALIDAD;SI;B;423
3;0;SIN CORREGIMIENTO;97;MUTUALIDAD;3-MUTUALIDAD;MUTUALIDAD;SI;C;567
3;0;SIN CORREGIMIENTO;97;MUTUALIDAD;3-MUTUALIDAD;MUTUALIDAD;SI;D;194
3;0;SIN CORREGIMIENTO;98;SAN FRANCISCO;3-SAN FRANCISCO;0;0;A;147
3;0;SIN CORREGIMIENTO;98;SAN FRANCISCO;3-SAN FRANCISCO;0;0;B;552
3;0;SIN CORREGIMIENTO;98;SAN FRANCISCO;3-SAN FRANCISCO;0;0;C;988
3;0;SIN CORREGIMIENTO;98;SAN FRANCISCO;3-SAN FRANCISCO;0;0;D;368
3;0;SIN CORREGIMIENTO;99;ALARCON;3-ALARCON;ALARCON;SI;A;25
3;0;SIN CORREGIMIENTO;99;ALARCON;3-ALARCON;ALARCON;SI;B;44
3;0;SIN CORREGIMIENTO;99;ALARCON;3-ALARCON;ALARCON;SI;C;124
3;0;SIN CORREGIMIENTO;99;ALARCON;3-ALARCON;ALARCON;SI;D;32
3;0;SIN CORREGIMIENTO;100;SAN ALONSO;3-SAN ALONSO;0;0;A;11
3;0;SIN CORREGIMIENTO;100;SAN ALONSO;3-SAN ALONSO;0;0;C;2
3;0;SIN CORREGIMIENTO;101;UNIVERSIDAD;3-UNIVERSIDAD;0;0;A;30
3;0;SIN CORREGIMIENTO;101;UNIVERSIDAD;3-UNIVERSIDAD;0;0;B;50
3;0;SIN CORREGIMIENTO;101;UNIVERSIDAD;3-UNIVERSIDAD;0;0;C;45
3;0;SIN CORREGIMIENTO;101;UNIVERSIDAD;3-UNIVERSIDAD;0;0;D;5
3;0;SIN CORREGIMIENTO;113;PUERTO RICO;3-PUERTO RICO;PUERTORICO;SI;A;27
3;0;SIN CORREGIMIENTO;113;PUERTO RICO;3-PUERTO RICO;PUERTORICO;SI;B;48
3;0;SIN CORREGIMIENTO;113;PUERTO RICO;3-PUERTO RICO;PUERTORICO;SI;C;69
3;0;SIN CORREGIMIENTO;113;PUERTO RICO;3-PUERTO RICO;PUERTORICO;SI;D;8
3;0;SIN CORREGIMIENTO;130;CENTRO;3-CENTRO;0;0;B;3
3;0;SIN CORREGIMIENTO;130;CENTRO;3-CENTRO;0;0;C;1
3;0;SIN CORREGIMIENTO;131;ANTONIA SANTOS CENTRO;3-ANTONIA SANTOS CENTRO;0;0;B;5
3;0;SIN CORREGIMIENTO;195;PABLO VI;3-PABLO VI;0;0;A;5
3;0;SIN CORREGIMIENTO;195;PABLO VI;3-PABLO VI;0;0;B;19
3;0;SIN CORREGIMIENTO;195;PABLO VI;3-PABLO VI;0;0;C;21
3;0;SIN CORREGIMIENTO;195;PABLO VI;3-PABLO VI;0;0;D;6
3;0;SIN CORREGIMIENTO;218;SAN EXPEDITO;3-SAN EXPEDITO;0;0;B;3
3;0;SIN CORREGIMIENTO;218;SAN EXPEDITO;3-SAN EXPEDITO;0;0;C;2
3;0;SIN CORREGIMIENTO;305;SAN VALENTIN;3-SAN VALENTIN;0;0;C;1
4;0;SIN CORREGIMIENTO;0;BARRIO_S4;4-BARRIO_S4;0;0;A;2
4;0;SIN CORREGIMIENTO;3;COLORADOS;4-COLORADOS;0;0;A;2
4;0;SIN CORREGIMIENTO;11;DIVINO NIÑO NORTE;4-DIVINO NIÑO NORTE;0;0;A;6
4;0;SIN CORREGIMIENTO;14;CAFE MADRID;4-CAFE MADRID;0;0;A;2
4;0;SIN CORREGIMIENTO;16;GALLINERAL;4-GALLINERAL;GALLINERAL;SI;A;186
4;0;SIN CORREGIMIENTO;16;GALLINERAL;4-GALLINERAL;GALLINERAL;SI;B;193
4;0;SIN CORREGIMIENTO;16;GALLINERAL;4-GALLINERAL;GALLINERAL;SI;C;66
4;0;SIN CORREGIMIENTO;16;GALLINERAL;4-GALLINERAL;GALLINERAL;SI;D;3
4;0;SIN CORREGIMIENTO;18;5 DE ENERO;4-5 DE ENERO;5 DE ENERO;SI;A;204
4;0;SIN CORREGIMIENTO;18;5 DE ENERO;4-5 DE ENERO;5 DE ENERO;SI;B;148
4;0;SIN CORREGIMIENTO;18;5 DE ENERO;4-5 DE ENERO;5 DE ENERO;SI;C;36
4;0;SIN CORREGIMIENTO;18;5 DE ENERO;4-5 DE ENERO;5 DE ENERO;SI;D;3
4;0;SIN CORREGIMIENTO;20;CARLOS PIZARRO;4-CARLOS PIZARRO;CARLOS PIZARRO;SI;A;56
4;0;SIN CORREGIMIENTO;20;CARLOS PIZARRO;4-CARLOS PIZARRO;CARLOS PIZARRO;SI;B;52
4;0;SIN CORREGIMIENTO;20;CARLOS PIZARRO;4-CARLOS PIZARRO;CARLOS PIZARRO;SI;C;24
4;0;SIN CORREGIMIENTO;20;CARLOS PIZARRO;4-CARLOS PIZARRO;CARLOS PIZARRO;SI;D;5
4;0;SIN CORREGIMIENTO;22;JOSE ANTONIO GALAN;4-JOSE ANTONIO GALAN;JOSE ANTONIO GALAN;SI;A;405
4;0;SIN CORREGIMIENTO;22;JOSE ANTONIO GALAN;4-JOSE ANTONIO GALAN;JOSE ANTONIO GALAN;SI;B;750
4;0;SIN CORREGIMIENTO;22;JOSE ANTONIO GALAN;4-JOSE ANTONIO GALAN;JOSE ANTONIO GALAN;SI;C;462
4;0;SIN CORREGIMIENTO;22;JOSE ANTONIO GALAN;4-JOSE ANTONIO GALAN;JOSE ANTONIO GALAN;SI;D;54
4;0;SIN CORREGIMIENTO;35;MINUTO DE DIOS;4-MINUTO DE DIOS;0;0;B;1
4;0;SIN CORREGIMIENTO;46;JOSE MARIA CORDOBA;4-JOSE MARIA CORDOBA;0;0;C;1
4;0;SIN CORREGIMIENTO;73;CINAL I II Y III;4-CINAL I II Y III;EL CINAL;SI;A;100
4;0;SIN CORREGIMIENTO;73;CINAL I II Y III;4-CINAL I II Y III;EL CINAL;SI;B;209
4;0;SIN CORREGIMIENTO;73;CINAL I II Y III;4-CINAL I II Y III;EL CINAL;SI;C;201
4;0;SIN CORREGIMIENTO;73;CINAL I II Y III;4-CINAL I II Y III;EL CINAL;SI;D;32
4;0;SIN CORREGIMIENTO;74;NORTE BAJO;4-NORTE BAJO;0;0;A;4
4;0;SIN CORREGIMIENTO;74;NORTE BAJO;4-NORTE BAJO;0;0;B;6
4;0;SIN CORREGIMIENTO;74;NORTE BAJO;4-NORTE BAJO;0;0;C;16
4;0;SIN CORREGIMIENTO;75;SAN RAFAEL;4-SAN RAFAEL;0;0;B;3
4;0;SIN CORREGIMIENTO;75;SAN RAFAEL;4-SAN RAFAEL;0;0;C;1
4;0;SIN CORREGIMIENTO;77;GAITAN;4-GAITAN;GAITAN;SI;A;511
4;0;SIN CORREGIMIENTO;77;GAITAN;4-GAITAN;GAITAN;SI;B;1467
4;0;SIN CORREGIMIENTO;77;GAITAN;4-GAITAN;GAITAN;SI;C;1532
4;0;SIN CORREGIMIENTO;77;GAITAN;4-GAITAN;GAITAN;SI;D;215
4;0;SIN CORREGIMIENTO;78;GRANADA;4-GRANADA;GRANADA;SI;A;57
4;0;SIN CORREGIMIENTO;78;GRANADA;4-GRANADA;GRANADA;SI;B;252
4;0;SIN CORREGIMIENTO;78;GRANADA;4-GRANADA;GRANADA;SI;C;355
4;0;SIN CORREGIMIENTO;78;GRANADA;4-GRANADA;GRANADA;SI;D;63
4;0;SIN CORREGIMIENTO;79;LA FERIA;4-LA FERIA;LA FERIA;SI;A;148
4;0;SIN CORREGIMIENTO;79;LA FERIA;4-LA FERIA;LA FERIA;SI;B;269
4;0;SIN CORREGIMIENTO;79;LA FERIA;4-LA FERIA;LA FERIA;SI;C;210
4;0;SIN CORREGIMIENTO;79;LA FERIA;4-LA FERIA;LA FERIA;SI;D;31
4;0;SIN CORREGIMIENTO;80;NAPOLES;4-NAPOLES;NAPOLES;SI;A;199
4;0;SIN CORREGIMIENTO;80;NAPOLES;4-NAPOLES;NAPOLES;SI;B;372
4;0;SIN CORREGIMIENTO;80;NAPOLES;4-NAPOLES;NAPOLES;SI;C;288
4;0;SIN CORREGIMIENTO;80;NAPOLES;4-NAPOLES;NAPOLES;SI;D;44
4;0;SIN CORREGIMIENTO;82;GIRARDOT;4-GIRARDOT;GIRARDOT;SI;A;668
4;0;SIN CORREGIMIENTO;82;GIRARDOT;4-GIRARDOT;GIRARDOT;SI;B;2029
4;0;SIN CORREGIMIENTO;82;GIRARDOT;4-GIRARDOT;GIRARDOT;SI;C;2128
4;0;SIN CORREGIMIENTO;82;GIRARDOT;4-GIRARDOT;GIRARDOT;SI;D;365
4;0;SIN CORREGIMIENTO;83;ZARABANDA;4-ZARABANDA;ZARABANDA;SI;A;149
4;0;SIN CORREGIMIENTO;83;ZARABANDA;4-ZARABANDA;ZARABANDA;SI;B;208
4;0;SIN CORREGIMIENTO;83;ZARABANDA;4-ZARABANDA;ZARABANDA;SI;C;138
4;0;SIN CORREGIMIENTO;83;ZARABANDA;4-ZARABANDA;ZARABANDA;SI;D;2
4;0;SIN CORREGIMIENTO;84;CUYANITA;4-CUYANITA;0;0;A;244
4;0;SIN CORREGIMIENTO;84;CUYANITA;4-CUYANITA;0;0;B;312
4;0;SIN CORREGIMIENTO;84;CUYANITA;4-CUYANITA;0;0;C;160
4;0;SIN CORREGIMIENTO;84;CUYANITA;4-CUYANITA;0;0;D;8
4;0;SIN CORREGIMIENTO;85;CAMILO TORRES;4-CAMILO TORRES;CAMILO TORRES;SI;A;169
4;0;SIN CORREGIMIENTO;85;CAMILO TORRES;4-CAMILO TORRES;CAMILO TORRES;SI;B;309
4;0;SIN CORREGIMIENTO;85;CAMILO TORRES;4-CAMILO TORRES;CAMILO TORRES;SI;C;187
4;0;SIN CORREGIMIENTO;85;CAMILO TORRES;4-CAMILO TORRES;CAMILO TORRES;SI;D;12
4;0;SIN CORREGIMIENTO;86;SANTANDER;4-SANTANDER;SANTANDER;SI;A;111
4;0;SIN CORREGIMIENTO;86;SANTANDER;4-SANTANDER;SANTANDER;SI;B;617
4;0;SIN CORREGIMIENTO;86;SANTANDER;4-SANTANDER;SANTANDER;SI;C;1016
4;0;SIN CORREGIMIENTO;86;SANTANDER;4-SANTANDER;SANTANDER;SI;D;255
4;0;SIN CORREGIMIENTO;87;DON BOSCO;4-DON BOSCO;DON BOSCO;SI;A;111
4;0;SIN CORREGIMIENTO;87;DON BOSCO;4-DON BOSCO;DON BOSCO;SI;B;350
4;0;SIN CORREGIMIENTO;87;DON BOSCO;4-DON BOSCO;DON BOSCO;SI;C;455
4;0;SIN CORREGIMIENTO;87;DON BOSCO;4-DON BOSCO;DON BOSCO;SI;D;69
4;0;SIN CORREGIMIENTO;89;NAPOLES CURTIEMBRE;4-NAPOLES CURTIEMBRE;0;0;A;113
4;0;SIN CORREGIMIENTO;89;NAPOLES CURTIEMBRE;4-NAPOLES CURTIEMBRE;0;0;B;219
4;0;SIN CORREGIMIENTO;89;NAPOLES CURTIEMBRE;4-NAPOLES CURTIEMBRE;0;0;C;77
4;0;SIN CORREGIMIENTO;89;NAPOLES CURTIEMBRE;4-NAPOLES CURTIEMBRE;0;0;D;23
4;0;SIN CORREGIMIENTO;90;LA GLORIA;4-LA GLORIA;LA GLORIA;SI;A;127
4;0;SIN CORREGIMIENTO;90;LA GLORIA;4-LA GLORIA;LA GLORIA;SI;B;428
4;0;SIN CORREGIMIENTO;90;LA GLORIA;4-LA GLORIA;LA GLORIA;SI;C;306
4;0;SIN CORREGIMIENTO;90;LA GLORIA;4-LA GLORIA;LA GLORIA;SI;D;27
4;0;SIN CORREGIMIENTO;92;NARIÑO;4-NARIÑO;NARIÑO;SI;A;330
4;0;SIN CORREGIMIENTO;92;NARIÑO;4-NARIÑO;NARIÑO;SI;B;900
4;0;SIN CORREGIMIENTO;92;NARIÑO;4-NARIÑO;NARIÑO;SI;C;620
4;0;SIN CORREGIMIENTO;92;NARIÑO;4-NARIÑO;NARIÑO;SI;D;47
4;0;SIN CORREGIMIENTO;93;PIO XII;4-PIO XII;SIN GEOJSON;SI;A;29
4;0;SIN CORREGIMIENTO;93;PIO XII;4-PIO XII;SIN GEOJSON;SI;B;108
4;0;SIN CORREGIMIENTO;93;PIO XII;4-PIO XII;SIN GEOJSON;SI;C;127
4;0;SIN CORREGIMIENTO;93;PIO XII;4-PIO XII;SIN GEOJSON;SI;D;35
4;0;SIN CORREGIMIENTO;98;SAN FRANCISCO;4-SAN FRANCISCO;0;0;B;1
4;0;SIN CORREGIMIENTO;99;ALARCON;4-ALARCON;0;0;A;5
4;0;SIN CORREGIMIENTO;99;ALARCON;4-ALARCON;0;0;B;7
4;0;SIN CORREGIMIENTO;99;ALARCON;4-ALARCON;0;0;C;10
4;0;SIN CORREGIMIENTO;119;GALAN;4-GALAN;0;0;A;18
4;0;SIN CORREGIMIENTO;119;GALAN;4-GALAN;0;0;B;13
4;0;SIN CORREGIMIENTO;119;GALAN;4-GALAN;0;0;C;1
4;0;SIN CORREGIMIENTO;130;CENTRO;4-CENTRO;0;0;B;1
4;0;SIN CORREGIMIENTO;131;ANTONIA SANTOS CENTRO;4-ANTONIA SANTOS CENTRO;0;0;C;1
4;0;SIN CORREGIMIENTO;136;SOTOMAYOR;4-SOTOMAYOR;0;0;C;1
4;0;SIN CORREGIMIENTO;141;GARCIA ROVIRA;4-GARCIA ROVIRA;0;0;A;16
4;0;SIN CORREGIMIENTO;141;GARCIA ROVIRA;4-GARCIA ROVIRA;0;0;B;4
4;0;SIN CORREGIMIENTO;141;GARCIA ROVIRA;4-GARCIA ROVIRA;0;0;C;5
4;0;SIN CORREGIMIENTO;141;GARCIA ROVIRA;4-GARCIA ROVIRA;0;0;D;1
4;0;SIN CORREGIMIENTO;142;ALFONSO LOPEZ;4-ALFONSO LOPEZ;0;0;A;4
4;0;SIN CORREGIMIENTO;145;CAMPO HERMOSO;4-CAMPO HERMOSO;0;0;A;1
4;0;SIN CORREGIMIENTO;154;EL PANTANO II;4-EL PANTANO II;0;0;A;10
4;0;SIN CORREGIMIENTO;154;EL PANTANO II;4-EL PANTANO II;0;0;B;12
4;0;SIN CORREGIMIENTO;154;EL PANTANO II;4-EL PANTANO II;0;0;C;27
4;0;SIN CORREGIMIENTO;193;NUEVA GRANADA;4-NUEVA GRANADA;0;0;A;10
4;0;SIN CORREGIMIENTO;193;NUEVA GRANADA;4-NUEVA GRANADA;0;0;B;29
4;0;SIN CORREGIMIENTO;193;NUEVA GRANADA;4-NUEVA GRANADA;0;0;C;22
4;0;SIN CORREGIMIENTO;193;NUEVA GRANADA;4-NUEVA GRANADA;0;0;D;6
4;0;SIN CORREGIMIENTO;232;DANGOND;4-DANGOND;0;0;A;3
4;0;SIN CORREGIMIENTO;232;DANGOND;4-DANGOND;0;0;B;23
4;0;SIN CORREGIMIENTO;232;DANGOND;4-DANGOND;0;0;C;1
4;0;SIN CORREGIMIENTO;240;IGSABELAR;4-IGSABELAR;0;0;A;3
4;0;SIN CORREGIMIENTO;240;IGSABELAR;4-IGSABELAR;0;0;B;8
4;0;SIN CORREGIMIENTO;240;IGSABELAR;4-IGSABELAR;0;0;C;4
4;0;SIN CORREGIMIENTO;240;IGSABELAR;4-IGSABELAR;0;0;D;2
4;0;SIN CORREGIMIENTO;278;12 DE OCTUBRE;4-12 DE OCTUBRE;12 DE OCTUBRE;SI;A;152
4;0;SIN CORREGIMIENTO;278;12 DE OCTUBRE;4-12 DE OCTUBRE;12 DE OCTUBRE;SI;B;579
4;0;SIN CORREGIMIENTO;278;12 DE OCTUBRE;4-12 DE OCTUBRE;12 DE OCTUBRE;SI;C;451
4;0;SIN CORREGIMIENTO;278;12 DE OCTUBRE;4-12 DE OCTUBRE;12 DE OCTUBRE;SI;D;48
4;0;SIN CORREGIMIENTO;279;DIVINO NIÑO CENTRO ;4-DIVINO NIÑO CENTRO ;DIVINO NIÑO;SI;A;153
4;0;SIN CORREGIMIENTO;279;DIVINO NIÑO CENTRO ;4-DIVINO NIÑO CENTRO ;DIVINO NIÑO;SI;B;212
4;0;SIN CORREGIMIENTO;279;DIVINO NIÑO CENTRO ;4-DIVINO NIÑO CENTRO ;DIVINO NIÑO;SI;C;112
4;0;SIN CORREGIMIENTO;279;DIVINO NIÑO CENTRO ;4-DIVINO NIÑO CENTRO ;DIVINO NIÑO;SI;D;6
4;0;SIN CORREGIMIENTO;280;RESERVA DE LA INMACULADA;4-RESERVA DE LA INMACULADA;SIN GEOJSON;SI;A;63
4;0;SIN CORREGIMIENTO;280;RESERVA DE LA INMACULADA;4-RESERVA DE LA INMACULADA;SIN GEOJSON;SI;B;437
4;0;SIN CORREGIMIENTO;280;RESERVA DE LA INMACULADA;4-RESERVA DE LA INMACULADA;SIN GEOJSON;SI;C;809
4;0;SIN CORREGIMIENTO;280;RESERVA DE LA INMACULADA;4-RESERVA DE LA INMACULADA;SIN GEOJSON;SI;D;208
4;0;SIN CORREGIMIENTO;307;MILAGRO DE DIOS;4-MILAGRO DE DIOS;0;0;A;163
4;0;SIN CORREGIMIENTO;307;MILAGRO DE DIOS;4-MILAGRO DE DIOS;0;0;B;424
4;0;SIN CORREGIMIENTO;307;MILAGRO DE DIOS;4-MILAGRO DE DIOS;0;0;C;194
4;0;SIN CORREGIMIENTO;307;MILAGRO DE DIOS;4-MILAGRO DE DIOS;0;0;D;27
4;0;SIN CORREGIMIENTO;325;MARIA AUXILIADORA;4-MARIA AUXILIADORA;0;0;A;38
4;0;SIN CORREGIMIENTO;325;MARIA AUXILIADORA;4-MARIA AUXILIADORA;0;0;B;48
4;0;SIN CORREGIMIENTO;325;MARIA AUXILIADORA;4-MARIA AUXILIADORA;0;0;C;31
4;0;SIN CORREGIMIENTO;325;MARIA AUXILIADORA;4-MARIA AUXILIADORA;0;0;D;8
4;0;SIN CORREGIMIENTO;333;23 DE JUNIO;4-23 DE JUNIO;23 DE JUNIO;SI;A;51
4;0;SIN CORREGIMIENTO;333;23 DE JUNIO;4-23 DE JUNIO;23 DE JUNIO;SI;B;242
4;0;SIN CORREGIMIENTO;333;23 DE JUNIO;4-23 DE JUNIO;23 DE JUNIO;SI;C;256
4;0;SIN CORREGIMIENTO;333;23 DE JUNIO;4-23 DE JUNIO;23 DE JUNIO;SI;D;47
4;0;SIN CORREGIMIENTO;345;PASEO DE LA FERIA;4-PASEO DE LA FERIA;0;0;A;67
4;0;SIN CORREGIMIENTO;345;PASEO DE LA FERIA;4-PASEO DE LA FERIA;0;0;B;473
4;0;SIN CORREGIMIENTO;345;PASEO DE LA FERIA;4-PASEO DE LA FERIA;0;0;C;692
4;0;SIN CORREGIMIENTO;345;PASEO DE LA FERIA;4-PASEO DE LA FERIA;0;0;D;120
4;0;SIN CORREGIMIENTO;356;BAVARIA;4-BAVARIA;0;0;A;6
4;0;SIN CORREGIMIENTO;359;GETSEMANI;4-GETSEMANI;0;0;B;1
4;0;SIN CORREGIMIENTO;365;VILLAS DE GIRARDOT;4-VILLAS DE GIRARDOT;VILLAS DE GIRARDOT;SI;A;802
4;0;SIN CORREGIMIENTO;365;VILLAS DE GIRARDOT;4-VILLAS DE GIRARDOT;VILLAS DE GIRARDOT;SI;B;917
4;0;SIN CORREGIMIENTO;365;VILLAS DE GIRARDOT;4-VILLAS DE GIRARDOT;VILLAS DE GIRARDOT;SI;C;311
4;0;SIN CORREGIMIENTO;365;VILLAS DE GIRARDOT;4-VILLAS DE GIRARDOT;VILLAS DE GIRARDOT;SI;D;19
4;0;SIN CORREGIMIENTO;368;URBANIZACION LA INMACULADA;4-URBANIZACION LA INMACULADA;0;0;A;431
4;0;SIN CORREGIMIENTO;368;URBANIZACION LA INMACULADA;4-URBANIZACION LA INMACULADA;0;0;B;1162
4;0;SIN CORREGIMIENTO;368;URBANIZACION LA INMACULADA;4-URBANIZACION LA INMACULADA;0;0;C;706
4;0;SIN CORREGIMIENTO;368;URBANIZACION LA INMACULADA;4-URBANIZACION LA INMACULADA;0;0;D;117
4;0;SIN CORREGIMIENTO;999999;BARRIO_S4;4-BARRIO_S4;0;0;D;1
5;0;SIN CORREGIMIENTO;17;RINCON DE LA PAZ;5-RINCON DE LA PAZ;RINCON DE LA PAZ;SI;A;248
5;0;SIN CORREGIMIENTO;17;RINCON DE LA PAZ;5-RINCON DE LA PAZ;RINCON DE LA PAZ;SI;B;416
5;0;SIN CORREGIMIENTO;17;RINCON DE LA PAZ;5-RINCON DE LA PAZ;RINCON DE LA PAZ;SI;C;245
5;0;SIN CORREGIMIENTO;17;RINCON DE LA PAZ;5-RINCON DE LA PAZ;RINCON DE LA PAZ;SI;D;37
5;0;SIN CORREGIMIENTO;82;GIRARDOT;5-GIRARDOT;0;0;B;2
5;0;SIN CORREGIMIENTO;141;GARCIA ROVIRA;5-GARCIA ROVIRA;0;0;A;3
5;0;SIN CORREGIMIENTO;141;GARCIA ROVIRA;5-GARCIA ROVIRA;0;0;B;14
5;0;SIN CORREGIMIENTO;141;GARCIA ROVIRA;5-GARCIA ROVIRA;0;0;C;35
5;0;SIN CORREGIMIENTO;141;GARCIA ROVIRA;5-GARCIA ROVIRA;0;0;D;12
5;0;SIN CORREGIMIENTO;142;ALFONSO LOPEZ;5-ALFONSO LOPEZ;0;0;A;287
5;0;SIN CORREGIMIENTO;142;ALFONSO LOPEZ;5-ALFONSO LOPEZ;0;0;B;1114
5;0;SIN CORREGIMIENTO;142;ALFONSO LOPEZ;5-ALFONSO LOPEZ;0;0;C;1498
5;0;SIN CORREGIMIENTO;142;ALFONSO LOPEZ;5-ALFONSO LOPEZ;0;0;D;441
5;0;SIN CORREGIMIENTO;143;LA JOYA;5-LA JOYA;0;0;A;174
5;0;SIN CORREGIMIENTO;143;LA JOYA;5-LA JOYA;0;0;B;664
5;0;SIN CORREGIMIENTO;143;LA JOYA;5-LA JOYA;0;0;C;988
5;0;SIN CORREGIMIENTO;143;LA JOYA;5-LA JOYA;0;0;D;200
5;0;SIN CORREGIMIENTO;144;CHORRERAS DE DON JUAN;5-CHORRERAS DE DON JUAN;0;0;A;39
5;0;SIN CORREGIMIENTO;144;CHORRERAS DE DON JUAN;5-CHORRERAS DE DON JUAN;0;0;B;208
5;0;SIN CORREGIMIENTO;144;CHORRERAS DE DON JUAN;5-CHORRERAS DE DON JUAN;0;0;C;341
5;0;SIN CORREGIMIENTO;144;CHORRERAS DE DON JUAN;5-CHORRERAS DE DON JUAN;0;0;D;72
5;0;SIN CORREGIMIENTO;145;CAMPO HERMOSO;5-CAMPO HERMOSO;0;0;A;685
5;0;SIN CORREGIMIENTO;145;CAMPO HERMOSO;5-CAMPO HERMOSO;0;0;B;2354
5;0;SIN CORREGIMIENTO;145;CAMPO HERMOSO;5-CAMPO HERMOSO;0;0;C;3101
5;0;SIN CORREGIMIENTO;145;CAMPO HERMOSO;5-CAMPO HERMOSO;0;0;D;736
5;0;SIN CORREGIMIENTO;146;LA ESMERALDA;5-LA ESMERALDA;0;0;A;10
5;0;SIN CORREGIMIENTO;146;LA ESMERALDA;5-LA ESMERALDA;0;0;B;127
5;0;SIN CORREGIMIENTO;146;LA ESMERALDA;5-LA ESMERALDA;0;0;C;167
5;0;SIN CORREGIMIENTO;146;LA ESMERALDA;5-LA ESMERALDA;0;0;D;30
5;0;SIN CORREGIMIENTO;149;PRIMERO DE MAYO;5-PRIMERO DE MAYO;0;0;A;33
5;0;SIN CORREGIMIENTO;149;PRIMERO DE MAYO;5-PRIMERO DE MAYO;0;0;B;271
5;0;SIN CORREGIMIENTO;149;PRIMERO DE MAYO;5-PRIMERO DE MAYO;0;0;C;474
5;0;SIN CORREGIMIENTO;149;PRIMERO DE MAYO;5-PRIMERO DE MAYO;0;0;D;119
5;0;SIN CORREGIMIENTO;150;VILLAS DEL ROMERO;5-VILLAS DEL ROMERO;0;0;C;1
5;0;SIN CORREGIMIENTO;151;LA ESTRELLA;5-LA ESTRELLA;0;0;B;1
5;0;SIN CORREGIMIENTO;151;LA ESTRELLA;5-LA ESTRELLA;0;0;D;2
5;0;SIN CORREGIMIENTO;152;QUINTA ESTRELLA;5-QUINTA ESTRELLA;0;0;A;53
5;0;SIN CORREGIMIENTO;152;QUINTA ESTRELLA;5-QUINTA ESTRELLA;0;0;B;104
5;0;SIN CORREGIMIENTO;152;QUINTA ESTRELLA;5-QUINTA ESTRELLA;0;0;C;314
5;0;SIN CORREGIMIENTO;152;QUINTA ESTRELLA;5-QUINTA ESTRELLA;0;0;D;83
5;0;SIN CORREGIMIENTO;153;EL PANTANO I;5-EL PANTANO I;0;0;A;42
5;0;SIN CORREGIMIENTO;153;EL PANTANO I;5-EL PANTANO I;0;0;B;133
5;0;SIN CORREGIMIENTO;153;EL PANTANO I;5-EL PANTANO I;0;0;C;95
5;0;SIN CORREGIMIENTO;153;EL PANTANO I;5-EL PANTANO I;0;0;D;8
5;0;SIN CORREGIMIENTO;154;EL PANTANO II;5-EL PANTANO II;0;0;A;71
5;0;SIN CORREGIMIENTO;154;EL PANTANO II;5-EL PANTANO II;0;0;B;240
5;0;SIN CORREGIMIENTO;154;EL PANTANO II;5-EL PANTANO II;0;0;C;214
5;0;SIN CORREGIMIENTO;154;EL PANTANO II;5-EL PANTANO II;0;0;D;31
5;0;SIN CORREGIMIENTO;155;EL PANTANO III;5-EL PANTANO III;0;0;A;63
5;0;SIN CORREGIMIENTO;155;EL PANTANO III;5-EL PANTANO III;0;0;B;161
5;0;SIN CORREGIMIENTO;155;EL PANTANO III;5-EL PANTANO III;0;0;C;79
5;0;SIN CORREGIMIENTO;155;EL PANTANO III;5-EL PANTANO III;0;0;D;10
5;0;SIN CORREGIMIENTO;168;FUNDADORES I Y II;5-FUNDADORES I Y II;0;0;B;1
5;0;SIN CORREGIMIENTO;173;ESTORAQUES;5-ESTORAQUES;0;0;A;222
5;0;SIN CORREGIMIENTO;173;ESTORAQUES;5-ESTORAQUES;0;0;B;682
5;0;SIN CORREGIMIENTO;173;ESTORAQUES;5-ESTORAQUES;0;0;C;661
5;0;SIN CORREGIMIENTO;173;ESTORAQUES;5-ESTORAQUES;0;0;D;89
5;0;SIN CORREGIMIENTO;175;PUNTA ESTRELLA;5-PUNTA ESTRELLA;0;0;A;5
5;0;SIN CORREGIMIENTO;175;PUNTA ESTRELLA;5-PUNTA ESTRELLA;0;0;B;7
5;0;SIN CORREGIMIENTO;175;PUNTA ESTRELLA;5-PUNTA ESTRELLA;0;0;C;7
5;0;SIN CORREGIMIENTO;192;LA SALLE;5-LA SALLE;0;0;B;5
5;0;SIN CORREGIMIENTO;285;URBANIZACION LOS BUCAROS;5-URBANIZACION LOS BUCAROS;0;0;B;12
5;0;SIN CORREGIMIENTO;285;URBANIZACION LOS BUCAROS;5-URBANIZACION LOS BUCAROS;0;0;C;13
5;0;SIN CORREGIMIENTO;285;URBANIZACION LOS BUCAROS;5-URBANIZACION LOS BUCAROS;0;0;D;13
5;0;SIN CORREGIMIENTO;296;LA PARCELA;5-LA PARCELA;0;0;C;1
5;0;SIN CORREGIMIENTO;301;CERVUNION;5-CERVUNION;0;0;C;1
5;0;SIN CORREGIMIENTO;328;CAMPESTRE NORTE ;5-CAMPESTRE NORTE ;0;0;B;2
5;0;SIN CORREGIMIENTO;329;VILLA DEL PRADO;5-VILLA DEL PRADO;0;0;A;9
5;0;SIN CORREGIMIENTO;329;VILLA DEL PRADO;5-VILLA DEL PRADO;0;0;B;47
5;0;SIN CORREGIMIENTO;329;VILLA DEL PRADO;5-VILLA DEL PRADO;0;0;C;70
5;0;SIN CORREGIMIENTO;329;VILLA DEL PRADO;5-VILLA DEL PRADO;0;0;D;20
5;0;SIN CORREGIMIENTO;336;12 DE FEBRERO;5-12 DE FEBRERO;NO;0;B;4
5;0;SIN CORREGIMIENTO;336;12 DE FEBRERO;5-12 DE FEBRERO;NO;0;C;10
5;0;SIN CORREGIMIENTO;370;CAMPO MADRID;5-CAMPO MADRID;0;0;B;1
5;0;SIN CORREGIMIENTO;370;CAMPO MADRID;5-CAMPO MADRID;0;0;C;2
6;0;SIN CORREGIMIENTO;99;ALARCON;6-ALARCON;0;0;A;3
6;0;SIN CORREGIMIENTO;130;CENTRO;6-CENTRO;0;0;A;6
6;0;SIN CORREGIMIENTO;135;LA CONCORDIA;6-LA CONCORDIA;0;0;A;96
6;0;SIN CORREGIMIENTO;135;LA CONCORDIA;6-LA CONCORDIA;0;0;B;277
6;0;SIN CORREGIMIENTO;135;LA CONCORDIA;6-LA CONCORDIA;0;0;C;275
6;0;SIN CORREGIMIENTO;135;LA CONCORDIA;6-LA CONCORDIA;0;0;D;82
6;0;SIN CORREGIMIENTO;137;NUEVO SOTOMAYOR;6-NUEVO SOTOMAYOR;0;0;C;2
6;0;SIN CORREGIMIENTO;137;NUEVO SOTOMAYOR;6-NUEVO SOTOMAYOR;0;0;D;3
6;0;SIN CORREGIMIENTO;144;CHORRERAS DE DON JUAN;6-CHORRERAS DE DON JUAN;0;0;A;10
6;0;SIN CORREGIMIENTO;144;CHORRERAS DE DON JUAN;6-CHORRERAS DE DON JUAN;0;0;B;50
6;0;SIN CORREGIMIENTO;144;CHORRERAS DE DON JUAN;6-CHORRERAS DE DON JUAN;0;0;C;56
6;0;SIN CORREGIMIENTO;144;CHORRERAS DE DON JUAN;6-CHORRERAS DE DON JUAN;0;0;D;7
6;0;SIN CORREGIMIENTO;145;CAMPO HERMOSO;6-CAMPO HERMOSO;0;0;A;5
6;0;SIN CORREGIMIENTO;156;CANDILES;6-CANDILES;0;0;A;33
6;0;SIN CORREGIMIENTO;156;CANDILES;6-CANDILES;0;0;B;184
6;0;SIN CORREGIMIENTO;156;CANDILES;6-CANDILES;0;0;C;295
6;0;SIN CORREGIMIENTO;156;CANDILES;6-CANDILES;0;0;D;89
6;0;SIN CORREGIMIENTO;157;SAN MIGUEL;6-SAN MIGUEL;0;0;A;66
6;0;SIN CORREGIMIENTO;157;SAN MIGUEL;6-SAN MIGUEL;0;0;B;312
6;0;SIN CORREGIMIENTO;157;SAN MIGUEL;6-SAN MIGUEL;0;0;C;565
6;0;SIN CORREGIMIENTO;157;SAN MIGUEL;6-SAN MIGUEL;0;0;D;147
6;0;SIN CORREGIMIENTO;158;GOMEZ NIÑO;6-GOMEZ NIÑO;0;0;A;8
6;0;SIN CORREGIMIENTO;158;GOMEZ NIÑO;6-GOMEZ NIÑO;0;0;B;19
6;0;SIN CORREGIMIENTO;158;GOMEZ NIÑO;6-GOMEZ NIÑO;0;0;C;17
6;0;SIN CORREGIMIENTO;159;RICAURTE;6-RICAURTE;0;0;A;20
6;0;SIN CORREGIMIENTO;159;RICAURTE;6-RICAURTE;0;0;B;184
6;0;SIN CORREGIMIENTO;159;RICAURTE;6-RICAURTE;0;0;C;311
6;0;SIN CORREGIMIENTO;159;RICAURTE;6-RICAURTE;0;0;D;86
6;0;SIN CORREGIMIENTO;160;LA CEIBA;6-LA CEIBA;0;0;A;6
6;0;SIN CORREGIMIENTO;160;LA CEIBA;6-LA CEIBA;0;0;B;2
6;0;SIN CORREGIMIENTO;160;LA CEIBA;6-LA CEIBA;0;0;C;10
6;0;SIN CORREGIMIENTO;162;CIUDADELA REAL DE MINAS ;6-CIUDADELA REAL DE MINAS ;0;0;C;1
6;0;SIN CORREGIMIENTO;180;CANELOS;6-CANELOS;0;0;C;2
6;0;SIN CORREGIMIENTO;180;CANELOS;6-CANELOS;0;0;D;4
6;0;SIN CORREGIMIENTO;191;LA VICTORIA;6-LA VICTORIA;0;0;A;6
6;0;SIN CORREGIMIENTO;191;LA VICTORIA;6-LA VICTORIA;0;0;B;29
6;0;SIN CORREGIMIENTO;191;LA VICTORIA;6-LA VICTORIA;0;0;C;15
6;0;SIN CORREGIMIENTO;191;LA VICTORIA;6-LA VICTORIA;0;0;D;4
6;0;SIN CORREGIMIENTO;194;CORDONCILLO I;6-CORDONCILLO I;0;0;A;4
6;0;SIN CORREGIMIENTO;194;CORDONCILLO I;6-CORDONCILLO I;0;0;B;3
6;0;SIN CORREGIMIENTO;194;CORDONCILLO I;6-CORDONCILLO I;0;0;C;2
6;0;SIN CORREGIMIENTO;195;PABLO VI;6-PABLO VI;0;0;A;9
6;0;SIN CORREGIMIENTO;195;PABLO VI;6-PABLO VI;0;0;B;2
6;0;SIN CORREGIMIENTO;195;PABLO VI;6-PABLO VI;0;0;C;1
6;0;SIN CORREGIMIENTO;274;BOLIVAR;6-BOLIVAR;0;0;C;1
6;0;SIN CORREGIMIENTO;286;MACAREGUA;6-MACAREGUA;0;0;C;2
6;0;SIN CORREGIMIENTO;308;LA CUÑITA;6-LA CUÑITA;0;0;C;1
7;0;SIN CORREGIMIENTO;131;ANTONIA SANTOS CENTRO;7-ANTONIA SANTOS CENTRO;0;0;B;2
7;0;SIN CORREGIMIENTO;158;GOMEZ NIÑO;7-GOMEZ NIÑO;0;0;B;5
7;0;SIN CORREGIMIENTO;159;RICAURTE;7-RICAURTE;0;0;C;2
7;0;SIN CORREGIMIENTO;162;CIUDADELA REAL DE MINAS ;7-CIUDADELA REAL DE MINAS ;0;0;A;11
7;0;SIN CORREGIMIENTO;162;CIUDADELA REAL DE MINAS ;7-CIUDADELA REAL DE MINAS ;0;0;B;37
7;0;SIN CORREGIMIENTO;162;CIUDADELA REAL DE MINAS ;7-CIUDADELA REAL DE MINAS ;0;0;C;15
7;0;SIN CORREGIMIENTO;162;CIUDADELA REAL DE MINAS ;7-CIUDADELA REAL DE MINAS ;0;0;D;5
7;0;SIN CORREGIMIENTO;163;BALCONCITOS;7-BALCONCITOS;0;0;A;35
7;0;SIN CORREGIMIENTO;163;BALCONCITOS;7-BALCONCITOS;0;0;B;146
7;0;SIN CORREGIMIENTO;163;BALCONCITOS;7-BALCONCITOS;0;0;C;241
7;0;SIN CORREGIMIENTO;163;BALCONCITOS;7-BALCONCITOS;0;0;D;59
7;0;SIN CORREGIMIENTO;164;MUTIS;7-MUTIS;0;0;B;3
7;0;SIN CORREGIMIENTO;164;MUTIS;7-MUTIS;0;0;C;1
7;0;SIN CORREGIMIENTO;164;MUTIS;7-MUTIS;0;0;D;3
7;0;SIN CORREGIMIENTO;171;CIUDAD BOLIVAR;7-CIUDAD BOLIVAR;0;0;A;20
7;0;SIN CORREGIMIENTO;171;CIUDAD BOLIVAR;7-CIUDAD BOLIVAR;0;0;B;30
7;0;SIN CORREGIMIENTO;171;CIUDAD BOLIVAR;7-CIUDAD BOLIVAR;0;0;C;43
7;0;SIN CORREGIMIENTO;171;CIUDAD BOLIVAR;7-CIUDAD BOLIVAR;0;0;D;6
7;0;SIN CORREGIMIENTO;177;LOS ALMENDROS;7-LOS ALMENDROS;0;0;A;9
7;0;SIN CORREGIMIENTO;177;LOS ALMENDROS;7-LOS ALMENDROS;0;0;B;1
7;0;SIN CORREGIMIENTO;177;LOS ALMENDROS;7-LOS ALMENDROS;0;0;D;3
7;0;SIN CORREGIMIENTO;178;SAN GERARDO I Y II;7-SAN GERARDO I Y II;0;0;A;21
7;0;SIN CORREGIMIENTO;178;SAN GERARDO I Y II;7-SAN GERARDO I Y II;0;0;B;18
7;0;SIN CORREGIMIENTO;178;SAN GERARDO I Y II;7-SAN GERARDO I Y II;0;0;C;9
7;0;SIN CORREGIMIENTO;180;CANELOS;7-CANELOS;0;0;B;1
7;0;SIN CORREGIMIENTO;180;CANELOS;7-CANELOS;0;0;C;1
7;0;SIN CORREGIMIENTO;182;BUCARAMANGA;7-BUCARAMANGA;0;0;A;6
7;0;SIN CORREGIMIENTO;182;BUCARAMANGA;7-BUCARAMANGA;0;0;B;6
7;0;SIN CORREGIMIENTO;182;BUCARAMANGA;7-BUCARAMANGA;0;0;C;6
7;0;SIN CORREGIMIENTO;184;LAURELES;7-LAURELES;0;0;C;1
7;0;SIN CORREGIMIENTO;187;LOS NARANJOS;7-LOS NARANJOS;0;0;B;5
7;0;SIN CORREGIMIENTO;187;LOS NARANJOS;7-LOS NARANJOS;0;0;C;4
7;0;SIN CORREGIMIENTO;187;LOS NARANJOS;7-LOS NARANJOS;0;0;D;1
7;0;SIN CORREGIMIENTO;189;SAMANES;7-SAMANES;0;0;B;2
7;0;SIN CORREGIMIENTO;189;SAMANES;7-SAMANES;0;0;C;4
7;0;SIN CORREGIMIENTO;273;BALCONES DE GRATAMIRA;7-BALCONES DE GRATAMIRA;0;0;B;2
7;0;SIN CORREGIMIENTO;273;BALCONES DE GRATAMIRA;7-BALCONES DE GRATAMIRA;0;0;C;6
7;0;SIN CORREGIMIENTO;286;MACAREGUA;7-MACAREGUA;0;0;C;1
8;0;SIN CORREGIMIENTO;12;CAFE MADRID EL TUNEL;8-CAFE MADRID EL TUNEL;0;0;B;2
8;0;SIN CORREGIMIENTO;18;5 DE ENERO;8-5 DE ENERO;0;0;B;2
8;0;SIN CORREGIMIENTO;35;MINUTO DE DIOS;8-MINUTO DE DIOS;0;0;A;3
8;0;SIN CORREGIMIENTO;115;BUENAVISTA;8-BUENAVISTA;0;0;C;3
8;0;SIN CORREGIMIENTO;160;LA CEIBA;8-LA CEIBA;0;0;C;4
8;0;SIN CORREGIMIENTO;178;SAN GERARDO I Y II;8-SAN GERARDO I Y II;0;0;A;317
8;0;SIN CORREGIMIENTO;178;SAN GERARDO I Y II;8-SAN GERARDO I Y II;0;0;B;817
8;0;SIN CORREGIMIENTO;178;SAN GERARDO I Y II;8-SAN GERARDO I Y II;0;0;C;748
8;0;SIN CORREGIMIENTO;178;SAN GERARDO I Y II;8-SAN GERARDO I Y II;0;0;D;123
8;0;SIN CORREGIMIENTO;179;COLOMBIA;8-COLOMBIA;0;0;A;37
8;0;SIN CORREGIMIENTO;179;COLOMBIA;8-COLOMBIA;0;0;B;122
8;0;SIN CORREGIMIENTO;179;COLOMBIA;8-COLOMBIA;0;0;C;118
8;0;SIN CORREGIMIENTO;179;COLOMBIA;8-COLOMBIA;0;0;D;10
8;0;SIN CORREGIMIENTO;180;CANELOS;8-CANELOS;0;0;A;54
8;0;SIN CORREGIMIENTO;180;CANELOS;8-CANELOS;0;0;B;361
8;0;SIN CORREGIMIENTO;180;CANELOS;8-CANELOS;0;0;C;606
8;0;SIN CORREGIMIENTO;180;CANELOS;8-CANELOS;0;0;D;187
8;0;SIN CORREGIMIENTO;181;MANZANA 10;8-MANZANA 10;0;0;A;49
8;0;SIN CORREGIMIENTO;181;MANZANA 10;8-MANZANA 10;0;0;B;131
8;0;SIN CORREGIMIENTO;181;MANZANA 10;8-MANZANA 10;0;0;C;72
8;0;SIN CORREGIMIENTO;181;MANZANA 10;8-MANZANA 10;0;0;D;25
8;0;SIN CORREGIMIENTO;182;BUCARAMANGA;8-BUCARAMANGA;0;0;A;469
8;0;SIN CORREGIMIENTO;182;BUCARAMANGA;8-BUCARAMANGA;0;0;B;1422
8;0;SIN CORREGIMIENTO;182;BUCARAMANGA;8-BUCARAMANGA;0;0;C;1548
8;0;SIN CORREGIMIENTO;182;BUCARAMANGA;8-BUCARAMANGA;0;0;D;244
8;0;SIN CORREGIMIENTO;183;PEÑON DEL VALLE;8-PEÑON DEL VALLE;0;0;B;3
8;0;SIN CORREGIMIENTO;183;PEÑON DEL VALLE;8-PEÑON DEL VALLE;0;0;C;2
8;0;SIN CORREGIMIENTO;184;LAURELES;8-LAURELES;0;0;A;112
8;0;SIN CORREGIMIENTO;184;LAURELES;8-LAURELES;0;0;B;221
8;0;SIN CORREGIMIENTO;184;LAURELES;8-LAURELES;0;0;C;116
8;0;SIN CORREGIMIENTO;184;LAURELES;8-LAURELES;0;0;D;8
8;0;SIN CORREGIMIENTO;185;CORDONCILLO II;8-CORDONCILLO II;0;0;A;22
8;0;SIN CORREGIMIENTO;185;CORDONCILLO II;8-CORDONCILLO II;0;0;B;155
8;0;SIN CORREGIMIENTO;185;CORDONCILLO II;8-CORDONCILLO II;0;0;C;109
8;0;SIN CORREGIMIENTO;185;CORDONCILLO II;8-CORDONCILLO II;0;0;D;19
8;0;SIN CORREGIMIENTO;191;LA VICTORIA;8-LA VICTORIA;0;0;B;4
8;0;SIN CORREGIMIENTO;191;LA VICTORIA;8-LA VICTORIA;0;0;C;3
8;0;SIN CORREGIMIENTO;194;CORDONCILLO I;8-CORDONCILLO I;0;0;A;207
8;0;SIN CORREGIMIENTO;194;CORDONCILLO I;8-CORDONCILLO I;0;0;B;330
8;0;SIN CORREGIMIENTO;194;CORDONCILLO I;8-CORDONCILLO I;0;0;C;254
8;0;SIN CORREGIMIENTO;194;CORDONCILLO I;8-CORDONCILLO I;0;0;D;47
8;0;SIN CORREGIMIENTO;195;PABLO VI;8-PABLO VI;0;0;A;323
8;0;SIN CORREGIMIENTO;195;PABLO VI;8-PABLO VI;0;0;B;752
8;0;SIN CORREGIMIENTO;195;PABLO VI;8-PABLO VI;0;0;C;974
8;0;SIN CORREGIMIENTO;195;PABLO VI;8-PABLO VI;0;0;D;182
8;0;SIN CORREGIMIENTO;196;AFRIKA;8-AFRIKA;ASENTAMIENTO EL AFRICA;0;A;40
8;0;SIN CORREGIMIENTO;196;AFRIKA;8-AFRIKA;ASENTAMIENTO EL AFRICA;0;B;113
8;0;SIN CORREGIMIENTO;196;AFRIKA;8-AFRIKA;ASENTAMIENTO EL AFRICA;0;C;104
8;0;SIN CORREGIMIENTO;196;AFRIKA;8-AFRIKA;ASENTAMIENTO EL AFRICA;0;D;4
8;0;SIN CORREGIMIENTO;197;20 DE JULIO;8-20 DE JULIO;ASENTAMIENTO 20 DE JULIO;0;A;18
8;0;SIN CORREGIMIENTO;197;20 DE JULIO;8-20 DE JULIO;ASENTAMIENTO 20 DE JULIO;0;B;42
8;0;SIN CORREGIMIENTO;197;20 DE JULIO;8-20 DE JULIO;ASENTAMIENTO 20 DE JULIO;0;C;32
8;0;SIN CORREGIMIENTO;197;20 DE JULIO;8-20 DE JULIO;ASENTAMIENTO 20 DE JULIO;0;D;5
8;0;SIN CORREGIMIENTO;198;EL FONCE;8-EL FONCE;0;0;A;6
8;0;SIN CORREGIMIENTO;198;EL FONCE;8-EL FONCE;0;0;B;2
8;0;SIN CORREGIMIENTO;199;JUAN XXIII;8-JUAN XXIII;0;0;A;238
8;0;SIN CORREGIMIENTO;199;JUAN XXIII;8-JUAN XXIII;0;0;B;605
8;0;SIN CORREGIMIENTO;199;JUAN XXIII;8-JUAN XXIII;0;0;C;366
8;0;SIN CORREGIMIENTO;199;JUAN XXIII;8-JUAN XXIII;0;0;D;38
8;0;SIN CORREGIMIENTO;281;SAN IGNACIO REAL;8-SAN IGNACIO REAL;0;0;A;4
8;0;SIN CORREGIMIENTO;333;23 DE JUNIO;8-23 DE JUNIO;0;0;B;3
8;0;SIN CORREGIMIENTO;349;JUAN XXIII CANCHA LA GUACAMAYA;8-JUAN XXIII CANCHA LA GUACAMAYA;0;0;A;32
8;0;SIN CORREGIMIENTO;349;JUAN XXIII CANCHA LA GUACAMAYA;8-JUAN XXIII CANCHA LA GUACAMAYA;0;0;B;17
8;0;SIN CORREGIMIENTO;349;JUAN XXIII CANCHA LA GUACAMAYA;8-JUAN XXIII CANCHA LA GUACAMAYA;0;0;C;8
8;0;SIN CORREGIMIENTO;349;JUAN XXIII CANCHA LA GUACAMAYA;8-JUAN XXIII CANCHA LA GUACAMAYA;0;0;D;1
9;0;SIN CORREGIMIENTO;192;LA SALLE;9-LA SALLE;0;0;B;3
9;0;SIN CORREGIMIENTO;192;LA SALLE;9-LA SALLE;0;0;C;8
9;0;SIN CORREGIMIENTO;193;NUEVA GRANADA;9-NUEVA GRANADA;0;0;A;16
9;0;SIN CORREGIMIENTO;193;NUEVA GRANADA;9-NUEVA GRANADA;0;0;B;99
9;0;SIN CORREGIMIENTO;193;NUEVA GRANADA;9-NUEVA GRANADA;0;0;C;194
9;0;SIN CORREGIMIENTO;193;NUEVA GRANADA;9-NUEVA GRANADA;0;0;D;74
9;0;SIN CORREGIMIENTO;200;ANTONIA SANTOS SUR;9-ANTONIA SANTOS SUR;0;0;A;23
9;0;SIN CORREGIMIENTO;200;ANTONIA SANTOS SUR;9-ANTONIA SANTOS SUR;0;0;B;53
9;0;SIN CORREGIMIENTO;200;ANTONIA SANTOS SUR;9-ANTONIA SANTOS SUR;0;0;C;32
9;0;SIN CORREGIMIENTO;200;ANTONIA SANTOS SUR;9-ANTONIA SANTOS SUR;0;0;D;2
9;0;SIN CORREGIMIENTO;201;QUEBRADA LA IGLESIA;9-QUEBRADA LA IGLESIA;QUEBRADA LA IGLESIA I;SI;A;31
9;0;SIN CORREGIMIENTO;201;QUEBRADA LA IGLESIA;9-QUEBRADA LA IGLESIA;QUEBRADA LA IGLESIA I;SI;B;195
9;0;SIN CORREGIMIENTO;201;QUEBRADA LA IGLESIA;9-QUEBRADA LA IGLESIA;QUEBRADA LA IGLESIA I;SI;C;158
9;0;SIN CORREGIMIENTO;201;QUEBRADA LA IGLESIA;9-QUEBRADA LA IGLESIA;QUEBRADA LA IGLESIA I;SI;D;32
9;0;SIN CORREGIMIENTO;202;SAN PEDRO;9-SAN PEDRO;SAN PEDRO CLAVER;SI;A;77
9;0;SIN CORREGIMIENTO;202;SAN PEDRO;9-SAN PEDRO;SAN PEDRO CLAVER;SI;B;288
9;0;SIN CORREGIMIENTO;202;SAN PEDRO;9-SAN PEDRO;SAN PEDRO CLAVER;SI;C;299
9;0;SIN CORREGIMIENTO;202;SAN PEDRO;9-SAN PEDRO;SAN PEDRO CLAVER;SI;D;42
9;0;SIN CORREGIMIENTO;203;SAN MARTIN;9-SAN MARTIN;SAN MARTIN;SI;A;184
9;0;SIN CORREGIMIENTO;203;SAN MARTIN;9-SAN MARTIN;SAN MARTIN;SI;B;746
9;0;SIN CORREGIMIENTO;203;SAN MARTIN;9-SAN MARTIN;SAN MARTIN;SI;C;652
9;0;SIN CORREGIMIENTO;203;SAN MARTIN;9-SAN MARTIN;SAN MARTIN;SI;D;104
9;0;SIN CORREGIMIENTO;204;EL SOL I Y II;9-EL SOL I Y II;0;0;A;90
9;0;SIN CORREGIMIENTO;204;EL SOL I Y II;9-EL SOL I Y II;0;0;B;238
9;0;SIN CORREGIMIENTO;204;EL SOL I Y II;9-EL SOL I Y II;0;0;C;315
9;0;SIN CORREGIMIENTO;204;EL SOL I Y II;9-EL SOL I Y II;0;0;D;44
9;0;SIN CORREGIMIENTO;205;GUAYACANES;9-GUAYACANES;0;0;B;5
9;0;SIN CORREGIMIENTO;205;GUAYACANES;9-GUAYACANES;0;0;C;1
9;0;SIN CORREGIMIENTO;207;LA PEDREGOSA;9-LA PEDREGOSA;0;0;A;10
9;0;SIN CORREGIMIENTO;207;LA PEDREGOSA;9-LA PEDREGOSA;0;0;B;47
9;0;SIN CORREGIMIENTO;207;LA PEDREGOSA;9-LA PEDREGOSA;0;0;C;89
9;0;SIN CORREGIMIENTO;207;LA PEDREGOSA;9-LA PEDREGOSA;0;0;D;41
9;0;SIN CORREGIMIENTO;208;DIAMANTE I;9-DIAMANTE I;0;0;A;13
9;0;SIN CORREGIMIENTO;208;DIAMANTE I;9-DIAMANTE I;0;0;B;35
9;0;SIN CORREGIMIENTO;208;DIAMANTE I;9-DIAMANTE I;0;0;C;17
9;0;SIN CORREGIMIENTO;209;LAS CASITAS;9-LAS CASITAS;0;0;A;48
9;0;SIN CORREGIMIENTO;209;LAS CASITAS;9-LAS CASITAS;0;0;B;120
9;0;SIN CORREGIMIENTO;209;LAS CASITAS;9-LAS CASITAS;0;0;C;101
9;0;SIN CORREGIMIENTO;209;LAS CASITAS;9-LAS CASITAS;0;0;D;10
9;0;SIN CORREGIMIENTO;210;VILLA INES;9-VILLA INES;0;0;A;3
9;0;SIN CORREGIMIENTO;210;VILLA INES;9-VILLA INES;0;0;B;6
9;0;SIN CORREGIMIENTO;210;VILLA INES;9-VILLA INES;0;0;C;5
9;0;SIN CORREGIMIENTO;211;ASTURIAS;9-ASTURIAS;ASTURIAS II;0;A;4
9;0;SIN CORREGIMIENTO;213;LA LIBERTAD;9-LA LIBERTAD;0;0;A;14
9;0;SIN CORREGIMIENTO;213;LA LIBERTAD;9-LA LIBERTAD;0;0;B;65
9;0;SIN CORREGIMIENTO;213;LA LIBERTAD;9-LA LIBERTAD;0;0;C;66
9;0;SIN CORREGIMIENTO;213;LA LIBERTAD;9-LA LIBERTAD;0;0;D;36
9;0;SIN CORREGIMIENTO;239;MANUELA BELTRAN ;9-MANUELA BELTRAN ;0;0;C;4
9;0;SIN CORREGIMIENTO;288;PORTOFINO;9-PORTOFINO;0;0;C;1
9;0;SIN CORREGIMIENTO;316;MIRADOR DE SAN LORENZO;9-MIRADOR DE SAN LORENZO;0;0;A;5
10;0;SIN CORREGIMIENTO;0;BARRIO_S4;10-BARRIO_S4;0;0;B;3
10;0;SIN CORREGIMIENTO;182;BUCARAMANGA;10-BUCARAMANGA;0;0;A;3
10;0;SIN CORREGIMIENTO;220;DIAMANTE II;10-DIAMANTE II;0;0;A;7
10;0;SIN CORREGIMIENTO;220;DIAMANTE II;10-DIAMANTE II;0;0;B;11
10;0;SIN CORREGIMIENTO;220;DIAMANTE II;10-DIAMANTE II;0;0;C;23
10;0;SIN CORREGIMIENTO;220;DIAMANTE II;10-DIAMANTE II;0;0;D;2
10;0;SIN CORREGIMIENTO;221;SAN LUIS;10-SAN LUIS;0;0;A;4
10;0;SIN CORREGIMIENTO;221;SAN LUIS;10-SAN LUIS;0;0;B;11
10;0;SIN CORREGIMIENTO;221;SAN LUIS;10-SAN LUIS;0;0;C;20
10;0;SIN CORREGIMIENTO;221;SAN LUIS;10-SAN LUIS;0;0;D;1
10;0;SIN CORREGIMIENTO;222;PROVENZA;10-PROVENZA;0;0;A;16
10;0;SIN CORREGIMIENTO;222;PROVENZA;10-PROVENZA;0;0;B;22
10;0;SIN CORREGIMIENTO;222;PROVENZA;10-PROVENZA;0;0;C;15
10;0;SIN CORREGIMIENTO;222;PROVENZA;10-PROVENZA;0;0;D;4
10;0;SIN CORREGIMIENTO;225;EL CRISTAL;10-EL CRISTAL;0;0;A;500
10;0;SIN CORREGIMIENTO;225;EL CRISTAL;10-EL CRISTAL;0;0;B;1416
10;0;SIN CORREGIMIENTO;225;EL CRISTAL;10-EL CRISTAL;0;0;C;1431
10;0;SIN CORREGIMIENTO;225;EL CRISTAL;10-EL CRISTAL;0;0;D;260
10;0;SIN CORREGIMIENTO;226;GRANJAS DE PROVENZA;10-GRANJAS DE PROVENZA;0;0;A;216
10;0;SIN CORREGIMIENTO;226;GRANJAS DE PROVENZA;10-GRANJAS DE PROVENZA;0;0;B;509
10;0;SIN CORREGIMIENTO;226;GRANJAS DE PROVENZA;10-GRANJAS DE PROVENZA;0;0;C;412
10;0;SIN CORREGIMIENTO;226;GRANJAS DE PROVENZA;10-GRANJAS DE PROVENZA;0;0;D;94
10;0;SIN CORREGIMIENTO;227;GRANJAS DE JULIO RINCON;10-GRANJAS DE JULIO RINCON;0;0;B;1
10;0;SIN CORREGIMIENTO;228;EL ROCIO;10-EL ROCIO;0;0;C;1
10;0;SIN CORREGIMIENTO;233;"LUZ DE SALVACION BAJO		";"10-LUZ DE SALVACION BAJO		";0;0;A;46
10;0;SIN CORREGIMIENTO;233;"LUZ DE SALVACION BAJO		";"10-LUZ DE SALVACION BAJO		";0;0;B;41
10;0;SIN CORREGIMIENTO;233;"LUZ DE SALVACION BAJO		";"10-LUZ DE SALVACION BAJO		";0;0;C;29
10;0;SIN CORREGIMIENTO;233;"LUZ DE SALVACION BAJO		";"10-LUZ DE SALVACION BAJO		";0;0;D;4
10;0;SIN CORREGIMIENTO;234;DELICIAS ALTAS Y BAJAS SUR;10-DELICIAS ALTAS Y BAJAS SUR;0;0;A;4
10;0;SIN CORREGIMIENTO;243;CIUDAD VENECIA ;10-CIUDAD VENECIA ;0;0;B;5
10;0;SIN CORREGIMIENTO;284;FONTANA;10-FONTANA;0;0;B;7
10;0;SIN CORREGIMIENTO;284;FONTANA;10-FONTANA;0;0;C;5
10;0;SIN CORREGIMIENTO;317;NUEVA FONTANA;10-NUEVA FONTANA;0;0;A;8
10;0;SIN CORREGIMIENTO;326;VIVEROS DE PROVENZA;10-VIVEROS DE PROVENZA;0;0;A;44
10;0;SIN CORREGIMIENTO;326;VIVEROS DE PROVENZA;10-VIVEROS DE PROVENZA;0;0;B;148
10;0;SIN CORREGIMIENTO;326;VIVEROS DE PROVENZA;10-VIVEROS DE PROVENZA;0;0;C;206
10;0;SIN CORREGIMIENTO;326;VIVEROS DE PROVENZA;10-VIVEROS DE PROVENZA;0;0;D;65
10;0;SIN CORREGIMIENTO;327;LUZ DE SALVACION ALTO;10-LUZ DE SALVACION ALTO;0;0;A;469
10;0;SIN CORREGIMIENTO;327;LUZ DE SALVACION ALTO;10-LUZ DE SALVACION ALTO;0;0;B;971
10;0;SIN CORREGIMIENTO;327;LUZ DE SALVACION ALTO;10-LUZ DE SALVACION ALTO;0;0;C;608
10;0;SIN CORREGIMIENTO;327;LUZ DE SALVACION ALTO;10-LUZ DE SALVACION ALTO;0;0;D;68
10;0;SIN CORREGIMIENTO;331;BRISAS DE PROVENZA ;10-BRISAS DE PROVENZA ;0;0;A;323
10;0;SIN CORREGIMIENTO;331;BRISAS DE PROVENZA ;10-BRISAS DE PROVENZA ;0;0;B;548
10;0;SIN CORREGIMIENTO;331;BRISAS DE PROVENZA ;10-BRISAS DE PROVENZA ;0;0;C;449
10;0;SIN CORREGIMIENTO;331;BRISAS DE PROVENZA ;10-BRISAS DE PROVENZA ;0;0;D;41
11;0;SIN CORREGIMIENTO;9;LAS DELICIAS;11-LAS DELICIAS;0;0;C;2
11;0;SIN CORREGIMIENTO;9;LAS DELICIAS;11-LAS DELICIAS;0;0;D;1
11;0;SIN CORREGIMIENTO;12;CAFE MADRID EL TUNEL;11-CAFE MADRID EL TUNEL;0;0;A;5
11;0;SIN CORREGIMIENTO;142;ALFONSO LOPEZ;11-ALFONSO LOPEZ;0;0;D;1
11;0;SIN CORREGIMIENTO;174;EL BUENO;11-EL BUENO;0;0;A;3
11;0;SIN CORREGIMIENTO;174;EL BUENO;11-EL BUENO;0;0;B;4
11;0;SIN CORREGIMIENTO;194;CORDONCILLO I;11-CORDONCILLO I;0;0;B;1
11;0;SIN CORREGIMIENTO;222;PROVENZA;11-PROVENZA;0;0;B;2
11;0;SIN CORREGIMIENTO;222;PROVENZA;11-PROVENZA;0;0;C;2
11;0;SIN CORREGIMIENTO;223;PORVENIR BAJO;11-PORVENIR BAJO;0;0;B;19
11;0;SIN CORREGIMIENTO;223;PORVENIR BAJO;11-PORVENIR BAJO;0;0;C;13
11;0;SIN CORREGIMIENTO;223;PORVENIR BAJO;11-PORVENIR BAJO;0;0;D;1
11;0;SIN CORREGIMIENTO;225;EL CRISTAL;11-EL CRISTAL;0;0;B;1
11;0;SIN CORREGIMIENTO;225;EL CRISTAL;11-EL CRISTAL;0;0;C;1
11;0;SIN CORREGIMIENTO;226;GRANJAS DE PROVENZA;11-GRANJAS DE PROVENZA;0;0;A;4
11;0;SIN CORREGIMIENTO;226;GRANJAS DE PROVENZA;11-GRANJAS DE PROVENZA;0;0;B;7
11;0;SIN CORREGIMIENTO;226;GRANJAS DE PROVENZA;11-GRANJAS DE PROVENZA;0;0;C;10
11;0;SIN CORREGIMIENTO;226;GRANJAS DE PROVENZA;11-GRANJAS DE PROVENZA;0;0;D;1
11;0;SIN CORREGIMIENTO;227;GRANJAS DE JULIO RINCON;11-GRANJAS DE JULIO RINCON;0;0;A;74
11;0;SIN CORREGIMIENTO;227;GRANJAS DE JULIO RINCON;11-GRANJAS DE JULIO RINCON;0;0;B;246
11;0;SIN CORREGIMIENTO;227;GRANJAS DE JULIO RINCON;11-GRANJAS DE JULIO RINCON;0;0;C;328
11;0;SIN CORREGIMIENTO;227;GRANJAS DE JULIO RINCON;11-GRANJAS DE JULIO RINCON;0;0;D;67
11;0;SIN CORREGIMIENTO;228;EL ROCIO;11-EL ROCIO;0;0;A;64
11;0;SIN CORREGIMIENTO;228;EL ROCIO;11-EL ROCIO;0;0;B;197
11;0;SIN CORREGIMIENTO;228;EL ROCIO;11-EL ROCIO;0;0;C;418
11;0;SIN CORREGIMIENTO;228;EL ROCIO;11-EL ROCIO;0;0;D;134
11;0;SIN CORREGIMIENTO;229;VILLA SARA;11-VILLA SARA;0;0;A;6
11;0;SIN CORREGIMIENTO;229;VILLA SARA;11-VILLA SARA;0;0;B;14
11;0;SIN CORREGIMIENTO;229;VILLA SARA;11-VILLA SARA;0;0;C;1
11;0;SIN CORREGIMIENTO;230;VILLA ALICIA;11-VILLA ALICIA;0;0;B;12
11;0;SIN CORREGIMIENTO;230;VILLA ALICIA;11-VILLA ALICIA;0;0;C;10
11;0;SIN CORREGIMIENTO;230;VILLA ALICIA;11-VILLA ALICIA;0;0;D;2
11;0;SIN CORREGIMIENTO;231;TOLEDO PLATA ;11-TOLEDO PLATA ;0;0;A;22
11;0;SIN CORREGIMIENTO;231;TOLEDO PLATA ;11-TOLEDO PLATA ;0;0;B;161
11;0;SIN CORREGIMIENTO;231;TOLEDO PLATA ;11-TOLEDO PLATA ;0;0;C;323
11;0;SIN CORREGIMIENTO;231;TOLEDO PLATA ;11-TOLEDO PLATA ;0;0;D;166
11;0;SIN CORREGIMIENTO;232;DANGOND;11-DANGOND;0;0;A;17
11;0;SIN CORREGIMIENTO;232;DANGOND;11-DANGOND;0;0;B;95
11;0;SIN CORREGIMIENTO;232;DANGOND;11-DANGOND;0;0;C;305
11;0;SIN CORREGIMIENTO;232;DANGOND;11-DANGOND;0;0;D;87
11;0;SIN CORREGIMIENTO;233;"LUZ DE SALVACION BAJO		";"11-LUZ DE SALVACION BAJO		";0;0;A;171
11;0;SIN CORREGIMIENTO;233;"LUZ DE SALVACION BAJO		";"11-LUZ DE SALVACION BAJO		";0;0;B;342
11;0;SIN CORREGIMIENTO;233;"LUZ DE SALVACION BAJO		";"11-LUZ DE SALVACION BAJO		";0;0;C;221
11;0;SIN CORREGIMIENTO;233;"LUZ DE SALVACION BAJO		";"11-LUZ DE SALVACION BAJO		";0;0;D;22
11;0;SIN CORREGIMIENTO;234;DELICIAS ALTAS Y BAJAS SUR;11-DELICIAS ALTAS Y BAJAS SUR;0;0;A;4
11;0;SIN CORREGIMIENTO;234;DELICIAS ALTAS Y BAJAS SUR;11-DELICIAS ALTAS Y BAJAS SUR;0;0;B;60
11;0;SIN CORREGIMIENTO;234;DELICIAS ALTAS Y BAJAS SUR;11-DELICIAS ALTAS Y BAJAS SUR;0;0;C;56
11;0;SIN CORREGIMIENTO;234;DELICIAS ALTAS Y BAJAS SUR;11-DELICIAS ALTAS Y BAJAS SUR;0;0;D;13
11;0;SIN CORREGIMIENTO;236;VILLA CANDADO;11-VILLA CANDADO;0;0;A;13
11;0;SIN CORREGIMIENTO;236;VILLA CANDADO;11-VILLA CANDADO;0;0;B;16
11;0;SIN CORREGIMIENTO;236;VILLA CANDADO;11-VILLA CANDADO;0;0;C;25
11;0;SIN CORREGIMIENTO;236;VILLA CANDADO;11-VILLA CANDADO;0;0;D;9
11;0;SIN CORREGIMIENTO;237;MALPASO;11-MALPASO;0;0;A;35
11;0;SIN CORREGIMIENTO;237;MALPASO;11-MALPASO;0;0;B;134
11;0;SIN CORREGIMIENTO;237;MALPASO;11-MALPASO;0;0;C;160
11;0;SIN CORREGIMIENTO;237;MALPASO;11-MALPASO;0;0;D;28
11;0;SIN CORREGIMIENTO;238;EL PORVENIR;11-EL PORVENIR;0;0;A;92
11;0;SIN CORREGIMIENTO;238;EL PORVENIR;11-EL PORVENIR;0;0;B;113
11;0;SIN CORREGIMIENTO;238;EL PORVENIR;11-EL PORVENIR;0;0;C;87
11;0;SIN CORREGIMIENTO;238;EL PORVENIR;11-EL PORVENIR;0;0;D;7
11;0;SIN CORREGIMIENTO;239;MANUELA BELTRAN ;11-MANUELA BELTRAN ;0;0;A;167
11;0;SIN CORREGIMIENTO;239;MANUELA BELTRAN ;11-MANUELA BELTRAN ;0;0;B;466
11;0;SIN CORREGIMIENTO;239;MANUELA BELTRAN ;11-MANUELA BELTRAN ;0;0;C;641
11;0;SIN CORREGIMIENTO;239;MANUELA BELTRAN ;11-MANUELA BELTRAN ;0;0;D;136
11;0;SIN CORREGIMIENTO;240;IGSABELAR;11-IGSABELAR;0;0;A;23
11;0;SIN CORREGIMIENTO;240;IGSABELAR;11-IGSABELAR;0;0;B;73
11;0;SIN CORREGIMIENTO;240;IGSABELAR;11-IGSABELAR;0;0;C;86
11;0;SIN CORREGIMIENTO;240;IGSABELAR;11-IGSABELAR;0;0;D;4
11;0;SIN CORREGIMIENTO;241;SANTAMARIA;11-SANTAMARIA;0;0;A;64
11;0;SIN CORREGIMIENTO;241;SANTAMARIA;11-SANTAMARIA;0;0;B;310
11;0;SIN CORREGIMIENTO;241;SANTAMARIA;11-SANTAMARIA;0;0;C;479
11;0;SIN CORREGIMIENTO;241;SANTAMARIA;11-SANTAMARIA;0;0;D;139
11;0;SIN CORREGIMIENTO;242;COAVICONSA;11-COAVICONSA;0;0;A;10
11;0;SIN CORREGIMIENTO;242;COAVICONSA;11-COAVICONSA;0;0;B;37
11;0;SIN CORREGIMIENTO;242;COAVICONSA;11-COAVICONSA;0;0;C;17
11;0;SIN CORREGIMIENTO;243;CIUDAD VENECIA ;11-CIUDAD VENECIA ;0;0;A;28
11;0;SIN CORREGIMIENTO;243;CIUDAD VENECIA ;11-CIUDAD VENECIA ;0;0;B;114
11;0;SIN CORREGIMIENTO;243;CIUDAD VENECIA ;11-CIUDAD VENECIA ;0;0;C;222
11;0;SIN CORREGIMIENTO;243;CIUDAD VENECIA ;11-CIUDAD VENECIA ;0;0;D;81
11;0;SIN CORREGIMIENTO;244;VILLA FLOR;11-VILLA FLOR;0;0;A;11
11;0;SIN CORREGIMIENTO;244;VILLA FLOR;11-VILLA FLOR;0;0;B;8
11;0;SIN CORREGIMIENTO;244;VILLA FLOR;11-VILLA FLOR;0;0;C;17
11;0;SIN CORREGIMIENTO;244;VILLA FLOR;11-VILLA FLOR;0;0;D;2
11;0;SIN CORREGIMIENTO;290;LOS CONQUISTADORES;11-LOS CONQUISTADORES;0;0;A;115
11;0;SIN CORREGIMIENTO;290;LOS CONQUISTADORES;11-LOS CONQUISTADORES;0;0;B;363
11;0;SIN CORREGIMIENTO;290;LOS CONQUISTADORES;11-LOS CONQUISTADORES;0;0;C;369
11;0;SIN CORREGIMIENTO;290;LOS CONQUISTADORES;11-LOS CONQUISTADORES;0;0;D;52
11;0;SIN CORREGIMIENTO;326;VIVEROS DE PROVENZA;11-VIVEROS DE PROVENZA;0;0;B;9
11;0;SIN CORREGIMIENTO;326;VIVEROS DE PROVENZA;11-VIVEROS DE PROVENZA;0;0;C;2
11;0;SIN CORREGIMIENTO;331;BRISAS DE PROVENZA ;11-BRISAS DE PROVENZA ;0;0;A;8
11;0;SIN CORREGIMIENTO;331;BRISAS DE PROVENZA ;11-BRISAS DE PROVENZA ;0;0;B;11
11;0;SIN CORREGIMIENTO;340;GRANJAS REAGAN;11-GRANJAS REAGAN;0;0;A;146
11;0;SIN CORREGIMIENTO;340;GRANJAS REAGAN;11-GRANJAS REAGAN;0;0;B;331
11;0;SIN CORREGIMIENTO;340;GRANJAS REAGAN;11-GRANJAS REAGAN;0;0;C;175
11;0;SIN CORREGIMIENTO;340;GRANJAS REAGAN;11-GRANJAS REAGAN;0;0;D;48
11;0;SIN CORREGIMIENTO;344;BALCONES DEL SUR;11-BALCONES DEL SUR;0;0;A;217
11;0;SIN CORREGIMIENTO;344;BALCONES DEL SUR;11-BALCONES DEL SUR;0;0;B;350
11;0;SIN CORREGIMIENTO;344;BALCONES DEL SUR;11-BALCONES DEL SUR;0;0;C;184
11;0;SIN CORREGIMIENTO;344;BALCONES DEL SUR;11-BALCONES DEL SUR;0;0;D;20
11;0;SIN CORREGIMIENTO;346;JARDINES DE ALTAGRACIA;11-JARDINES DE ALTAGRACIA;0;0;C;1
11;0;SIN CORREGIMIENTO;347;BRISAS DEL PARAISO ;11-BRISAS DEL PARAISO ;0;0;A;208
11;0;SIN CORREGIMIENTO;347;BRISAS DEL PARAISO ;11-BRISAS DEL PARAISO ;0;0;B;352
11;0;SIN CORREGIMIENTO;347;BRISAS DEL PARAISO ;11-BRISAS DEL PARAISO ;0;0;C;314
11;0;SIN CORREGIMIENTO;347;BRISAS DEL PARAISO ;11-BRISAS DEL PARAISO ;0;0;D;43
11;0;SIN CORREGIMIENTO;352;VILLAREAL;11-VILLAREAL;0;0;A;231
11;0;SIN CORREGIMIENTO;352;VILLAREAL;11-VILLAREAL;0;0;B;321
11;0;SIN CORREGIMIENTO;352;VILLAREAL;11-VILLAREAL;0;0;C;225
11;0;SIN CORREGIMIENTO;352;VILLAREAL;11-VILLAREAL;0;0;D;29
11;0;SIN CORREGIMIENTO;361;VILLAS DEL NOGAL;11-VILLAS DEL NOGAL;0;0;A;193
11;0;SIN CORREGIMIENTO;361;VILLAS DEL NOGAL;11-VILLAS DEL NOGAL;0;0;B;396
11;0;SIN CORREGIMIENTO;361;VILLAS DEL NOGAL;11-VILLAS DEL NOGAL;0;0;C;357
11;0;SIN CORREGIMIENTO;361;VILLAS DEL NOGAL;11-VILLAS DEL NOGAL;0;0;D;32
11;0;SIN CORREGIMIENTO;362;PUNTA PARAISO;11-PUNTA PARAISO;0;0;A;160
11;0;SIN CORREGIMIENTO;362;PUNTA PARAISO;11-PUNTA PARAISO;0;0;B;277
11;0;SIN CORREGIMIENTO;362;PUNTA PARAISO;11-PUNTA PARAISO;0;0;C;397
11;0;SIN CORREGIMIENTO;362;PUNTA PARAISO;11-PUNTA PARAISO;0;0;D;71
11;0;SIN CORREGIMIENTO;367;BRISAS DEL PALMAR;11-BRISAS DEL PALMAR;0;0;A;18
11;0;SIN CORREGIMIENTO;367;BRISAS DEL PALMAR;11-BRISAS DEL PALMAR;0;0;B;91
11;0;SIN CORREGIMIENTO;367;BRISAS DEL PALMAR;11-BRISAS DEL PALMAR;0;0;C;91
11;0;SIN CORREGIMIENTO;367;BRISAS DEL PALMAR;11-BRISAS DEL PALMAR;0;0;D;39
11;0;SIN CORREGIMIENTO;999999;BARRIO_S4;11-BARRIO_S4;0;0;B;3
11;0;SIN CORREGIMIENTO;999999;BARRIO_S4;11-BARRIO_S4;0;0;C;5
11;0;SIN CORREGIMIENTO;999999;BARRIO_S4;11-BARRIO_S4;0;0;D;3
12;0;SIN CORREGIMIENTO;121;QUEBRADA PAN DE AZUCAR;12-QUEBRADA PAN DE AZUCAR;0;0;A;3
12;0;SIN CORREGIMIENTO;121;QUEBRADA PAN DE AZUCAR;12-QUEBRADA PAN DE AZUCAR;0;0;B;6
12;0;SIN CORREGIMIENTO;121;QUEBRADA PAN DE AZUCAR;12-QUEBRADA PAN DE AZUCAR;0;0;C;5
12;0;SIN CORREGIMIENTO;123;CABECERA DEL LLANO;12-CABECERA DEL LLANO;0;0;B;3
12;0;SIN CORREGIMIENTO;126;PAN DE AZUCAR;12-PAN DE AZUCAR;0;0;A;2
12;0;SIN CORREGIMIENTO;126;PAN DE AZUCAR;12-PAN DE AZUCAR;0;0;B;1
12;0;SIN CORREGIMIENTO;126;PAN DE AZUCAR;12-PAN DE AZUCAR;0;0;C;2
12;0;SIN CORREGIMIENTO;126;PAN DE AZUCAR;12-PAN DE AZUCAR;0;0;D;2
12;0;SIN CORREGIMIENTO;135;LA CONCORDIA;12-LA CONCORDIA;0;0;A;2
12;0;SIN CORREGIMIENTO;135;LA CONCORDIA;12-LA CONCORDIA;0;0;B;9
12;0;SIN CORREGIMIENTO;135;LA CONCORDIA;12-LA CONCORDIA;0;0;C;4
12;0;SIN CORREGIMIENTO;136;SOTOMAYOR;12-SOTOMAYOR;0;0;A;3
12;0;SIN CORREGIMIENTO;136;SOTOMAYOR;12-SOTOMAYOR;0;0;B;5
12;0;SIN CORREGIMIENTO;136;SOTOMAYOR;12-SOTOMAYOR;0;0;C;7
12;0;SIN CORREGIMIENTO;138;BOLARQUI;12-BOLARQUI;0;0;B;2
12;0;SIN CORREGIMIENTO;138;BOLARQUI;12-BOLARQUI;0;0;C;2
12;0;SIN CORREGIMIENTO;139;MERCEDES;12-MERCEDES;0;0;B;2
12;0;SIN CORREGIMIENTO;139;MERCEDES;12-MERCEDES;0;0;C;5
12;0;SIN CORREGIMIENTO;139;MERCEDES;12-MERCEDES;0;0;D;1
12;0;SIN CORREGIMIENTO;140;CONUCOS;12-CONUCOS;0;0;B;3
12;0;SIN CORREGIMIENTO;140;CONUCOS;12-CONUCOS;0;0;C;1
12;0;SIN CORREGIMIENTO;161;PUERTA DEL SOL;12-PUERTA DEL SOL;0;0;C;2
12;0;SIN CORREGIMIENTO;201;QUEBRADA LA IGLESIA;12-QUEBRADA LA IGLESIA;0;0;A;5
13;0;SIN CORREGIMIENTO;2;EL PAULON VILLA LINA;13-EL PAULON VILLA LINA;EL PABLÓN;SI;A;3
13;0;SIN CORREGIMIENTO;3;COLORADOS;13-COLORADOS;0;0;A;8
13;0;SIN CORREGIMIENTO;32;MARIA PAZ;13-MARIA PAZ;0;0;B;5
13;0;SIN CORREGIMIENTO;51;LIZCANO I Y II;13-LIZCANO I Y II;0;0;A;6
13;0;SIN CORREGIMIENTO;51;LIZCANO I Y II;13-LIZCANO I Y II;0;0;B;5
13;0;SIN CORREGIMIENTO;51;LIZCANO I Y II;13-LIZCANO I Y II;0;0;C;2
13;0;SIN CORREGIMIENTO;67;TRANSICION I AL V;13-TRANSICION I AL V;0;0;A;5
13;0;SIN CORREGIMIENTO;75;SAN RAFAEL;13-SAN RAFAEL;0;0;B;1
13;0;SIN CORREGIMIENTO;76;CHAPINERO;13-CHAPINERO;0;0;D;1
13;0;SIN CORREGIMIENTO;79;LA FERIA;13-LA FERIA;0;0;A;3
13;0;SIN CORREGIMIENTO;95;COMUNEROS;13-COMUNEROS;0;0;B;1
13;0;SIN CORREGIMIENTO;98;SAN FRANCISCO;13-SAN FRANCISCO;0;0;C;1
13;0;SIN CORREGIMIENTO;99;ALARCON;13-ALARCON;0;0;C;1
13;0;SIN CORREGIMIENTO;100;SAN ALONSO;13-SAN ALONSO;0;0;A;42
13;0;SIN CORREGIMIENTO;100;SAN ALONSO;13-SAN ALONSO;0;0;B;75
13;0;SIN CORREGIMIENTO;100;SAN ALONSO;13-SAN ALONSO;0;0;C;36
13;0;SIN CORREGIMIENTO;100;SAN ALONSO;13-SAN ALONSO;0;0;D;4
13;0;SIN CORREGIMIENTO;102;LOS PINOS;13-LOS PINOS;0;0;A;4
13;0;SIN CORREGIMIENTO;104;EL VENADO DE ORO MORRORRICO;13-EL VENADO DE ORO MORRORRICO;0;0;D;1
13;0;SIN CORREGIMIENTO;107;LOS SAUCES;13-LOS SAUCES;0;0;A;23
13;0;SIN CORREGIMIENTO;107;LOS SAUCES;13-LOS SAUCES;0;0;B;102
13;0;SIN CORREGIMIENTO;107;LOS SAUCES;13-LOS SAUCES;0;0;C;105
13;0;SIN CORREGIMIENTO;107;LOS SAUCES;13-LOS SAUCES;0;0;D;16
13;0;SIN CORREGIMIENTO;110;MORRORRICO;13-MORRORRICO;0;0;B;2
13;0;SIN CORREGIMIENTO;110;MORRORRICO;13-MORRORRICO;0;0;D;1
13;0;SIN CORREGIMIENTO;112;EL DIVISO;13-EL DIVISO;0;0;A;3
13;0;SIN CORREGIMIENTO;113;PUERTO RICO;13-PUERTO RICO;0;0;A;36
13;0;SIN CORREGIMIENTO;113;PUERTO RICO;13-PUERTO RICO;0;0;B;128
13;0;SIN CORREGIMIENTO;113;PUERTO RICO;13-PUERTO RICO;0;0;C;121
13;0;SIN CORREGIMIENTO;113;PUERTO RICO;13-PUERTO RICO;0;0;D;21
13;0;SIN CORREGIMIENTO;116;MIRAFLORES;13-MIRAFLORES;0;0;A;4
13;0;SIN CORREGIMIENTO;116;MIRAFLORES;13-MIRAFLORES;0;0;B;2
13;0;SIN CORREGIMIENTO;116;MIRAFLORES;13-MIRAFLORES;0;0;C;1
13;0;SIN CORREGIMIENTO;116;MIRAFLORES;13-MIRAFLORES;0;0;D;1
13;0;SIN CORREGIMIENTO;117;ALBANIA;13-ALBANIA;0;0;A;10
13;0;SIN CORREGIMIENTO;117;ALBANIA;13-ALBANIA;0;0;B;12
13;0;SIN CORREGIMIENTO;117;ALBANIA;13-ALBANIA;0;0;C;6
13;0;SIN CORREGIMIENTO;118;LAS AMERICAS;13-LAS AMERICAS;0;0;B;1
13;0;SIN CORREGIMIENTO;118;LAS AMERICAS;13-LAS AMERICAS;0;0;C;1
13;0;SIN CORREGIMIENTO;119;GALAN;13-GALAN;0;0;B;8
13;0;SIN CORREGIMIENTO;119;GALAN;13-GALAN;0;0;C;2
13;0;SIN CORREGIMIENTO;119;GALAN;13-GALAN;0;0;D;1
13;0;SIN CORREGIMIENTO;120;ALVAREZ;13-ALVAREZ;ALVAREZ LAS AMERICAS;0;A;24
13;0;SIN CORREGIMIENTO;120;ALVAREZ;13-ALVAREZ;ALVAREZ LAS AMERICAS;0;B;29
13;0;SIN CORREGIMIENTO;120;ALVAREZ;13-ALVAREZ;ALVAREZ LAS AMERICAS;0;C;48
13;0;SIN CORREGIMIENTO;120;ALVAREZ;13-ALVAREZ;ALVAREZ LAS AMERICAS;0;D;7
13;0;SIN CORREGIMIENTO;122;EL PRADO;13-EL PRADO;0;0;A;3
13;0;SIN CORREGIMIENTO;122;EL PRADO;13-EL PRADO;0;0;B;2
13;0;SIN CORREGIMIENTO;122;EL PRADO;13-EL PRADO;0;0;C;7
13;0;SIN CORREGIMIENTO;122;EL PRADO;13-EL PRADO;0;0;D;2
13;0;SIN CORREGIMIENTO;130;CENTRO;13-CENTRO;0;0;A;11
13;0;SIN CORREGIMIENTO;130;CENTRO;13-CENTRO;0;0;B;26
13;0;SIN CORREGIMIENTO;130;CENTRO;13-CENTRO;0;0;C;22
13;0;SIN CORREGIMIENTO;131;ANTONIA SANTOS CENTRO;13-ANTONIA SANTOS CENTRO;0;0;A;65
13;0;SIN CORREGIMIENTO;131;ANTONIA SANTOS CENTRO;13-ANTONIA SANTOS CENTRO;0;0;B;105
13;0;SIN CORREGIMIENTO;131;ANTONIA SANTOS CENTRO;13-ANTONIA SANTOS CENTRO;0;0;C;87
13;0;SIN CORREGIMIENTO;131;ANTONIA SANTOS CENTRO;13-ANTONIA SANTOS CENTRO;0;0;D;13
13;0;SIN CORREGIMIENTO;132;MEJORAS PUBLICAS;13-MEJORAS PUBLICAS;0;0;A;3
13;0;SIN CORREGIMIENTO;132;MEJORAS PUBLICAS;13-MEJORAS PUBLICAS;0;0;C;2
13;0;SIN CORREGIMIENTO;132;MEJORAS PUBLICAS;13-MEJORAS PUBLICAS;0;0;D;1
13;0;SIN CORREGIMIENTO;133;LA AURORA;13-LA AURORA;0;0;A;4
13;0;SIN CORREGIMIENTO;133;LA AURORA;13-LA AURORA;0;0;B;4
13;0;SIN CORREGIMIENTO;133;LA AURORA;13-LA AURORA;0;0;C;4
13;0;SIN CORREGIMIENTO;133;LA AURORA;13-LA AURORA;0;0;D;1
13;0;SIN CORREGIMIENTO;136;SOTOMAYOR;13-SOTOMAYOR;0;0;B;2
13;0;SIN CORREGIMIENTO;136;SOTOMAYOR;13-SOTOMAYOR;0;0;C;1
13;0;SIN CORREGIMIENTO;142;ALFONSO LOPEZ;13-ALFONSO LOPEZ;0;0;C;2
13;0;SIN CORREGIMIENTO;142;ALFONSO LOPEZ;13-ALFONSO LOPEZ;0;0;D;1
13;0;SIN CORREGIMIENTO;143;LA JOYA;13-LA JOYA;0;0;C;2
13;0;SIN CORREGIMIENTO;145;CAMPO HERMOSO;13-CAMPO HERMOSO;0;0;B;10
13;0;SIN CORREGIMIENTO;154;EL PANTANO II;13-EL PANTANO II;0;0;C;5
13;0;SIN CORREGIMIENTO;164;MUTIS;13-MUTIS;0;0;C;1
13;0;SIN CORREGIMIENTO;173;ESTORAQUES;13-ESTORAQUES;0;0;B;12
13;0;SIN CORREGIMIENTO;178;SAN GERARDO I Y II;13-SAN GERARDO I Y II;0;0;B;2
13;0;SIN CORREGIMIENTO;178;SAN GERARDO I Y II;13-SAN GERARDO I Y II;0;0;C;1
13;0;SIN CORREGIMIENTO;178;SAN GERARDO I Y II;13-SAN GERARDO I Y II;0;0;D;1
13;0;SIN CORREGIMIENTO;179;COLOMBIA;13-COLOMBIA;0;0;B;4
13;0;SIN CORREGIMIENTO;179;COLOMBIA;13-COLOMBIA;0;0;C;1
13;0;SIN CORREGIMIENTO;182;BUCARAMANGA;13-BUCARAMANGA;0;0;B;4
13;0;SIN CORREGIMIENTO;184;LAURELES;13-LAURELES;0;0;B;10
13;0;SIN CORREGIMIENTO;184;LAURELES;13-LAURELES;0;0;C;2
13;0;SIN CORREGIMIENTO;196;AFRIKA;13-AFRIKA;ASENTAMIENTO EL AFRICA;0;C;2
13;0;SIN CORREGIMIENTO;200;ANTONIA SANTOS SUR;13-ANTONIA SANTOS SUR;0;0;A;7
13;0;SIN CORREGIMIENTO;200;ANTONIA SANTOS SUR;13-ANTONIA SANTOS SUR;0;0;B;2
13;0;SIN CORREGIMIENTO;202;SAN PEDRO;13-SAN PEDRO;0;0;B;5
13;0;SIN CORREGIMIENTO;222;PROVENZA;13-PROVENZA;0;0;A;2
13;0;SIN CORREGIMIENTO;233;"LUZ DE SALVACION BAJO		";"13-LUZ DE SALVACION BAJO		";0;0;B;5
13;0;SIN CORREGIMIENTO;239;MANUELA BELTRAN ;13-MANUELA BELTRAN ;0;0;C;2
13;0;SIN CORREGIMIENTO;274;BOLIVAR;13-BOLIVAR;0;0;A;16
13;0;SIN CORREGIMIENTO;274;BOLIVAR;13-BOLIVAR;0;0;B;13
13;0;SIN CORREGIMIENTO;274;BOLIVAR;13-BOLIVAR;0;0;C;16
13;0;SIN CORREGIMIENTO;278;12 DE OCTUBRE;13-12 DE OCTUBRE;0;0;A;4
13;0;SIN CORREGIMIENTO;278;12 DE OCTUBRE;13-12 DE OCTUBRE;0;0;B;4
13;0;SIN CORREGIMIENTO;278;12 DE OCTUBRE;13-12 DE OCTUBRE;0;0;C;2
13;0;SIN CORREGIMIENTO;322;QUINTA BRIGADA;13-QUINTA BRIGADA;0;0;A;4
13;0;SIN CORREGIMIENTO;322;QUINTA BRIGADA;13-QUINTA BRIGADA;0;0;B;51
13;0;SIN CORREGIMIENTO;322;QUINTA BRIGADA;13-QUINTA BRIGADA;0;0;C;34
13;0;SIN CORREGIMIENTO;322;QUINTA BRIGADA;13-QUINTA BRIGADA;0;0;D;10
13;0;SIN CORREGIMIENTO;327;LUZ DE SALVACION ALTO;13-LUZ DE SALVACION ALTO;0;0;C;3
13;0;SIN CORREGIMIENTO;328;CAMPESTRE NORTE ;13-CAMPESTRE NORTE ;0;0;A;3
13;0;SIN CORREGIMIENTO;331;BRISAS DE PROVENZA ;13-BRISAS DE PROVENZA ;0;0;B;3
13;0;SIN CORREGIMIENTO;340;GRANJAS REAGAN;13-GRANJAS REAGAN;0;0;C;1
13;0;SIN CORREGIMIENTO;345;PASEO DE LA FERIA;13-PASEO DE LA FERIA;0;0;B;1
13;0;SIN CORREGIMIENTO;368;URBANIZACION LA INMACULADA;13-URBANIZACION LA INMACULADA;0;0;B;9
13;0;SIN CORREGIMIENTO;368;URBANIZACION LA INMACULADA;13-URBANIZACION LA INMACULADA;0;0;C;6
13;0;SIN CORREGIMIENTO;999999;BARRIO_S4;13-BARRIO_S4;0;0;B;3
14;0;SIN CORREGIMIENTO;0;BARRIO_S4;14-BARRIO_S4;0;0;A;3
14;0;SIN CORREGIMIENTO;40;MIRAMAR;14-MIRAMAR;0;0;A;2
14;0;SIN CORREGIMIENTO;102;LOS PINOS;14-LOS PINOS;0;0;B;3
14;0;SIN CORREGIMIENTO;103;LA FLORA MORRORRICO;14-LA FLORA MORRORRICO;0;0;B;1
14;0;SIN CORREGIMIENTO;103;LA FLORA MORRORRICO;14-LA FLORA MORRORRICO;0;0;C;1
14;0;SIN CORREGIMIENTO;104;EL VENADO DE ORO MORRORRICO;14-EL VENADO DE ORO MORRORRICO;0;0;A;50
14;0;SIN CORREGIMIENTO;104;EL VENADO DE ORO MORRORRICO;14-EL VENADO DE ORO MORRORRICO;0;0;B;164
14;0;SIN CORREGIMIENTO;104;EL VENADO DE ORO MORRORRICO;14-EL VENADO DE ORO MORRORRICO;0;0;C;148
14;0;SIN CORREGIMIENTO;104;EL VENADO DE ORO MORRORRICO;14-EL VENADO DE ORO MORRORRICO;0;0;D;28
14;0;SIN CORREGIMIENTO;105;LA MALAÑA;14-LA MALAÑA;0;0;A;35
14;0;SIN CORREGIMIENTO;105;LA MALAÑA;14-LA MALAÑA;0;0;B;153
14;0;SIN CORREGIMIENTO;105;LA MALAÑA;14-LA MALAÑA;0;0;C;122
14;0;SIN CORREGIMIENTO;105;LA MALAÑA;14-LA MALAÑA;0;0;D;30
14;0;SIN CORREGIMIENTO;107;LOS SAUCES;14-LOS SAUCES;0;0;A;21
14;0;SIN CORREGIMIENTO;107;LOS SAUCES;14-LOS SAUCES;0;0;B;17
14;0;SIN CORREGIMIENTO;107;LOS SAUCES;14-LOS SAUCES;0;0;C;6
14;0;SIN CORREGIMIENTO;108;LIMONCITO MORRORRICO;14-LIMONCITO MORRORRICO;0;0;A;184
14;0;SIN CORREGIMIENTO;108;LIMONCITO MORRORRICO;14-LIMONCITO MORRORRICO;0;0;B;628
14;0;SIN CORREGIMIENTO;108;LIMONCITO MORRORRICO;14-LIMONCITO MORRORRICO;0;0;C;399
14;0;SIN CORREGIMIENTO;108;LIMONCITO MORRORRICO;14-LIMONCITO MORRORRICO;0;0;D;51
14;0;SIN CORREGIMIENTO;109;VEGAS DE MORRORRICO;14-VEGAS DE MORRORRICO;0;0;A;85
14;0;SIN CORREGIMIENTO;109;VEGAS DE MORRORRICO;14-VEGAS DE MORRORRICO;0;0;B;282
14;0;SIN CORREGIMIENTO;109;VEGAS DE MORRORRICO;14-VEGAS DE MORRORRICO;0;0;C;336
14;0;SIN CORREGIMIENTO;109;VEGAS DE MORRORRICO;14-VEGAS DE MORRORRICO;0;0;D;63
14;0;SIN CORREGIMIENTO;110;MORRORRICO;14-MORRORRICO;0;0;A;72
14;0;SIN CORREGIMIENTO;110;MORRORRICO;14-MORRORRICO;0;0;B;186
14;0;SIN CORREGIMIENTO;110;MORRORRICO;14-MORRORRICO;0;0;C;150
14;0;SIN CORREGIMIENTO;110;MORRORRICO;14-MORRORRICO;0;0;D;13
14;0;SIN CORREGIMIENTO;112;EL DIVISO;14-EL DIVISO;0;0;A;134
14;0;SIN CORREGIMIENTO;112;EL DIVISO;14-EL DIVISO;0;0;B;382
14;0;SIN CORREGIMIENTO;112;EL DIVISO;14-EL DIVISO;0;0;C;584
14;0;SIN CORREGIMIENTO;112;EL DIVISO;14-EL DIVISO;0;0;D;80
14;0;SIN CORREGIMIENTO;114;BUENOS AIRES;14-BUENOS AIRES;BUENOS AIRES;SI;A;752
14;0;SIN CORREGIMIENTO;114;BUENOS AIRES;14-BUENOS AIRES;BUENOS AIRES;SI;B;1464
14;0;SIN CORREGIMIENTO;114;BUENOS AIRES;14-BUENOS AIRES;BUENOS AIRES;SI;C;1123
14;0;SIN CORREGIMIENTO;114;BUENOS AIRES;14-BUENOS AIRES;BUENOS AIRES;SI;D;137
14;0;SIN CORREGIMIENTO;115;BUENAVISTA;14-BUENAVISTA;0;0;A;236
14;0;SIN CORREGIMIENTO;115;BUENAVISTA;14-BUENAVISTA;0;0;B;664
14;0;SIN CORREGIMIENTO;115;BUENAVISTA;14-BUENAVISTA;0;0;C;533
14;0;SIN CORREGIMIENTO;115;BUENAVISTA;14-BUENAVISTA;0;0;D;81
14;0;SIN CORREGIMIENTO;116;MIRAFLORES;14-MIRAFLORES;MIRAFLORES;SI;A;619
14;0;SIN CORREGIMIENTO;116;MIRAFLORES;14-MIRAFLORES;MIRAFLORES;SI;B;1616
14;0;SIN CORREGIMIENTO;116;MIRAFLORES;14-MIRAFLORES;MIRAFLORES;SI;C;1092
14;0;SIN CORREGIMIENTO;116;MIRAFLORES;14-MIRAFLORES;MIRAFLORES;SI;D;132
14;0;SIN CORREGIMIENTO;117;ALBANIA;14-ALBANIA;0;0;A;382
14;0;SIN CORREGIMIENTO;117;ALBANIA;14-ALBANIA;0;0;B;1066
14;0;SIN CORREGIMIENTO;117;ALBANIA;14-ALBANIA;0;0;C;1075
14;0;SIN CORREGIMIENTO;117;ALBANIA;14-ALBANIA;0;0;D;162
14;0;SIN CORREGIMIENTO;142;ALFONSO LOPEZ;14-ALFONSO LOPEZ;0;0;D;1
14;0;SIN CORREGIMIENTO;360;EL RETIRO MORRORRICO;14-EL RETIRO MORRORRICO;0;0;A;246
14;0;SIN CORREGIMIENTO;360;EL RETIRO MORRORRICO;14-EL RETIRO MORRORRICO;0;0;B;576
14;0;SIN CORREGIMIENTO;360;EL RETIRO MORRORRICO;14-EL RETIRO MORRORRICO;0;0;C;441
14;0;SIN CORREGIMIENTO;360;EL RETIRO MORRORRICO;14-EL RETIRO MORRORRICO;0;0;D;44
14;0;SIN CORREGIMIENTO;369;MIRAMANGA;14-MIRAMANGA;0;0;A;176
14;0;SIN CORREGIMIENTO;369;MIRAMANGA;14-MIRAMANGA;0;0;B;242
14;0;SIN CORREGIMIENTO;369;MIRAMANGA;14-MIRAMANGA;0;0;C;143
14;0;SIN CORREGIMIENTO;369;MIRAMANGA;14-MIRAMANGA;0;0;D;2
15;0;SIN CORREGIMIENTO;82;GIRARDOT;15-GIRARDOT;0;0;C;1
15;0;SIN CORREGIMIENTO;130;CENTRO;15-CENTRO;0;0;A;83
15;0;SIN CORREGIMIENTO;130;CENTRO;15-CENTRO;0;0;B;116
15;0;SIN CORREGIMIENTO;130;CENTRO;15-CENTRO;0;0;C;56
15;0;SIN CORREGIMIENTO;130;CENTRO;15-CENTRO;0;0;D;3
15;0;SIN CORREGIMIENTO;131;ANTONIA SANTOS CENTRO;15-ANTONIA SANTOS CENTRO;0;0;B;4
15;0;SIN CORREGIMIENTO;131;ANTONIA SANTOS CENTRO;15-ANTONIA SANTOS CENTRO;0;0;C;10
15;0;SIN CORREGIMIENTO;139;MERCEDES;15-MERCEDES;0;0;A;6
15;0;SIN CORREGIMIENTO;141;GARCIA ROVIRA;15-GARCIA ROVIRA;0;0;A;44
15;0;SIN CORREGIMIENTO;141;GARCIA ROVIRA;15-GARCIA ROVIRA;0;0;B;60
15;0;SIN CORREGIMIENTO;141;GARCIA ROVIRA;15-GARCIA ROVIRA;0;0;C;20
15;0;SIN CORREGIMIENTO;141;GARCIA ROVIRA;15-GARCIA ROVIRA;0;0;D;1
15;0;SIN CORREGIMIENTO;142;ALFONSO LOPEZ;15-ALFONSO LOPEZ;0;0;A;13
15;0;SIN CORREGIMIENTO;142;ALFONSO LOPEZ;15-ALFONSO LOPEZ;0;0;B;16
15;0;SIN CORREGIMIENTO;142;ALFONSO LOPEZ;15-ALFONSO LOPEZ;0;0;C;7
15;0;SIN CORREGIMIENTO;143;LA JOYA;15-LA JOYA;0;0;C;1
15;0;SIN CORREGIMIENTO;144;CHORRERAS DE DON JUAN;15-CHORRERAS DE DON JUAN;0;0;B;4
15;0;SIN CORREGIMIENTO;144;CHORRERAS DE DON JUAN;15-CHORRERAS DE DON JUAN;0;0;C;1
15;0;SIN CORREGIMIENTO;274;BOLIVAR;15-BOLIVAR;0;0;C;2
16;0;SIN CORREGIMIENTO;203;SAN MARTIN;16-SAN MARTIN;0;0;B;3
16;0;SIN CORREGIMIENTO;205;GUAYACANES;16-GUAYACANES;0;0;A;33
16;0;SIN CORREGIMIENTO;205;GUAYACANES;16-GUAYACANES;0;0;B;68
16;0;SIN CORREGIMIENTO;205;GUAYACANES;16-GUAYACANES;0;0;C;82
16;0;SIN CORREGIMIENTO;205;GUAYACANES;16-GUAYACANES;0;0;D;17
16;0;SIN CORREGIMIENTO;207;LA PEDREGOSA;16-LA PEDREGOSA;0;0;A;10
16;0;SIN CORREGIMIENTO;207;LA PEDREGOSA;16-LA PEDREGOSA;0;0;B;46
16;0;SIN CORREGIMIENTO;207;LA PEDREGOSA;16-LA PEDREGOSA;0;0;C;87
16;0;SIN CORREGIMIENTO;207;LA PEDREGOSA;16-LA PEDREGOSA;0;0;D;28
16;0;SIN CORREGIMIENTO;215;PORTON DEL TEJAR;16-PORTON DEL TEJAR;0;0;B;2
16;0;SIN CORREGIMIENTO;215;PORTON DEL TEJAR;16-PORTON DEL TEJAR;0;0;C;1
16;0;SIN CORREGIMIENTO;215;PORTON DEL TEJAR;16-PORTON DEL TEJAR;0;0;D;1
16;0;SIN CORREGIMIENTO;216;ALTOS DEL CACIQUE;16-ALTOS DEL CACIQUE;0;0;A;5
16;0;SIN CORREGIMIENTO;216;ALTOS DEL CACIQUE;16-ALTOS DEL CACIQUE;0;0;B;3
16;0;SIN CORREGIMIENTO;216;ALTOS DEL CACIQUE;16-ALTOS DEL CACIQUE;0;0;C;2
16;0;SIN CORREGIMIENTO;217;HACIENDA SAN JUAN;16-HACIENDA SAN JUAN;0;0;A;3
16;0;SIN CORREGIMIENTO;217;HACIENDA SAN JUAN;16-HACIENDA SAN JUAN;0;0;C;5
16;0;SIN CORREGIMIENTO;218;SAN EXPEDITO;16-SAN EXPEDITO;0;0;A;48
16;0;SIN CORREGIMIENTO;218;SAN EXPEDITO;16-SAN EXPEDITO;0;0;B;82
16;0;SIN CORREGIMIENTO;218;SAN EXPEDITO;16-SAN EXPEDITO;0;0;C;166
16;0;SIN CORREGIMIENTO;218;SAN EXPEDITO;16-SAN EXPEDITO;0;0;D;21
16;0;SIN CORREGIMIENTO;219;SANTA BARBARA CASAS;16-SANTA BARBARA CASAS;0;0;A;7
16;0;SIN CORREGIMIENTO;219;SANTA BARBARA CASAS;16-SANTA BARBARA CASAS;0;0;B;15
16;0;SIN CORREGIMIENTO;219;SANTA BARBARA CASAS;16-SANTA BARBARA CASAS;0;0;C;6
16;0;SIN CORREGIMIENTO;315;LAGOS DEL CACIQUE;16-LAGOS DEL CACIQUE;0;0;A;7
16;0;SIN CORREGIMIENTO;341;BOSQUE DEL CACIQUE;16-BOSQUE DEL CACIQUE;0;0;A;7
16;0;SIN CORREGIMIENTO;341;BOSQUE DEL CACIQUE;16-BOSQUE DEL CACIQUE;0;0;B;2
16;0;SIN CORREGIMIENTO;341;BOSQUE DEL CACIQUE;16-BOSQUE DEL CACIQUE;0;0;C;22
16;0;SIN CORREGIMIENTO;341;BOSQUE DEL CACIQUE;16-BOSQUE DEL CACIQUE;0;0;D;5
17;0;SIN CORREGIMIENTO;110;MORRORRICO;17-MORRORRICO;0;0;C;1
17;0;SIN CORREGIMIENTO;110;MORRORRICO;17-MORRORRICO;0;0;D;1
17;0;SIN CORREGIMIENTO;152;QUINTA ESTRELLA;17-QUINTA ESTRELLA;0;0;C;2
17;0;SIN CORREGIMIENTO;162;CIUDADELA REAL DE MINAS ;17-CIUDADELA REAL DE MINAS ;0;0;B;7
17;0;SIN CORREGIMIENTO;162;CIUDADELA REAL DE MINAS ;17-CIUDADELA REAL DE MINAS ;0;0;C;1
17;0;SIN CORREGIMIENTO;164;MUTIS;17-MUTIS;0;0;A;201
17;0;SIN CORREGIMIENTO;164;MUTIS;17-MUTIS;0;0;B;257
17;0;SIN CORREGIMIENTO;164;MUTIS;17-MUTIS;0;0;C;184
17;0;SIN CORREGIMIENTO;164;MUTIS;17-MUTIS;0;0;D;11
17;0;SIN CORREGIMIENTO;165;BRISAS DEL MUTIS;17-BRISAS DEL MUTIS;0;0;A;14
17;0;SIN CORREGIMIENTO;165;BRISAS DEL MUTIS;17-BRISAS DEL MUTIS;0;0;B;28
17;0;SIN CORREGIMIENTO;165;BRISAS DEL MUTIS;17-BRISAS DEL MUTIS;0;0;C;14
17;0;SIN CORREGIMIENTO;165;BRISAS DEL MUTIS;17-BRISAS DEL MUTIS;0;0;D;2
17;0;SIN CORREGIMIENTO;166;MONTERREDONDO;17-MONTERREDONDO;0;0;A;78
17;0;SIN CORREGIMIENTO;166;MONTERREDONDO;17-MONTERREDONDO;0;0;B;411
17;0;SIN CORREGIMIENTO;166;MONTERREDONDO;17-MONTERREDONDO;0;0;C;564
17;0;SIN CORREGIMIENTO;166;MONTERREDONDO;17-MONTERREDONDO;0;0;D;133
17;0;SIN CORREGIMIENTO;168;FUNDADORES I Y II;17-FUNDADORES I Y II;0;0;A;4
17;0;SIN CORREGIMIENTO;168;FUNDADORES I Y II;17-FUNDADORES I Y II;0;0;B;2
17;0;SIN CORREGIMIENTO;168;FUNDADORES I Y II;17-FUNDADORES I Y II;0;0;C;6
17;0;SIN CORREGIMIENTO;170;MANZANARES;17-MANZANARES;0;0;B;16
17;0;SIN CORREGIMIENTO;170;MANZANARES;17-MANZANARES;0;0;C;16
17;0;SIN CORREGIMIENTO;172;PRADOS DEL MUTIS;17-PRADOS DEL MUTIS;0;0;A;21
17;0;SIN CORREGIMIENTO;172;PRADOS DEL MUTIS;17-PRADOS DEL MUTIS;0;0;B;25
17;0;SIN CORREGIMIENTO;172;PRADOS DEL MUTIS;17-PRADOS DEL MUTIS;0;0;C;34
17;0;SIN CORREGIMIENTO;172;PRADOS DEL MUTIS;17-PRADOS DEL MUTIS;0;0;D;2
17;0;SIN CORREGIMIENTO;173;ESTORAQUES;17-ESTORAQUES;ESTORAQUES;SI;A;427
17;0;SIN CORREGIMIENTO;173;ESTORAQUES;17-ESTORAQUES;ESTORAQUES;SI;B;1213
17;0;SIN CORREGIMIENTO;173;ESTORAQUES;17-ESTORAQUES;ESTORAQUES;SI;C;1386
17;0;SIN CORREGIMIENTO;173;ESTORAQUES;17-ESTORAQUES;ESTORAQUES;SI;D;221
17;0;SIN CORREGIMIENTO;173;ESTORAQUES;17-ESTORAQUES;ESTORAQUES;SI;(en blanco);12
17;0;SIN CORREGIMIENTO;174;EL BUENO;17-EL BUENO;0;0;B;7
17;0;SIN CORREGIMIENTO;174;EL BUENO;17-EL BUENO;0;0;C;1
17;0;SIN CORREGIMIENTO;176;LOS HEROES;17-LOS HEROES;0;0;A;33
17;0;SIN CORREGIMIENTO;176;LOS HEROES;17-LOS HEROES;0;0;B;17
17;0;SIN CORREGIMIENTO;176;LOS HEROES;17-LOS HEROES;0;0;C;33
17;0;SIN CORREGIMIENTO;176;LOS HEROES;17-LOS HEROES;0;0;D;7
17;0;SIN CORREGIMIENTO;360;EL RETIRO MORRORRICO;17-EL RETIRO MORRORRICO;0;0;B;5
17;0;SIN CORREGIMIENTO;363;LA GRAN LADERA;17-LA GRAN LADERA;0;0;A;46
17;0;SIN CORREGIMIENTO;363;LA GRAN LADERA;17-LA GRAN LADERA;0;0;B;234
17;0;SIN CORREGIMIENTO;363;LA GRAN LADERA;17-LA GRAN LADERA;0;0;C;255
17;0;SIN CORREGIMIENTO;363;LA GRAN LADERA;17-LA GRAN LADERA;0;0;D;59
99;0;SIN CORREGIMIENTO;0;BARRIO_S4;99-BARRIO_S4;0;0;A;137
99;0;SIN CORREGIMIENTO;0;BARRIO_S4;99-BARRIO_S4;0;0;B;52
99;0;SIN CORREGIMIENTO;0;BARRIO_S4;99-BARRIO_S4;0;0;C;14
99;0;SIN CORREGIMIENTO;0;BARRIO_S4;99-BARRIO_S4;0;0;D;1
99;1;CORREGIMIENTO UNO;0;BARRIO_S4;99-BARRIO_S4;0;0;A;1335
99;1;CORREGIMIENTO UNO;0;BARRIO_S4;99-BARRIO_S4;0;0;B;1674
99;1;CORREGIMIENTO UNO;0;BARRIO_S4;99-BARRIO_S4;0;0;C;1209
99;1;CORREGIMIENTO UNO;0;BARRIO_S4;99-BARRIO_S4;0;0;D;249
99;2;CORREGIMIENTO DOS;0;BARRIO_S4;99-BARRIO_S4;0;0;A;877
99;2;CORREGIMIENTO DOS;0;BARRIO_S4;99-BARRIO_S4;0;0;B;747
99;2;CORREGIMIENTO DOS;0;BARRIO_S4;99-BARRIO_S4;0;0;C;294
99;2;CORREGIMIENTO DOS;0;BARRIO_S4;99-BARRIO_S4;0;0;D;53
99;3;CORREGIMIENTO TRES;0;BARRIO_S4;99-BARRIO_S4;0;0;A;1167
99;3;CORREGIMIENTO TRES;0;BARRIO_S4;99-BARRIO_S4;0;0;B;1134
99;3;CORREGIMIENTO TRES;0;BARRIO_S4;99-BARRIO_S4;0;0;C;803
99;3;CORREGIMIENTO TRES;0;BARRIO_S4;99-BARRIO_S4;0;0;D;195
