Cod_comuna_x;Cod_corregimiento;NOM_CORREGIMIENTO;Cod_vereda;NOM_VEREDA;Cod_barrio;NOM_BARRIO;H_5_Pobre o no;personas
1;0;SIN CORREGIMIENTO;0;SIN VEREDA;1;EL PAULON VILLA PATRICIA;0;297
1;0;SIN CORREGIMIENTO;0;SIN VEREDA;1;EL PAULON VILLA PATRICIA;1;124
1;0;SIN CORREGIMIENTO;0;SIN VEREDA;2;EL PAULON VILLA LINA;0;618
1;0;SIN CORREGIMIENTO;0;SIN VEREDA;2;EL PAULON VILLA LINA;1;344
1;0;SIN CORREGIMIENTO;0;SIN VEREDA;3;COLORADOS;0;2305
1;0;SIN CORREGIMIENTO;0;SIN VEREDA;3;COLORADOS;1;531
1;0;SIN CORREGIMIENTO;0;SIN VEREDA;4;EL PAULON;0;812
1;0;SIN CORREGIMIENTO;0;SIN VEREDA;4;EL PAULON;1;321
1;0;SIN CORREGIMIENTO;0;SIN VEREDA;5;ROSALTA COLORADOS;0;303
1;0;SIN CORREGIMIENTO;0;SIN VEREDA;5;ROSALTA COLORADOS;1;47
1;0;SIN CORREGIMIENTO;0;SIN VEREDA;6;COLORADOS PATIO BONITO;0;283
1;0;SIN CORREGIMIENTO;0;SIN VEREDA;6;COLORADOS PATIO BONITO;1;68
1;0;SIN CORREGIMIENTO;0;SIN VEREDA;7;CAFê MADRID VILLA ALICIA;0;159
1;0;SIN CORREGIMIENTO;0;SIN VEREDA;7;CAFê MADRID VILLA ALICIA;1;31
1;0;SIN CORREGIMIENTO;0;SIN VEREDA;8;EL ROSAL COLORADOS;0;509
1;0;SIN CORREGIMIENTO;0;SIN VEREDA;8;EL ROSAL COLORADOS;1;172
1;0;SIN CORREGIMIENTO;0;SIN VEREDA;9;LAS DELICIAS;0;22
1;0;SIN CORREGIMIENTO;0;SIN VEREDA;9;LAS DELICIAS;1;1
1;0;SIN CORREGIMIENTO;0;SIN VEREDA;10;ASENTAMIENTO BARRIO NUEVO;0;11
1;0;SIN CORREGIMIENTO;0;SIN VEREDA;10;ASENTAMIENTO BARRIO NUEVO;1;10
1;0;SIN CORREGIMIENTO;0;SIN VEREDA;11;DIVINO NI•O NORTE;0;182
1;0;SIN CORREGIMIENTO;0;SIN VEREDA;11;DIVINO NI•O NORTE;1;93
1;0;SIN CORREGIMIENTO;0;SIN VEREDA;12;CAFê MADRID EL TÈNEL;0;506
1;0;SIN CORREGIMIENTO;0;SIN VEREDA;12;CAFê MADRID EL TÈNEL;1;208
1;0;SIN CORREGIMIENTO;0;SIN VEREDA;13;CAFê MADRID LA UNI‡N;0;83
1;0;SIN CORREGIMIENTO;0;SIN VEREDA;13;CAFê MADRID LA UNI‡N;1;27
1;0;SIN CORREGIMIENTO;0;SIN VEREDA;14;CAFê MADRID;0;534
1;0;SIN CORREGIMIENTO;0;SIN VEREDA;14;CAFê MADRID;1;139
1;0;SIN CORREGIMIENTO;0;SIN VEREDA;15;CAFê MADRID LA PLAYA;0;426
1;0;SIN CORREGIMIENTO;0;SIN VEREDA;15;CAFê MADRID LA PLAYA;1;220
1;0;SIN CORREGIMIENTO;0;SIN VEREDA;19;CAFê MADRID LA LOMA;0;172
1;0;SIN CORREGIMIENTO;0;SIN VEREDA;19;CAFê MADRID LA LOMA;1;32
1;0;SIN CORREGIMIENTO;0;SIN VEREDA;24;CIUDADELA CAFê MADRID ;0;1539
1;0;SIN CORREGIMIENTO;0;SIN VEREDA;24;CIUDADELA CAFê MADRID ;1;448
1;0;SIN CORREGIMIENTO;0;SIN VEREDA;25;CAFê MADRID EL PLAN;0;569
1;0;SIN CORREGIMIENTO;0;SIN VEREDA;25;CAFê MADRID EL PLAN;1;138
1;0;SIN CORREGIMIENTO;0;SIN VEREDA;26;CAFê MADRID LA VIRGEN;0;105
1;0;SIN CORREGIMIENTO;0;SIN VEREDA;26;CAFê MADRID LA VIRGEN;1;53
1;0;SIN CORREGIMIENTO;0;SIN VEREDA;27;CAFê MADRID EL SUICHE;0;31
1;0;SIN CORREGIMIENTO;0;SIN VEREDA;27;CAFê MADRID EL SUICHE;1;26
1;0;SIN CORREGIMIENTO;0;SIN VEREDA;28;CAFê MADRID EL CABLE;0;300
1;0;SIN CORREGIMIENTO;0;SIN VEREDA;28;CAFê MADRID EL CABLE;1;117
1;0;SIN CORREGIMIENTO;0;SIN VEREDA;29;KENNEDY;0;2449
1;0;SIN CORREGIMIENTO;0;SIN VEREDA;29;KENNEDY;1;449
1;0;SIN CORREGIMIENTO;0;SIN VEREDA;30;VILLA ALEGRIA;0;722
1;0;SIN CORREGIMIENTO;0;SIN VEREDA;30;VILLA ALEGRIA;1;177
1;0;SIN CORREGIMIENTO;0;SIN VEREDA;31;LAS HAMACAS;0;536
1;0;SIN CORREGIMIENTO;0;SIN VEREDA;31;LAS HAMACAS;1;195
1;0;SIN CORREGIMIENTO;0;SIN VEREDA;32;MAR÷A PAZ;0;3141
1;0;SIN CORREGIMIENTO;0;SIN VEREDA;32;MAR÷A PAZ;1;639
1;0;SIN CORREGIMIENTO;0;SIN VEREDA;33;ALTOS DEL KENNEDY;0;415
1;0;SIN CORREGIMIENTO;0;SIN VEREDA;33;ALTOS DEL KENNEDY;1;73
1;0;SIN CORREGIMIENTO;0;SIN VEREDA;35;MINUTO DE DIOS;0;815
1;0;SIN CORREGIMIENTO;0;SIN VEREDA;35;MINUTO DE DIOS;1;102
1;0;SIN CORREGIMIENTO;0;SIN VEREDA;36;MIRADOR DEL KENNEDY;0;143
1;0;SIN CORREGIMIENTO;0;SIN VEREDA;36;MIRADOR DEL KENNEDY;1;30
1;0;SIN CORREGIMIENTO;0;SIN VEREDA;38;COLSEGUROS NORTE;0;832
1;0;SIN CORREGIMIENTO;0;SIN VEREDA;38;COLSEGUROS NORTE;1;123
1;0;SIN CORREGIMIENTO;0;SIN VEREDA;39;OMAGA I ;0;165
1;0;SIN CORREGIMIENTO;0;SIN VEREDA;39;OMAGA I ;1;29
1;0;SIN CORREGIMIENTO;0;SIN VEREDA;40;MIRAMAR;0;401
1;0;SIN CORREGIMIENTO;0;SIN VEREDA;40;MIRAMAR;1;62
1;0;SIN CORREGIMIENTO;0;SIN VEREDA;41;BALCONES DEL KENNEDY;0;912
1;0;SIN CORREGIMIENTO;0;SIN VEREDA;41;BALCONES DEL KENNEDY;1;209
1;0;SIN CORREGIMIENTO;0;SIN VEREDA;42;VILLA MAR÷A;0;216
1;0;SIN CORREGIMIENTO;0;SIN VEREDA;42;VILLA MAR÷A;1;158
1;0;SIN CORREGIMIENTO;0;SIN VEREDA;43;ASENTAMIENTO VILLA MAR÷A;1;3
1;0;SIN CORREGIMIENTO;0;SIN VEREDA;45;LOS µNGELES;0;2
1;0;SIN CORREGIMIENTO;0;SIN VEREDA;47;OLAS ALTAS Y BAJAS;0;875
1;0;SIN CORREGIMIENTO;0;SIN VEREDA;47;OLAS ALTAS Y BAJAS;1;186
1;0;SIN CORREGIMIENTO;0;SIN VEREDA;49;PAISAJES DEL NORTE;0;594
1;0;SIN CORREGIMIENTO;0;SIN VEREDA;49;PAISAJES DEL NORTE;1;123
1;0;SIN CORREGIMIENTO;0;SIN VEREDA;50;VILLA ROSA;0;4699
1;0;SIN CORREGIMIENTO;0;SIN VEREDA;50;VILLA ROSA;1;916
1;0;SIN CORREGIMIENTO;0;SIN VEREDA;54;MIRADOR NORTE;0;2
1;0;SIN CORREGIMIENTO;0;SIN VEREDA;55;CLAVERIANO;0;1114
1;0;SIN CORREGIMIENTO;0;SIN VEREDA;55;CLAVERIANO;1;264
1;0;SIN CORREGIMIENTO;0;SIN VEREDA;56;ALTOS DEL PROGRESO;0;985
1;0;SIN CORREGIMIENTO;0;SIN VEREDA;56;ALTOS DEL PROGRESO;1;251
1;0;SIN CORREGIMIENTO;0;SIN VEREDA;58;13 DE JUNIO;0;170
1;0;SIN CORREGIMIENTO;0;SIN VEREDA;58;13 DE JUNIO;1;39
1;0;SIN CORREGIMIENTO;0;SIN VEREDA;69;VILLA MERCEDES;0;1
1;0;SIN CORREGIMIENTO;0;SIN VEREDA;88;CAFê MADRID LA 40;0;85
1;0;SIN CORREGIMIENTO;0;SIN VEREDA;88;CAFê MADRID LA 40;1;12
1;0;SIN CORREGIMIENTO;0;SIN VEREDA;91;TEJADITOS;0;7
1;0;SIN CORREGIMIENTO;0;SIN VEREDA;91;TEJADITOS;1;18
1;0;SIN CORREGIMIENTO;0;SIN VEREDA;94;EL NOGAL 2;0;324
1;0;SIN CORREGIMIENTO;0;SIN VEREDA;94;EL NOGAL 2;1;326
1;0;SIN CORREGIMIENTO;0;SIN VEREDA;108;LIMONCITO MORRORRICO;0;3
1;0;SIN CORREGIMIENTO;0;SIN VEREDA;229;VILLA SARA;1;4
1;0;SIN CORREGIMIENTO;0;SIN VEREDA;230;VILLA ALICIA;0;121
1;0;SIN CORREGIMIENTO;0;SIN VEREDA;230;VILLA ALICIA;1;47
1;0;SIN CORREGIMIENTO;0;SIN VEREDA;235;DELICIAS NORTE;0;94
1;0;SIN CORREGIMIENTO;0;SIN VEREDA;235;DELICIAS NORTE;1;20
1;0;SIN CORREGIMIENTO;0;SIN VEREDA;244;VILLA FLOR;0;4
1;0;SIN CORREGIMIENTO;0;SIN VEREDA;247;LA FORTUNA;0;307
1;0;SIN CORREGIMIENTO;0;SIN VEREDA;247;LA FORTUNA;1;194
1;0;SIN CORREGIMIENTO;0;SIN VEREDA;281;SAN IGNACIO REAL;0;343
1;0;SIN CORREGIMIENTO;0;SIN VEREDA;281;SAN IGNACIO REAL;1;80
1;0;SIN CORREGIMIENTO;0;SIN VEREDA;291;CAMINOS DE PAZ;0;82
1;0;SIN CORREGIMIENTO;0;SIN VEREDA;291;CAMINOS DE PAZ;1;67
1;0;SIN CORREGIMIENTO;0;SIN VEREDA;292;LAS TUNAS;0;2
1;0;SIN CORREGIMIENTO;0;SIN VEREDA;297;TEJAR II;0;741
1;0;SIN CORREGIMIENTO;0;SIN VEREDA;297;TEJAR II;1;112
1;0;SIN CORREGIMIENTO;0;SIN VEREDA;298;TEJAR I;0;523
1;0;SIN CORREGIMIENTO;0;SIN VEREDA;298;TEJAR I;1;79
1;0;SIN CORREGIMIENTO;0;SIN VEREDA;299;OMAGA II;0;486
1;0;SIN CORREGIMIENTO;0;SIN VEREDA;299;OMAGA II;1;114
1;0;SIN CORREGIMIENTO;0;SIN VEREDA;301;CERVUNION;0;225
1;0;SIN CORREGIMIENTO;0;SIN VEREDA;301;CERVUNION;1;168
1;0;SIN CORREGIMIENTO;0;SIN VEREDA;302;ASENTAMIENTO LUZ DE ESPERANZA;0;26
1;0;SIN CORREGIMIENTO;0;SIN VEREDA;302;ASENTAMIENTO LUZ DE ESPERANZA;1;2
1;0;SIN CORREGIMIENTO;0;SIN VEREDA;305;SAN VALENT÷N;0;438
1;0;SIN CORREGIMIENTO;0;SIN VEREDA;305;SAN VALENT÷N;1;160
1;0;SIN CORREGIMIENTO;0;SIN VEREDA;311;ALTOS DE BETANIA;0;898
1;0;SIN CORREGIMIENTO;0;SIN VEREDA;311;ALTOS DE BETANIA;1;341
1;0;SIN CORREGIMIENTO;0;SIN VEREDA;328;CAMPESTRE NORTE ;0;1827
1;0;SIN CORREGIMIENTO;0;SIN VEREDA;328;CAMPESTRE NORTE ;1;780
1;0;SIN CORREGIMIENTO;0;SIN VEREDA;332;BONANZA CAMPESTRE;0;315
1;0;SIN CORREGIMIENTO;0;SIN VEREDA;332;BONANZA CAMPESTRE;1;187
1;0;SIN CORREGIMIENTO;0;SIN VEREDA;335;PUENTE NARI•O;0;517
1;0;SIN CORREGIMIENTO;0;SIN VEREDA;335;PUENTE NARI•O;1;526
1;0;SIN CORREGIMIENTO;0;SIN VEREDA;338;CAFE MADRID LA SEXTA;0;82
1;0;SIN CORREGIMIENTO;0;SIN VEREDA;338;CAFE MADRID LA SEXTA;1;20
1;0;SIN CORREGIMIENTO;0;SIN VEREDA;342;VILLAS DE SAN IGNACIO;0;598
1;0;SIN CORREGIMIENTO;0;SIN VEREDA;342;VILLAS DE SAN IGNACIO;1;159
1;0;SIN CORREGIMIENTO;0;SIN VEREDA;346;JARDINES DE ALTAGRACIA;0;123
1;0;SIN CORREGIMIENTO;0;SIN VEREDA;346;JARDINES DE ALTAGRACIA;1;13
1;0;SIN CORREGIMIENTO;0;SIN VEREDA;348;PORTAL DE LOS µNGELES;0;541
1;0;SIN CORREGIMIENTO;0;SIN VEREDA;348;PORTAL DE LOS µNGELES;1;161
1;0;SIN CORREGIMIENTO;0;SIN VEREDA;350;BETANIA ;0;2457
1;0;SIN CORREGIMIENTO;0;SIN VEREDA;350;BETANIA ;1;697
1;0;SIN CORREGIMIENTO;0;SIN VEREDA;351;CAFê MADRID LA ESTACI‡N;0;651
1;0;SIN CORREGIMIENTO;0;SIN VEREDA;351;CAFê MADRID LA ESTACI‡N;1;178
1;0;SIN CORREGIMIENTO;0;SIN VEREDA;354;MIRADOR DE COLORADOS;0;126
1;0;SIN CORREGIMIENTO;0;SIN VEREDA;354;MIRADOR DE COLORADOS;1;37
1;0;SIN CORREGIMIENTO;0;SIN VEREDA;356;BAVARIA;0;2149
1;0;SIN CORREGIMIENTO;0;SIN VEREDA;356;BAVARIA;1;588
1;0;SIN CORREGIMIENTO;0;SIN VEREDA;357;CAFê MADRID CORRALES;0;42
1;0;SIN CORREGIMIENTO;0;SIN VEREDA;357;CAFê MADRID CORRALES;1;7
1;0;SIN CORREGIMIENTO;0;SIN VEREDA;359;GETSEMANI;0;365
1;0;SIN CORREGIMIENTO;0;SIN VEREDA;359;GETSEMANI;1;120
1;0;SIN CORREGIMIENTO;0;SIN VEREDA;361;VILLAS DEL NOGAL;0;4
1;0;SIN CORREGIMIENTO;0;SIN VEREDA;366;LOS CEDROS NORTE;0;68
1;0;SIN CORREGIMIENTO;0;SIN VEREDA;366;LOS CEDROS NORTE;1;10
1;0;SIN CORREGIMIENTO;0;SIN VEREDA;370;CAMPO MADRID;0;3252
1;0;SIN CORREGIMIENTO;0;SIN VEREDA;370;CAMPO MADRID;1;784
2;0;SIN CORREGIMIENTO;0;SIN VEREDA;0;BARRIO_S4;0;287
2;0;SIN CORREGIMIENTO;0;SIN VEREDA;0;BARRIO_S4;1;205
2;0;SIN CORREGIMIENTO;0;SIN VEREDA;8;EL ROSAL COLORADOS;0;2
2;0;SIN CORREGIMIENTO;0;SIN VEREDA;21;MIRADOR DE LA UIS;0;520
2;0;SIN CORREGIMIENTO;0;SIN VEREDA;21;MIRADOR DE LA UIS;1;313
2;0;SIN CORREGIMIENTO;0;SIN VEREDA;37;LOS CUADROS;0;576
2;0;SIN CORREGIMIENTO;0;SIN VEREDA;37;LOS CUADROS;1;340
2;0;SIN CORREGIMIENTO;0;SIN VEREDA;44;VILLA HELENA I Y II;0;1848
2;0;SIN CORREGIMIENTO;0;SIN VEREDA;44;VILLA HELENA I Y II;1;596
2;0;SIN CORREGIMIENTO;0;SIN VEREDA;45;LOS µNGELES;0;846
2;0;SIN CORREGIMIENTO;0;SIN VEREDA;45;LOS µNGELES;1;181
2;0;SIN CORREGIMIENTO;0;SIN VEREDA;46;JOSE MAR÷A C‡RDOBA;0;430
2;0;SIN CORREGIMIENTO;0;SIN VEREDA;46;JOSE MAR÷A C‡RDOBA;1;348
2;0;SIN CORREGIMIENTO;0;SIN VEREDA;47;OLAS ALTAS Y BAJAS;0;56
2;0;SIN CORREGIMIENTO;0;SIN VEREDA;47;OLAS ALTAS Y BAJAS;1;23
2;0;SIN CORREGIMIENTO;0;SIN VEREDA;50;VILLA ROSA;0;231
2;0;SIN CORREGIMIENTO;0;SIN VEREDA;50;VILLA ROSA;1;45
2;0;SIN CORREGIMIENTO;0;SIN VEREDA;51;LIZCANO I Y II;0;517
2;0;SIN CORREGIMIENTO;0;SIN VEREDA;51;LIZCANO I Y II;1;92
2;0;SIN CORREGIMIENTO;0;SIN VEREDA;52;ESPERANZA II;0;1600
2;0;SIN CORREGIMIENTO;0;SIN VEREDA;52;ESPERANZA II;1;417
2;0;SIN CORREGIMIENTO;0;SIN VEREDA;53;ESPERANZA III;0;841
2;0;SIN CORREGIMIENTO;0;SIN VEREDA;53;ESPERANZA III;1;260
2;0;SIN CORREGIMIENTO;0;SIN VEREDA;54;MIRADOR NORTE;0;535
2;0;SIN CORREGIMIENTO;0;SIN VEREDA;54;MIRADOR NORTE;1;545
2;0;SIN CORREGIMIENTO;0;SIN VEREDA;57;BOSCONIA ;0;6
2;0;SIN CORREGIMIENTO;0;SIN VEREDA;57;BOSCONIA ;1;4
2;0;SIN CORREGIMIENTO;0;SIN VEREDA;58;13 DE JUNIO;0;5
2;0;SIN CORREGIMIENTO;0;SIN VEREDA;59;LA GRANJITA;0;108
2;0;SIN CORREGIMIENTO;0;SIN VEREDA;59;LA GRANJITA;1;121
2;0;SIN CORREGIMIENTO;0;SIN VEREDA;61;REGADERO NORTE;0;1342
2;0;SIN CORREGIMIENTO;0;SIN VEREDA;61;REGADERO NORTE;1;281
2;0;SIN CORREGIMIENTO;0;SIN VEREDA;62;PRIMAVERAL REGADERO;0;123
2;0;SIN CORREGIMIENTO;0;SIN VEREDA;62;PRIMAVERAL REGADERO;1;37
2;0;SIN CORREGIMIENTO;0;SIN VEREDA;64;LA JUVENTUD;0;1052
2;0;SIN CORREGIMIENTO;0;SIN VEREDA;64;LA JUVENTUD;1;319
2;0;SIN CORREGIMIENTO;0;SIN VEREDA;65;ESPERANZA I;0;1077
2;0;SIN CORREGIMIENTO;0;SIN VEREDA;65;ESPERANZA I;1;345
2;0;SIN CORREGIMIENTO;0;SIN VEREDA;66;SAN CRISTOBAL;0;641
2;0;SIN CORREGIMIENTO;0;SIN VEREDA;66;SAN CRISTOBAL;1;186
2;0;SIN CORREGIMIENTO;0;SIN VEREDA;67;TRANSICI‡N I AL V;0;3963
2;0;SIN CORREGIMIENTO;0;SIN VEREDA;67;TRANSICI‡N I AL V;1;1417
2;0;SIN CORREGIMIENTO;0;SIN VEREDA;68;NUEVA COLOMBIA;0;309
2;0;SIN CORREGIMIENTO;0;SIN VEREDA;68;NUEVA COLOMBIA;1;95
2;0;SIN CORREGIMIENTO;0;SIN VEREDA;69;VILLA MERCEDES;0;1372
2;0;SIN CORREGIMIENTO;0;SIN VEREDA;69;VILLA MERCEDES;1;801
2;0;SIN CORREGIMIENTO;0;SIN VEREDA;70;OLITAS;0;280
2;0;SIN CORREGIMIENTO;0;SIN VEREDA;70;OLITAS;1;81
2;0;SIN CORREGIMIENTO;0;SIN VEREDA;71;BOSQUE NORTE ;0;1053
2;0;SIN CORREGIMIENTO;0;SIN VEREDA;71;BOSQUE NORTE ;1;250
2;0;SIN CORREGIMIENTO;0;SIN VEREDA;72;LA INDEPENDENCIA;0;2771
2;0;SIN CORREGIMIENTO;0;SIN VEREDA;72;LA INDEPENDENCIA;1;900
2;0;SIN CORREGIMIENTO;0;SIN VEREDA;74;NORTE BAJO;0;111
2;0;SIN CORREGIMIENTO;0;SIN VEREDA;74;NORTE BAJO;1;36
2;0;SIN CORREGIMIENTO;0;SIN VEREDA;75;SAN RAFAEL;0;4
2;0;SIN CORREGIMIENTO;0;SIN VEREDA;75;SAN RAFAEL;1;1
2;0;SIN CORREGIMIENTO;0;SIN VEREDA;76;CHAPINERO;0;5
2;0;SIN CORREGIMIENTO;0;SIN VEREDA;87;DON BOSCO;0;2
2;0;SIN CORREGIMIENTO;0;SIN VEREDA;95;COMUNEROS;0;168
2;0;SIN CORREGIMIENTO;0;SIN VEREDA;95;COMUNEROS;1;24
2;0;SIN CORREGIMIENTO;0;SIN VEREDA;101;UNIVERSIDAD;0;7
2;0;SIN CORREGIMIENTO;0;SIN VEREDA;101;UNIVERSIDAD;1;1
2;0;SIN CORREGIMIENTO;0;SIN VEREDA;110;MORRORRICO;0;10
2;0;SIN CORREGIMIENTO;0;SIN VEREDA;110;MORRORRICO;1;20
2;0;SIN CORREGIMIENTO;0;SIN VEREDA;113;PUERTO RICO;1;2
2;0;SIN CORREGIMIENTO;0;SIN VEREDA;116;MIRAFLORES;1;4
2;0;SIN CORREGIMIENTO;0;SIN VEREDA;153;EL PANTANO I;0;11
2;0;SIN CORREGIMIENTO;0;SIN VEREDA;179;COLOMBIA;0;3
2;0;SIN CORREGIMIENTO;0;SIN VEREDA;223;PORVENIR BAJO;1;12
2;0;SIN CORREGIMIENTO;0;SIN VEREDA;271;MONEQUE;0;65
2;0;SIN CORREGIMIENTO;0;SIN VEREDA;271;MONEQUE;1;15
2;0;SIN CORREGIMIENTO;0;SIN VEREDA;337;CIUDADELA CLUB COMFENALCO;0;373
2;0;SIN CORREGIMIENTO;0;SIN VEREDA;337;CIUDADELA CLUB COMFENALCO;1;48
3;0;SIN CORREGIMIENTO;0;SIN VEREDA;21;MIRADOR DE LA UIS;1;2
3;0;SIN CORREGIMIENTO;0;SIN VEREDA;72;LA INDEPENDENCIA;0;27
3;0;SIN CORREGIMIENTO;0;SIN VEREDA;72;LA INDEPENDENCIA;1;2
3;0;SIN CORREGIMIENTO;0;SIN VEREDA;74;NORTE BAJO;0;469
3;0;SIN CORREGIMIENTO;0;SIN VEREDA;74;NORTE BAJO;1;117
3;0;SIN CORREGIMIENTO;0;SIN VEREDA;75;SAN RAFAEL;0;1665
3;0;SIN CORREGIMIENTO;0;SIN VEREDA;75;SAN RAFAEL;1;439
3;0;SIN CORREGIMIENTO;0;SIN VEREDA;76;CHAPINERO;0;759
3;0;SIN CORREGIMIENTO;0;SIN VEREDA;76;CHAPINERO;1;173
3;0;SIN CORREGIMIENTO;0;SIN VEREDA;95;COMUNEROS;0;3853
3;0;SIN CORREGIMIENTO;0;SIN VEREDA;95;COMUNEROS;1;798
3;0;SIN CORREGIMIENTO;0;SIN VEREDA;96;MODELO;0;615
3;0;SIN CORREGIMIENTO;0;SIN VEREDA;96;MODELO;1;113
3;0;SIN CORREGIMIENTO;0;SIN VEREDA;97;MUTUALIDAD;0;1077
3;0;SIN CORREGIMIENTO;0;SIN VEREDA;97;MUTUALIDAD;1;175
3;0;SIN CORREGIMIENTO;0;SIN VEREDA;98;SAN FRANCISCO;0;1726
3;0;SIN CORREGIMIENTO;0;SIN VEREDA;98;SAN FRANCISCO;1;329
3;0;SIN CORREGIMIENTO;0;SIN VEREDA;99;ALARC‡N;0;195
3;0;SIN CORREGIMIENTO;0;SIN VEREDA;99;ALARC‡N;1;30
3;0;SIN CORREGIMIENTO;0;SIN VEREDA;100;SAN ALONSO;0;11
3;0;SIN CORREGIMIENTO;0;SIN VEREDA;100;SAN ALONSO;1;2
3;0;SIN CORREGIMIENTO;0;SIN VEREDA;101;UNIVERSIDAD;0;112
3;0;SIN CORREGIMIENTO;0;SIN VEREDA;101;UNIVERSIDAD;1;18
3;0;SIN CORREGIMIENTO;0;SIN VEREDA;113;PUERTO RICO;0;129
3;0;SIN CORREGIMIENTO;0;SIN VEREDA;113;PUERTO RICO;1;23
3;0;SIN CORREGIMIENTO;0;SIN VEREDA;130;CENTRO;0;4
3;0;SIN CORREGIMIENTO;0;SIN VEREDA;131;ANTONIA SANTOS CENTRO;0;5
3;0;SIN CORREGIMIENTO;0;SIN VEREDA;195;PABLO VI;0;37
3;0;SIN CORREGIMIENTO;0;SIN VEREDA;195;PABLO VI;1;14
3;0;SIN CORREGIMIENTO;0;SIN VEREDA;218;SAN EXPEDITO;0;4
3;0;SIN CORREGIMIENTO;0;SIN VEREDA;218;SAN EXPEDITO;1;1
3;0;SIN CORREGIMIENTO;0;SIN VEREDA;305;SAN VALENT÷N;0;1
4;0;SIN CORREGIMIENTO;0;SIN VEREDA;0;BARRIO_S4;0;2
4;0;SIN CORREGIMIENTO;0;SIN VEREDA;3;COLORADOS;1;2
4;0;SIN CORREGIMIENTO;0;SIN VEREDA;11;DIVINO NI•O NORTE;0;3
4;0;SIN CORREGIMIENTO;0;SIN VEREDA;11;DIVINO NI•O NORTE;1;3
4;0;SIN CORREGIMIENTO;0;SIN VEREDA;14;CAFê MADRID;0;2
4;0;SIN CORREGIMIENTO;0;SIN VEREDA;16;GALLINERAL;0;191
4;0;SIN CORREGIMIENTO;0;SIN VEREDA;16;GALLINERAL;1;257
4;0;SIN CORREGIMIENTO;0;SIN VEREDA;18;5 DE ENERO;0;128
4;0;SIN CORREGIMIENTO;0;SIN VEREDA;18;5 DE ENERO;1;263
4;0;SIN CORREGIMIENTO;0;SIN VEREDA;20;CARLOS PIZARRO;0;64
4;0;SIN CORREGIMIENTO;0;SIN VEREDA;20;CARLOS PIZARRO;1;73
4;0;SIN CORREGIMIENTO;0;SIN VEREDA;22;JOSE ANTONIO GALµN;0;1082
4;0;SIN CORREGIMIENTO;0;SIN VEREDA;22;JOSE ANTONIO GALµN;1;589
4;0;SIN CORREGIMIENTO;0;SIN VEREDA;35;MINUTO DE DIOS;0;1
4;0;SIN CORREGIMIENTO;0;SIN VEREDA;46;JOSE MAR÷A C‡RDOBA;0;1
4;0;SIN CORREGIMIENTO;0;SIN VEREDA;73;CINAL I II Y III;0;365
4;0;SIN CORREGIMIENTO;0;SIN VEREDA;73;CINAL I II Y III;1;177
4;0;SIN CORREGIMIENTO;0;SIN VEREDA;74;NORTE BAJO;0;22
4;0;SIN CORREGIMIENTO;0;SIN VEREDA;74;NORTE BAJO;1;4
4;0;SIN CORREGIMIENTO;0;SIN VEREDA;75;SAN RAFAEL;0;4
4;0;SIN CORREGIMIENTO;0;SIN VEREDA;77;GAITµN;0;3039
4;0;SIN CORREGIMIENTO;0;SIN VEREDA;77;GAITµN;1;686
4;0;SIN CORREGIMIENTO;0;SIN VEREDA;78;GRANADA;0;580
4;0;SIN CORREGIMIENTO;0;SIN VEREDA;78;GRANADA;1;147
4;0;SIN CORREGIMIENTO;0;SIN VEREDA;79;LA FERIA;0;493
4;0;SIN CORREGIMIENTO;0;SIN VEREDA;79;LA FERIA;1;165
4;0;SIN CORREGIMIENTO;0;SIN VEREDA;80;NAPOLES;0;641
4;0;SIN CORREGIMIENTO;0;SIN VEREDA;80;NAPOLES;1;262
4;0;SIN CORREGIMIENTO;0;SIN VEREDA;82;GIRARDOT;0;4189
4;0;SIN CORREGIMIENTO;0;SIN VEREDA;82;GIRARDOT;1;1001
4;0;SIN CORREGIMIENTO;0;SIN VEREDA;83;ZARABANDA;0;353
4;0;SIN CORREGIMIENTO;0;SIN VEREDA;83;ZARABANDA;1;144
4;0;SIN CORREGIMIENTO;0;SIN VEREDA;84;CUYANITA;0;320
4;0;SIN CORREGIMIENTO;0;SIN VEREDA;84;CUYANITA;1;404
4;0;SIN CORREGIMIENTO;0;SIN VEREDA;85;CAMILO TORRES;0;435
4;0;SIN CORREGIMIENTO;0;SIN VEREDA;85;CAMILO TORRES;1;242
4;0;SIN CORREGIMIENTO;0;SIN VEREDA;86;SANTANDER;0;1625
4;0;SIN CORREGIMIENTO;0;SIN VEREDA;86;SANTANDER;1;374
4;0;SIN CORREGIMIENTO;0;SIN VEREDA;87;DON BOSCO;0;822
4;0;SIN CORREGIMIENTO;0;SIN VEREDA;87;DON BOSCO;1;163
4;0;SIN CORREGIMIENTO;0;SIN VEREDA;89;NAPOLES CURTIEMBRE;0;303
4;0;SIN CORREGIMIENTO;0;SIN VEREDA;89;NAPOLES CURTIEMBRE;1;129
4;0;SIN CORREGIMIENTO;0;SIN VEREDA;90;LA GLORIA;0;643
4;0;SIN CORREGIMIENTO;0;SIN VEREDA;90;LA GLORIA;1;245
4;0;SIN CORREGIMIENTO;0;SIN VEREDA;92;NARI•O;0;1455
4;0;SIN CORREGIMIENTO;0;SIN VEREDA;92;NARI•O;1;442
4;0;SIN CORREGIMIENTO;0;SIN VEREDA;93;PIO XII;0;197
4;0;SIN CORREGIMIENTO;0;SIN VEREDA;93;PIO XII;1;102
4;0;SIN CORREGIMIENTO;0;SIN VEREDA;98;SAN FRANCISCO;0;1
4;0;SIN CORREGIMIENTO;0;SIN VEREDA;99;ALARC‡N;0;21
4;0;SIN CORREGIMIENTO;0;SIN VEREDA;99;ALARC‡N;1;1
4;0;SIN CORREGIMIENTO;0;SIN VEREDA;119;GALµN;0;25
4;0;SIN CORREGIMIENTO;0;SIN VEREDA;119;GALµN;1;7
4;0;SIN CORREGIMIENTO;0;SIN VEREDA;130;CENTRO;0;1
4;0;SIN CORREGIMIENTO;0;SIN VEREDA;131;ANTONIA SANTOS CENTRO;0;1
4;0;SIN CORREGIMIENTO;0;SIN VEREDA;136;SOTOMAYOR;0;1
4;0;SIN CORREGIMIENTO;0;SIN VEREDA;141;GARC÷A ROVIRA;0;13
4;0;SIN CORREGIMIENTO;0;SIN VEREDA;141;GARC÷A ROVIRA;1;13
4;0;SIN CORREGIMIENTO;0;SIN VEREDA;142;ALFONSO L‡PEZ;1;4
4;0;SIN CORREGIMIENTO;0;SIN VEREDA;145;CAMPO HERMOSO;1;1
4;0;SIN CORREGIMIENTO;0;SIN VEREDA;154;EL PANTANO II;0;27
4;0;SIN CORREGIMIENTO;0;SIN VEREDA;154;EL PANTANO II;1;22
4;0;SIN CORREGIMIENTO;0;SIN VEREDA;193;NUEVA GRANADA;0;55
4;0;SIN CORREGIMIENTO;0;SIN VEREDA;193;NUEVA GRANADA;1;12
4;0;SIN CORREGIMIENTO;0;SIN VEREDA;232;DANGOND;0;18
4;0;SIN CORREGIMIENTO;0;SIN VEREDA;232;DANGOND;1;9
4;0;SIN CORREGIMIENTO;0;SIN VEREDA;240;IGSABELAR;0;16
4;0;SIN CORREGIMIENTO;0;SIN VEREDA;240;IGSABELAR;1;1
4;0;SIN CORREGIMIENTO;0;SIN VEREDA;278;12 DE OCTUBRE;0;875
4;0;SIN CORREGIMIENTO;0;SIN VEREDA;278;12 DE OCTUBRE;1;355
4;0;SIN CORREGIMIENTO;0;SIN VEREDA;279;DIVINO NI•O CENTRO ;0;211
4;0;SIN CORREGIMIENTO;0;SIN VEREDA;279;DIVINO NI•O CENTRO ;1;272
4;0;SIN CORREGIMIENTO;0;SIN VEREDA;280;RESERVA DE LA INMACULADA;0;1346
4;0;SIN CORREGIMIENTO;0;SIN VEREDA;280;RESERVA DE LA INMACULADA;1;171
4;0;SIN CORREGIMIENTO;0;SIN VEREDA;307;MILAGRO DE DIOS;0;442
4;0;SIN CORREGIMIENTO;0;SIN VEREDA;307;MILAGRO DE DIOS;1;366
4;0;SIN CORREGIMIENTO;0;SIN VEREDA;325;MAR÷A AUXILIADORA;0;75
4;0;SIN CORREGIMIENTO;0;SIN VEREDA;325;MAR÷A AUXILIADORA;1;50
4;0;SIN CORREGIMIENTO;0;SIN VEREDA;333;23 DE JUNIO;0;505
4;0;SIN CORREGIMIENTO;0;SIN VEREDA;333;23 DE JUNIO;1;91
4;0;SIN CORREGIMIENTO;0;SIN VEREDA;345;PASEO DE LA FERIA;0;1134
4;0;SIN CORREGIMIENTO;0;SIN VEREDA;345;PASEO DE LA FERIA;1;218
4;0;SIN CORREGIMIENTO;0;SIN VEREDA;356;BAVARIA;1;6
4;0;SIN CORREGIMIENTO;0;SIN VEREDA;359;GETSEMANI;1;1
4;0;SIN CORREGIMIENTO;0;SIN VEREDA;365;VILLAS DE GIRARDOT;0;815
4;0;SIN CORREGIMIENTO;0;SIN VEREDA;365;VILLAS DE GIRARDOT;1;1234
4;0;SIN CORREGIMIENTO;0;SIN VEREDA;368;URBANIZACI‡N LA INMACULADA;0;1854
4;0;SIN CORREGIMIENTO;0;SIN VEREDA;368;URBANIZACI‡N LA INMACULADA;1;562
4;0;SIN CORREGIMIENTO;0;SIN VEREDA;999999;BARRIO_S4;0;1
5;0;SIN CORREGIMIENTO;0;SIN VEREDA;17;RINC‡N DE LA PAZ;0;651
5;0;SIN CORREGIMIENTO;0;SIN VEREDA;17;RINC‡N DE LA PAZ;1;295
5;0;SIN CORREGIMIENTO;0;SIN VEREDA;82;GIRARDOT;0;2
5;0;SIN CORREGIMIENTO;0;SIN VEREDA;141;GARC÷A ROVIRA;0;61
5;0;SIN CORREGIMIENTO;0;SIN VEREDA;141;GARC÷A ROVIRA;1;3
5;0;SIN CORREGIMIENTO;0;SIN VEREDA;142;ALFONSO L‡PEZ;0;2813
5;0;SIN CORREGIMIENTO;0;SIN VEREDA;142;ALFONSO L‡PEZ;1;527
5;0;SIN CORREGIMIENTO;0;SIN VEREDA;143;LA JOYA;0;1728
5;0;SIN CORREGIMIENTO;0;SIN VEREDA;143;LA JOYA;1;298
5;0;SIN CORREGIMIENTO;0;SIN VEREDA;144;CHORRERAS DE DON JUAN;0;563
5;0;SIN CORREGIMIENTO;0;SIN VEREDA;144;CHORRERAS DE DON JUAN;1;97
5;0;SIN CORREGIMIENTO;0;SIN VEREDA;145;CAMPO HERMOSO;0;5701
5;0;SIN CORREGIMIENTO;0;SIN VEREDA;145;CAMPO HERMOSO;1;1175
5;0;SIN CORREGIMIENTO;0;SIN VEREDA;146;LA ESMERALDA;0;249
5;0;SIN CORREGIMIENTO;0;SIN VEREDA;146;LA ESMERALDA;1;85
5;0;SIN CORREGIMIENTO;0;SIN VEREDA;149;PRIMERO DE MAYO;0;753
5;0;SIN CORREGIMIENTO;0;SIN VEREDA;149;PRIMERO DE MAYO;1;144
5;0;SIN CORREGIMIENTO;0;SIN VEREDA;150;VILLAS DEL ROMERO;0;1
5;0;SIN CORREGIMIENTO;0;SIN VEREDA;151;LA ESTRELLA;0;1
5;0;SIN CORREGIMIENTO;0;SIN VEREDA;151;LA ESTRELLA;1;2
5;0;SIN CORREGIMIENTO;0;SIN VEREDA;152;QUINTA ESTRELLA;0;450
5;0;SIN CORREGIMIENTO;0;SIN VEREDA;152;QUINTA ESTRELLA;1;104
5;0;SIN CORREGIMIENTO;0;SIN VEREDA;153;EL PANTANO I;0;206
5;0;SIN CORREGIMIENTO;0;SIN VEREDA;153;EL PANTANO I;1;72
5;0;SIN CORREGIMIENTO;0;SIN VEREDA;154;EL PANTANO II;0;420
5;0;SIN CORREGIMIENTO;0;SIN VEREDA;154;EL PANTANO II;1;136
5;0;SIN CORREGIMIENTO;0;SIN VEREDA;155;EL PANTANO III;0;230
5;0;SIN CORREGIMIENTO;0;SIN VEREDA;155;EL PANTANO III;1;83
5;0;SIN CORREGIMIENTO;0;SIN VEREDA;168;FUNDADORES I Y II;0;1
5;0;SIN CORREGIMIENTO;0;SIN VEREDA;173;ESTORAQUES;0;1322
5;0;SIN CORREGIMIENTO;0;SIN VEREDA;173;ESTORAQUES;1;332
5;0;SIN CORREGIMIENTO;0;SIN VEREDA;175;PUNTA ESTRELLA;0;13
5;0;SIN CORREGIMIENTO;0;SIN VEREDA;175;PUNTA ESTRELLA;1;6
5;0;SIN CORREGIMIENTO;0;SIN VEREDA;192;LA SALLE;0;5
5;0;SIN CORREGIMIENTO;0;SIN VEREDA;285;URBANIZACI‡N LOS BUCAROS;0;34
5;0;SIN CORREGIMIENTO;0;SIN VEREDA;285;URBANIZACI‡N LOS BUCAROS;1;4
5;0;SIN CORREGIMIENTO;0;SIN VEREDA;296;LA PARCELA;0;1
5;0;SIN CORREGIMIENTO;0;SIN VEREDA;301;CERVUNION;0;1
5;0;SIN CORREGIMIENTO;0;SIN VEREDA;328;CAMPESTRE NORTE ;0;2
5;0;SIN CORREGIMIENTO;0;SIN VEREDA;329;VILLA DEL PRADO;0;123
5;0;SIN CORREGIMIENTO;0;SIN VEREDA;329;VILLA DEL PRADO;1;23
5;0;SIN CORREGIMIENTO;0;SIN VEREDA;336;12 DE FEBRERO;0;14
5;0;SIN CORREGIMIENTO;0;SIN VEREDA;370;CAMPO MADRID;0;3
6;0;SIN CORREGIMIENTO;0;SIN VEREDA;99;ALARC‡N;0;3
6;0;SIN CORREGIMIENTO;0;SIN VEREDA;130;CENTRO;0;3
6;0;SIN CORREGIMIENTO;0;SIN VEREDA;130;CENTRO;1;3
6;0;SIN CORREGIMIENTO;0;SIN VEREDA;135;LA CONCORDIA;0;587
6;0;SIN CORREGIMIENTO;0;SIN VEREDA;135;LA CONCORDIA;1;143
6;0;SIN CORREGIMIENTO;0;SIN VEREDA;137;NUEVO SOTOMAYOR;0;5
6;0;SIN CORREGIMIENTO;0;SIN VEREDA;144;CHORRERAS DE DON JUAN;0;107
6;0;SIN CORREGIMIENTO;0;SIN VEREDA;144;CHORRERAS DE DON JUAN;1;16
6;0;SIN CORREGIMIENTO;0;SIN VEREDA;145;CAMPO HERMOSO;0;5
6;0;SIN CORREGIMIENTO;0;SIN VEREDA;156;CANDILES;0;527
6;0;SIN CORREGIMIENTO;0;SIN VEREDA;156;CANDILES;1;74
6;0;SIN CORREGIMIENTO;0;SIN VEREDA;157;SAN MIGUEL;0;942
6;0;SIN CORREGIMIENTO;0;SIN VEREDA;157;SAN MIGUEL;1;148
6;0;SIN CORREGIMIENTO;0;SIN VEREDA;158;GOMEZ NI•O;0;29
6;0;SIN CORREGIMIENTO;0;SIN VEREDA;158;GOMEZ NI•O;1;15
6;0;SIN CORREGIMIENTO;0;SIN VEREDA;159;RICAURTE;0;495
6;0;SIN CORREGIMIENTO;0;SIN VEREDA;159;RICAURTE;1;106
6;0;SIN CORREGIMIENTO;0;SIN VEREDA;160;LA CEIBA;0;18
6;0;SIN CORREGIMIENTO;0;SIN VEREDA;162;CIUDADELA REAL DE MINAS ;0;1
6;0;SIN CORREGIMIENTO;0;SIN VEREDA;180;CANELOS;0;6
6;0;SIN CORREGIMIENTO;0;SIN VEREDA;191;LA VICTORIA;0;28
6;0;SIN CORREGIMIENTO;0;SIN VEREDA;191;LA VICTORIA;1;26
6;0;SIN CORREGIMIENTO;0;SIN VEREDA;194;CORDONCILLO I;0;3
6;0;SIN CORREGIMIENTO;0;SIN VEREDA;194;CORDONCILLO I;1;6
6;0;SIN CORREGIMIENTO;0;SIN VEREDA;195;PABLO VI;0;6
6;0;SIN CORREGIMIENTO;0;SIN VEREDA;195;PABLO VI;1;6
6;0;SIN CORREGIMIENTO;0;SIN VEREDA;274;BOL÷VAR;0;1
6;0;SIN CORREGIMIENTO;0;SIN VEREDA;286;MACAREGUA;0;2
6;0;SIN CORREGIMIENTO;0;SIN VEREDA;308;LA CU•ITA;0;1
7;0;SIN CORREGIMIENTO;0;SIN VEREDA;131;ANTONIA SANTOS CENTRO;0;2
7;0;SIN CORREGIMIENTO;0;SIN VEREDA;158;GOMEZ NI•O;0;3
7;0;SIN CORREGIMIENTO;0;SIN VEREDA;158;GOMEZ NI•O;1;2
7;0;SIN CORREGIMIENTO;0;SIN VEREDA;159;RICAURTE;0;2
7;0;SIN CORREGIMIENTO;0;SIN VEREDA;162;CIUDADELA REAL DE MINAS ;0;58
7;0;SIN CORREGIMIENTO;0;SIN VEREDA;162;CIUDADELA REAL DE MINAS ;1;10
7;0;SIN CORREGIMIENTO;0;SIN VEREDA;163;BALCONCITOS;0;405
7;0;SIN CORREGIMIENTO;0;SIN VEREDA;163;BALCONCITOS;1;76
7;0;SIN CORREGIMIENTO;0;SIN VEREDA;164;MUTIS;0;6
7;0;SIN CORREGIMIENTO;0;SIN VEREDA;164;MUTIS;1;1
7;0;SIN CORREGIMIENTO;0;SIN VEREDA;171;CIUDAD BOLIVAR;0;71
7;0;SIN CORREGIMIENTO;0;SIN VEREDA;171;CIUDAD BOLIVAR;1;28
7;0;SIN CORREGIMIENTO;0;SIN VEREDA;177;LOS ALMENDROS;0;11
7;0;SIN CORREGIMIENTO;0;SIN VEREDA;177;LOS ALMENDROS;1;2
7;0;SIN CORREGIMIENTO;0;SIN VEREDA;178;SAN GERARDO I Y II;0;29
7;0;SIN CORREGIMIENTO;0;SIN VEREDA;178;SAN GERARDO I Y II;1;19
7;0;SIN CORREGIMIENTO;0;SIN VEREDA;180;CANELOS;0;2
7;0;SIN CORREGIMIENTO;0;SIN VEREDA;182;BUCARAMANGA;0;15
7;0;SIN CORREGIMIENTO;0;SIN VEREDA;182;BUCARAMANGA;1;3
7;0;SIN CORREGIMIENTO;0;SIN VEREDA;184;LAURELES;1;1
7;0;SIN CORREGIMIENTO;0;SIN VEREDA;187;LOS NARANJOS;0;9
7;0;SIN CORREGIMIENTO;0;SIN VEREDA;187;LOS NARANJOS;1;1
7;0;SIN CORREGIMIENTO;0;SIN VEREDA;189;SAMANES;0;2
7;0;SIN CORREGIMIENTO;0;SIN VEREDA;189;SAMANES;1;4
7;0;SIN CORREGIMIENTO;0;SIN VEREDA;273;BALCONES DE GRATAMIRA;0;3
7;0;SIN CORREGIMIENTO;0;SIN VEREDA;273;BALCONES DE GRATAMIRA;1;5
7;0;SIN CORREGIMIENTO;0;SIN VEREDA;286;MACAREGUA;0;1
8;0;SIN CORREGIMIENTO;0;SIN VEREDA;12;CAFê MADRID EL TÈNEL;0;2
8;0;SIN CORREGIMIENTO;0;SIN VEREDA;18;5 DE ENERO;0;2
8;0;SIN CORREGIMIENTO;0;SIN VEREDA;35;MINUTO DE DIOS;1;3
8;0;SIN CORREGIMIENTO;0;SIN VEREDA;115;BUENAVISTA;0;3
8;0;SIN CORREGIMIENTO;0;SIN VEREDA;160;LA CEIBA;0;4
8;0;SIN CORREGIMIENTO;0;SIN VEREDA;178;SAN GERARDO I Y II;0;1557
8;0;SIN CORREGIMIENTO;0;SIN VEREDA;178;SAN GERARDO I Y II;1;448
8;0;SIN CORREGIMIENTO;0;SIN VEREDA;179;COLOMBIA;0;208
8;0;SIN CORREGIMIENTO;0;SIN VEREDA;179;COLOMBIA;1;79
8;0;SIN CORREGIMIENTO;0;SIN VEREDA;180;CANELOS;0;998
8;0;SIN CORREGIMIENTO;0;SIN VEREDA;180;CANELOS;1;210
8;0;SIN CORREGIMIENTO;0;SIN VEREDA;181;MANZANA 10;0;222
8;0;SIN CORREGIMIENTO;0;SIN VEREDA;181;MANZANA 10;1;55
8;0;SIN CORREGIMIENTO;0;SIN VEREDA;182;BUCARAMANGA;0;2997
8;0;SIN CORREGIMIENTO;0;SIN VEREDA;182;BUCARAMANGA;1;686
8;0;SIN CORREGIMIENTO;0;SIN VEREDA;183;PE•‡N DEL VALLE;0;5
8;0;SIN CORREGIMIENTO;0;SIN VEREDA;184;LAURELES;0;293
8;0;SIN CORREGIMIENTO;0;SIN VEREDA;184;LAURELES;1;164
8;0;SIN CORREGIMIENTO;0;SIN VEREDA;185;CORDONCILLO II;0;243
8;0;SIN CORREGIMIENTO;0;SIN VEREDA;185;CORDONCILLO II;1;62
8;0;SIN CORREGIMIENTO;0;SIN VEREDA;191;LA VICTORIA;0;4
8;0;SIN CORREGIMIENTO;0;SIN VEREDA;191;LA VICTORIA;1;3
8;0;SIN CORREGIMIENTO;0;SIN VEREDA;194;CORDONCILLO I;0;614
8;0;SIN CORREGIMIENTO;0;SIN VEREDA;194;CORDONCILLO I;1;224
8;0;SIN CORREGIMIENTO;0;SIN VEREDA;195;PABLO VI;0;1806
8;0;SIN CORREGIMIENTO;0;SIN VEREDA;195;PABLO VI;1;425
8;0;SIN CORREGIMIENTO;0;SIN VEREDA;196;AFRIKA;0;165
8;0;SIN CORREGIMIENTO;0;SIN VEREDA;196;AFRIKA;1;96
8;0;SIN CORREGIMIENTO;0;SIN VEREDA;197;20 DE JULIO;0;68
8;0;SIN CORREGIMIENTO;0;SIN VEREDA;197;20 DE JULIO;1;29
8;0;SIN CORREGIMIENTO;0;SIN VEREDA;198;EL FONCE;0;5
8;0;SIN CORREGIMIENTO;0;SIN VEREDA;198;EL FONCE;1;3
8;0;SIN CORREGIMIENTO;0;SIN VEREDA;199;JUAN XXIII;0;921
8;0;SIN CORREGIMIENTO;0;SIN VEREDA;199;JUAN XXIII;1;326
8;0;SIN CORREGIMIENTO;0;SIN VEREDA;281;SAN IGNACIO REAL;0;4
8;0;SIN CORREGIMIENTO;0;SIN VEREDA;333;23 DE JUNIO;1;3
8;0;SIN CORREGIMIENTO;0;SIN VEREDA;349;JUAN XXIII CANCHA LA GUACAMAYA;0;34
8;0;SIN CORREGIMIENTO;0;SIN VEREDA;349;JUAN XXIII CANCHA LA GUACAMAYA;1;24
9;0;SIN CORREGIMIENTO;0;SIN VEREDA;192;LA SALLE;0;4
9;0;SIN CORREGIMIENTO;0;SIN VEREDA;192;LA SALLE;1;7
9;0;SIN CORREGIMIENTO;0;SIN VEREDA;193;NUEVA GRANADA;0;334
9;0;SIN CORREGIMIENTO;0;SIN VEREDA;193;NUEVA GRANADA;1;49
9;0;SIN CORREGIMIENTO;0;SIN VEREDA;200;ANTONIA SANTOS SUR;0;74
9;0;SIN CORREGIMIENTO;0;SIN VEREDA;200;ANTONIA SANTOS SUR;1;36
9;0;SIN CORREGIMIENTO;0;SIN VEREDA;201;QUEBRADA LA IGLESIA;0;322
9;0;SIN CORREGIMIENTO;0;SIN VEREDA;201;QUEBRADA LA IGLESIA;1;94
9;0;SIN CORREGIMIENTO;0;SIN VEREDA;202;SAN PEDRO;0;582
9;0;SIN CORREGIMIENTO;0;SIN VEREDA;202;SAN PEDRO;1;124
9;0;SIN CORREGIMIENTO;0;SIN VEREDA;203;SAN MART÷N;0;1359
9;0;SIN CORREGIMIENTO;0;SIN VEREDA;203;SAN MART÷N;1;327
9;0;SIN CORREGIMIENTO;0;SIN VEREDA;204;EL SOL I Y II;0;543
9;0;SIN CORREGIMIENTO;0;SIN VEREDA;204;EL SOL I Y II;1;144
9;0;SIN CORREGIMIENTO;0;SIN VEREDA;205;GUAYACANES;0;5
9;0;SIN CORREGIMIENTO;0;SIN VEREDA;205;GUAYACANES;1;1
9;0;SIN CORREGIMIENTO;0;SIN VEREDA;207;LA PEDREGOSA;0;151
9;0;SIN CORREGIMIENTO;0;SIN VEREDA;207;LA PEDREGOSA;1;36
9;0;SIN CORREGIMIENTO;0;SIN VEREDA;208;DIAMANTE I;0;57
9;0;SIN CORREGIMIENTO;0;SIN VEREDA;208;DIAMANTE I;1;8
9;0;SIN CORREGIMIENTO;0;SIN VEREDA;209;LAS CASITAS;0;235
9;0;SIN CORREGIMIENTO;0;SIN VEREDA;209;LAS CASITAS;1;44
9;0;SIN CORREGIMIENTO;0;SIN VEREDA;210;VILLA INES;0;12
9;0;SIN CORREGIMIENTO;0;SIN VEREDA;210;VILLA INES;1;2
9;0;SIN CORREGIMIENTO;0;SIN VEREDA;211;ASTURIAS;0;4
9;0;SIN CORREGIMIENTO;0;SIN VEREDA;213;LA LIBERTAD;0;157
9;0;SIN CORREGIMIENTO;0;SIN VEREDA;213;LA LIBERTAD;1;24
9;0;SIN CORREGIMIENTO;0;SIN VEREDA;239;MANUELA BELTRµN ;0;4
9;0;SIN CORREGIMIENTO;0;SIN VEREDA;288;PORTOFINO;1;1
9;0;SIN CORREGIMIENTO;0;SIN VEREDA;316;MIRADOR DE SAN LORENZO;1;5
10;0;SIN CORREGIMIENTO;0;SIN VEREDA;0;BARRIO_S4;0;3
10;0;SIN CORREGIMIENTO;0;SIN VEREDA;182;BUCARAMANGA;0;3
10;0;SIN CORREGIMIENTO;0;SIN VEREDA;220;DIAMANTE II;0;37
10;0;SIN CORREGIMIENTO;0;SIN VEREDA;220;DIAMANTE II;1;6
10;0;SIN CORREGIMIENTO;0;SIN VEREDA;221;SAN LUIS;0;31
10;0;SIN CORREGIMIENTO;0;SIN VEREDA;221;SAN LUIS;1;5
10;0;SIN CORREGIMIENTO;0;SIN VEREDA;222;PROVENZA;0;49
10;0;SIN CORREGIMIENTO;0;SIN VEREDA;222;PROVENZA;1;8
10;0;SIN CORREGIMIENTO;0;SIN VEREDA;225;EL CRISTAL;0;2896
10;0;SIN CORREGIMIENTO;0;SIN VEREDA;225;EL CRISTAL;1;711
10;0;SIN CORREGIMIENTO;0;SIN VEREDA;226;GRANJAS DE PROVENZA;0;813
10;0;SIN CORREGIMIENTO;0;SIN VEREDA;226;GRANJAS DE PROVENZA;1;418
10;0;SIN CORREGIMIENTO;0;SIN VEREDA;227;GRANJAS DE JULIO RINC‡N;0;1
10;0;SIN CORREGIMIENTO;0;SIN VEREDA;228;EL ROCIO;0;1
10;0;SIN CORREGIMIENTO;0;SIN VEREDA;233;"LUZ DE SALVACI‡N BAJO		";0;80
10;0;SIN CORREGIMIENTO;0;SIN VEREDA;233;"LUZ DE SALVACI‡N BAJO		";1;40
10;0;SIN CORREGIMIENTO;0;SIN VEREDA;234;DELICIAS ALTAS Y BAJAS SUR;0;4
10;0;SIN CORREGIMIENTO;0;SIN VEREDA;243;CIUDAD VENECIA ;0;5
10;0;SIN CORREGIMIENTO;0;SIN VEREDA;284;FONTANA;0;12
10;0;SIN CORREGIMIENTO;0;SIN VEREDA;317;NUEVA FONTANA;1;8
10;0;SIN CORREGIMIENTO;0;SIN VEREDA;326;VIVEROS DE PROVENZA;0;394
10;0;SIN CORREGIMIENTO;0;SIN VEREDA;326;VIVEROS DE PROVENZA;1;69
10;0;SIN CORREGIMIENTO;0;SIN VEREDA;327;LUZ DE SALVACI‡N ALTO;0;1378
10;0;SIN CORREGIMIENTO;0;SIN VEREDA;327;LUZ DE SALVACI‡N ALTO;1;738
10;0;SIN CORREGIMIENTO;0;SIN VEREDA;331;BRISAS DE PROVENZA ;0;883
10;0;SIN CORREGIMIENTO;0;SIN VEREDA;331;BRISAS DE PROVENZA ;1;478
11;0;SIN CORREGIMIENTO;0;SIN VEREDA;9;LAS DELICIAS;0;3
11;0;SIN CORREGIMIENTO;0;SIN VEREDA;12;CAFê MADRID EL TÈNEL;1;5
11;0;SIN CORREGIMIENTO;0;SIN VEREDA;142;ALFONSO L‡PEZ;0;1
11;0;SIN CORREGIMIENTO;0;SIN VEREDA;174;EL BUENO;0;2
11;0;SIN CORREGIMIENTO;0;SIN VEREDA;174;EL BUENO;1;5
11;0;SIN CORREGIMIENTO;0;SIN VEREDA;194;CORDONCILLO I;0;1
11;0;SIN CORREGIMIENTO;0;SIN VEREDA;222;PROVENZA;0;4
11;0;SIN CORREGIMIENTO;0;SIN VEREDA;223;PORVENIR BAJO;0;17
11;0;SIN CORREGIMIENTO;0;SIN VEREDA;223;PORVENIR BAJO;1;16
11;0;SIN CORREGIMIENTO;0;SIN VEREDA;225;EL CRISTAL;0;1
11;0;SIN CORREGIMIENTO;0;SIN VEREDA;225;EL CRISTAL;1;1
11;0;SIN CORREGIMIENTO;0;SIN VEREDA;226;GRANJAS DE PROVENZA;0;18
11;0;SIN CORREGIMIENTO;0;SIN VEREDA;226;GRANJAS DE PROVENZA;1;4
11;0;SIN CORREGIMIENTO;0;SIN VEREDA;227;GRANJAS DE JULIO RINC‡N;0;574
11;0;SIN CORREGIMIENTO;0;SIN VEREDA;227;GRANJAS DE JULIO RINC‡N;1;141
11;0;SIN CORREGIMIENTO;0;SIN VEREDA;228;EL ROCIO;0;697
11;0;SIN CORREGIMIENTO;0;SIN VEREDA;228;EL ROCIO;1;116
11;0;SIN CORREGIMIENTO;0;SIN VEREDA;229;VILLA SARA;0;21
11;0;SIN CORREGIMIENTO;0;SIN VEREDA;230;VILLA ALICIA;0;19
11;0;SIN CORREGIMIENTO;0;SIN VEREDA;230;VILLA ALICIA;1;5
11;0;SIN CORREGIMIENTO;0;SIN VEREDA;231;TOLEDO PLATA ;0;567
11;0;SIN CORREGIMIENTO;0;SIN VEREDA;231;TOLEDO PLATA ;1;105
11;0;SIN CORREGIMIENTO;0;SIN VEREDA;232;DANGOND;0;399
11;0;SIN CORREGIMIENTO;0;SIN VEREDA;232;DANGOND;1;105
11;0;SIN CORREGIMIENTO;0;SIN VEREDA;233;"LUZ DE SALVACI‡N BAJO		";0;451
11;0;SIN CORREGIMIENTO;0;SIN VEREDA;233;"LUZ DE SALVACI‡N BAJO		";1;305
11;0;SIN CORREGIMIENTO;0;SIN VEREDA;234;DELICIAS ALTAS Y BAJAS SUR;0;117
11;0;SIN CORREGIMIENTO;0;SIN VEREDA;234;DELICIAS ALTAS Y BAJAS SUR;1;16
11;0;SIN CORREGIMIENTO;0;SIN VEREDA;236;VILLA CANDADO;0;53
11;0;SIN CORREGIMIENTO;0;SIN VEREDA;236;VILLA CANDADO;1;10
11;0;SIN CORREGIMIENTO;0;SIN VEREDA;237;MALPASO;0;261
11;0;SIN CORREGIMIENTO;0;SIN VEREDA;237;MALPASO;1;96
11;0;SIN CORREGIMIENTO;0;SIN VEREDA;238;EL PORVENIR;0;214
11;0;SIN CORREGIMIENTO;0;SIN VEREDA;238;EL PORVENIR;1;85
11;0;SIN CORREGIMIENTO;0;SIN VEREDA;239;MANUELA BELTRµN ;0;1078
11;0;SIN CORREGIMIENTO;0;SIN VEREDA;239;MANUELA BELTRµN ;1;332
11;0;SIN CORREGIMIENTO;0;SIN VEREDA;240;IGSABELAR;0;158
11;0;SIN CORREGIMIENTO;0;SIN VEREDA;240;IGSABELAR;1;28
11;0;SIN CORREGIMIENTO;0;SIN VEREDA;241;SANTAMAR÷A;0;832
11;0;SIN CORREGIMIENTO;0;SIN VEREDA;241;SANTAMAR÷A;1;160
11;0;SIN CORREGIMIENTO;0;SIN VEREDA;242;COAVICONSA;0;57
11;0;SIN CORREGIMIENTO;0;SIN VEREDA;242;COAVICONSA;1;7
11;0;SIN CORREGIMIENTO;0;SIN VEREDA;243;CIUDAD VENECIA ;0;367
11;0;SIN CORREGIMIENTO;0;SIN VEREDA;243;CIUDAD VENECIA ;1;78
11;0;SIN CORREGIMIENTO;0;SIN VEREDA;244;VILLA FLOR;0;28
11;0;SIN CORREGIMIENTO;0;SIN VEREDA;244;VILLA FLOR;1;10
11;0;SIN CORREGIMIENTO;0;SIN VEREDA;290;LOS CONQUISTADORES;0;710
11;0;SIN CORREGIMIENTO;0;SIN VEREDA;290;LOS CONQUISTADORES;1;189
11;0;SIN CORREGIMIENTO;0;SIN VEREDA;326;VIVEROS DE PROVENZA;0;1
11;0;SIN CORREGIMIENTO;0;SIN VEREDA;326;VIVEROS DE PROVENZA;1;10
11;0;SIN CORREGIMIENTO;0;SIN VEREDA;331;BRISAS DE PROVENZA ;0;14
11;0;SIN CORREGIMIENTO;0;SIN VEREDA;331;BRISAS DE PROVENZA ;1;5
11;0;SIN CORREGIMIENTO;0;SIN VEREDA;340;GRANJAS REAGAN;0;468
11;0;SIN CORREGIMIENTO;0;SIN VEREDA;340;GRANJAS REAGAN;1;232
11;0;SIN CORREGIMIENTO;0;SIN VEREDA;344;BALCONES DEL SUR;0;435
11;0;SIN CORREGIMIENTO;0;SIN VEREDA;344;BALCONES DEL SUR;1;336
11;0;SIN CORREGIMIENTO;0;SIN VEREDA;346;JARDINES DE ALTAGRACIA;1;1
11;0;SIN CORREGIMIENTO;0;SIN VEREDA;347;BRISAS DEL PARA÷SO ;0;654
11;0;SIN CORREGIMIENTO;0;SIN VEREDA;347;BRISAS DEL PARA÷SO ;1;263
11;0;SIN CORREGIMIENTO;0;SIN VEREDA;352;VILLAREAL;0;483
11;0;SIN CORREGIMIENTO;0;SIN VEREDA;352;VILLAREAL;1;323
11;0;SIN CORREGIMIENTO;0;SIN VEREDA;361;VILLAS DEL NOGAL;0;685
11;0;SIN CORREGIMIENTO;0;SIN VEREDA;361;VILLAS DEL NOGAL;1;293
11;0;SIN CORREGIMIENTO;0;SIN VEREDA;362;PUNTA PARAISO;0;698
11;0;SIN CORREGIMIENTO;0;SIN VEREDA;362;PUNTA PARAISO;1;207
11;0;SIN CORREGIMIENTO;0;SIN VEREDA;367;BRISAS DEL PALMAR;0;193
11;0;SIN CORREGIMIENTO;0;SIN VEREDA;367;BRISAS DEL PALMAR;1;46
11;0;SIN CORREGIMIENTO;0;SIN VEREDA;999999;BARRIO_S4;0;11
12;0;SIN CORREGIMIENTO;0;SIN VEREDA;121;QUEBRADA PAN DE AZÈCAR;0;10
12;0;SIN CORREGIMIENTO;0;SIN VEREDA;121;QUEBRADA PAN DE AZÈCAR;1;4
12;0;SIN CORREGIMIENTO;0;SIN VEREDA;123;CABECERA DEL LLANO;0;3
12;0;SIN CORREGIMIENTO;0;SIN VEREDA;126;PAN DE AZUCAR;0;5
12;0;SIN CORREGIMIENTO;0;SIN VEREDA;126;PAN DE AZUCAR;1;2
12;0;SIN CORREGIMIENTO;0;SIN VEREDA;135;LA CONCORDIA;0;10
12;0;SIN CORREGIMIENTO;0;SIN VEREDA;135;LA CONCORDIA;1;5
12;0;SIN CORREGIMIENTO;0;SIN VEREDA;136;SOTOMAYOR;0;7
12;0;SIN CORREGIMIENTO;0;SIN VEREDA;136;SOTOMAYOR;1;8
12;0;SIN CORREGIMIENTO;0;SIN VEREDA;138;BOLARQUI;0;2
12;0;SIN CORREGIMIENTO;0;SIN VEREDA;138;BOLARQUI;1;2
12;0;SIN CORREGIMIENTO;0;SIN VEREDA;139;MERCEDES;0;8
12;0;SIN CORREGIMIENTO;0;SIN VEREDA;140;CONUCOS;0;4
12;0;SIN CORREGIMIENTO;0;SIN VEREDA;161;PUERTA DEL SOL;0;2
12;0;SIN CORREGIMIENTO;0;SIN VEREDA;201;QUEBRADA LA IGLESIA;0;5
13;0;SIN CORREGIMIENTO;0;SIN VEREDA;2;EL PAULON VILLA LINA;0;3
13;0;SIN CORREGIMIENTO;0;SIN VEREDA;3;COLORADOS;0;8
13;0;SIN CORREGIMIENTO;0;SIN VEREDA;32;MAR÷A PAZ;0;5
13;0;SIN CORREGIMIENTO;0;SIN VEREDA;51;LIZCANO I Y II;0;13
13;0;SIN CORREGIMIENTO;0;SIN VEREDA;67;TRANSICI‡N I AL V;0;5
13;0;SIN CORREGIMIENTO;0;SIN VEREDA;75;SAN RAFAEL;0;1
13;0;SIN CORREGIMIENTO;0;SIN VEREDA;76;CHAPINERO;0;1
13;0;SIN CORREGIMIENTO;0;SIN VEREDA;79;LA FERIA;0;3
13;0;SIN CORREGIMIENTO;0;SIN VEREDA;95;COMUNEROS;0;1
13;0;SIN CORREGIMIENTO;0;SIN VEREDA;98;SAN FRANCISCO;0;1
13;0;SIN CORREGIMIENTO;0;SIN VEREDA;99;ALARC‡N;0;1
13;0;SIN CORREGIMIENTO;0;SIN VEREDA;100;SAN ALONSO;0;111
13;0;SIN CORREGIMIENTO;0;SIN VEREDA;100;SAN ALONSO;1;46
13;0;SIN CORREGIMIENTO;0;SIN VEREDA;102;LOS PINOS;0;4
13;0;SIN CORREGIMIENTO;0;SIN VEREDA;104;EL VENADO DE ORO MORRORRICO;0;1
13;0;SIN CORREGIMIENTO;0;SIN VEREDA;107;LOS SAUCES;0;227
13;0;SIN CORREGIMIENTO;0;SIN VEREDA;107;LOS SAUCES;1;19
13;0;SIN CORREGIMIENTO;0;SIN VEREDA;110;MORRORRICO;0;1
13;0;SIN CORREGIMIENTO;0;SIN VEREDA;110;MORRORRICO;1;2
13;0;SIN CORREGIMIENTO;0;SIN VEREDA;112;EL DIVISO;0;3
13;0;SIN CORREGIMIENTO;0;SIN VEREDA;113;PUERTO RICO;0;249
13;0;SIN CORREGIMIENTO;0;SIN VEREDA;113;PUERTO RICO;1;57
13;0;SIN CORREGIMIENTO;0;SIN VEREDA;116;MIRAFLORES;0;8
13;0;SIN CORREGIMIENTO;0;SIN VEREDA;117;ALBANIA;0;21
13;0;SIN CORREGIMIENTO;0;SIN VEREDA;117;ALBANIA;1;7
13;0;SIN CORREGIMIENTO;0;SIN VEREDA;118;LAS AMêRICAS;0;1
13;0;SIN CORREGIMIENTO;0;SIN VEREDA;118;LAS AMêRICAS;1;1
13;0;SIN CORREGIMIENTO;0;SIN VEREDA;119;GALµN;0;6
13;0;SIN CORREGIMIENTO;0;SIN VEREDA;119;GALµN;1;5
13;0;SIN CORREGIMIENTO;0;SIN VEREDA;120;µLVAREZ;0;72
13;0;SIN CORREGIMIENTO;0;SIN VEREDA;120;µLVAREZ;1;36
13;0;SIN CORREGIMIENTO;0;SIN VEREDA;122;EL PRADO;0;11
13;0;SIN CORREGIMIENTO;0;SIN VEREDA;122;EL PRADO;1;3
13;0;SIN CORREGIMIENTO;0;SIN VEREDA;130;CENTRO;0;37
13;0;SIN CORREGIMIENTO;0;SIN VEREDA;130;CENTRO;1;22
13;0;SIN CORREGIMIENTO;0;SIN VEREDA;131;ANTONIA SANTOS CENTRO;0;204
13;0;SIN CORREGIMIENTO;0;SIN VEREDA;131;ANTONIA SANTOS CENTRO;1;66
13;0;SIN CORREGIMIENTO;0;SIN VEREDA;132;MEJORAS PUBLICAS;0;3
13;0;SIN CORREGIMIENTO;0;SIN VEREDA;132;MEJORAS PUBLICAS;1;3
13;0;SIN CORREGIMIENTO;0;SIN VEREDA;133;LA AURORA;0;9
13;0;SIN CORREGIMIENTO;0;SIN VEREDA;133;LA AURORA;1;4
13;0;SIN CORREGIMIENTO;0;SIN VEREDA;136;SOTOMAYOR;0;2
13;0;SIN CORREGIMIENTO;0;SIN VEREDA;136;SOTOMAYOR;1;1
13;0;SIN CORREGIMIENTO;0;SIN VEREDA;142;ALFONSO L‡PEZ;0;3
13;0;SIN CORREGIMIENTO;0;SIN VEREDA;143;LA JOYA;0;2
13;0;SIN CORREGIMIENTO;0;SIN VEREDA;145;CAMPO HERMOSO;0;10
13;0;SIN CORREGIMIENTO;0;SIN VEREDA;154;EL PANTANO II;0;5
13;0;SIN CORREGIMIENTO;0;SIN VEREDA;164;MUTIS;0;1
13;0;SIN CORREGIMIENTO;0;SIN VEREDA;173;ESTORAQUES;0;12
13;0;SIN CORREGIMIENTO;0;SIN VEREDA;178;SAN GERARDO I Y II;0;3
13;0;SIN CORREGIMIENTO;0;SIN VEREDA;178;SAN GERARDO I Y II;1;1
13;0;SIN CORREGIMIENTO;0;SIN VEREDA;179;COLOMBIA;0;1
13;0;SIN CORREGIMIENTO;0;SIN VEREDA;179;COLOMBIA;1;4
13;0;SIN CORREGIMIENTO;0;SIN VEREDA;182;BUCARAMANGA;0;4
13;0;SIN CORREGIMIENTO;0;SIN VEREDA;184;LAURELES;0;7
13;0;SIN CORREGIMIENTO;0;SIN VEREDA;184;LAURELES;1;5
13;0;SIN CORREGIMIENTO;0;SIN VEREDA;196;AFRIKA;0;2
13;0;SIN CORREGIMIENTO;0;SIN VEREDA;200;ANTONIA SANTOS SUR;0;9
13;0;SIN CORREGIMIENTO;0;SIN VEREDA;202;SAN PEDRO;1;5
13;0;SIN CORREGIMIENTO;0;SIN VEREDA;222;PROVENZA;1;2
13;0;SIN CORREGIMIENTO;0;SIN VEREDA;233;"LUZ DE SALVACI‡N BAJO		";1;5
13;0;SIN CORREGIMIENTO;0;SIN VEREDA;239;MANUELA BELTRµN ;0;2
13;0;SIN CORREGIMIENTO;0;SIN VEREDA;274;BOL÷VAR;0;36
13;0;SIN CORREGIMIENTO;0;SIN VEREDA;274;BOL÷VAR;1;9
13;0;SIN CORREGIMIENTO;0;SIN VEREDA;278;12 DE OCTUBRE;0;10
13;0;SIN CORREGIMIENTO;0;SIN VEREDA;322;QUINTA BRIGADA;0;71
13;0;SIN CORREGIMIENTO;0;SIN VEREDA;322;QUINTA BRIGADA;1;28
13;0;SIN CORREGIMIENTO;0;SIN VEREDA;327;LUZ DE SALVACI‡N ALTO;0;3
13;0;SIN CORREGIMIENTO;0;SIN VEREDA;328;CAMPESTRE NORTE ;1;3
13;0;SIN CORREGIMIENTO;0;SIN VEREDA;331;BRISAS DE PROVENZA ;1;3
13;0;SIN CORREGIMIENTO;0;SIN VEREDA;340;GRANJAS REAGAN;0;1
13;0;SIN CORREGIMIENTO;0;SIN VEREDA;345;PASEO DE LA FERIA;0;1
13;0;SIN CORREGIMIENTO;0;SIN VEREDA;368;URBANIZACI‡N LA INMACULADA;0;15
13;0;SIN CORREGIMIENTO;0;SIN VEREDA;999999;BARRIO_S4;0;3
14;0;SIN CORREGIMIENTO;0;SIN VEREDA;0;BARRIO_S4;1;3
14;0;SIN CORREGIMIENTO;0;SIN VEREDA;40;MIRAMAR;0;2
14;0;SIN CORREGIMIENTO;0;SIN VEREDA;102;LOS PINOS;0;3
14;0;SIN CORREGIMIENTO;0;SIN VEREDA;103;LA FLORA MORRORRICO;0;1
14;0;SIN CORREGIMIENTO;0;SIN VEREDA;103;LA FLORA MORRORRICO;1;1
14;0;SIN CORREGIMIENTO;0;SIN VEREDA;104;EL VENADO DE ORO MORRORRICO;0;329
14;0;SIN CORREGIMIENTO;0;SIN VEREDA;104;EL VENADO DE ORO MORRORRICO;1;61
14;0;SIN CORREGIMIENTO;0;SIN VEREDA;105;LA MALA•A;0;277
14;0;SIN CORREGIMIENTO;0;SIN VEREDA;105;LA MALA•A;1;63
14;0;SIN CORREGIMIENTO;0;SIN VEREDA;107;LOS SAUCES;0;28
14;0;SIN CORREGIMIENTO;0;SIN VEREDA;107;LOS SAUCES;1;16
14;0;SIN CORREGIMIENTO;0;SIN VEREDA;108;LIMONCITO MORRORRICO;0;1004
14;0;SIN CORREGIMIENTO;0;SIN VEREDA;108;LIMONCITO MORRORRICO;1;258
14;0;SIN CORREGIMIENTO;0;SIN VEREDA;109;VEGAS DE MORRORRICO;0;620
14;0;SIN CORREGIMIENTO;0;SIN VEREDA;109;VEGAS DE MORRORRICO;1;146
14;0;SIN CORREGIMIENTO;0;SIN VEREDA;110;MORRORRICO;0;287
14;0;SIN CORREGIMIENTO;0;SIN VEREDA;110;MORRORRICO;1;134
14;0;SIN CORREGIMIENTO;0;SIN VEREDA;112;EL DIVISO;0;1007
14;0;SIN CORREGIMIENTO;0;SIN VEREDA;112;EL DIVISO;1;173
14;0;SIN CORREGIMIENTO;0;SIN VEREDA;114;BUENOS AIRES;0;2760
14;0;SIN CORREGIMIENTO;0;SIN VEREDA;114;BUENOS AIRES;1;716
14;0;SIN CORREGIMIENTO;0;SIN VEREDA;115;BUENAVISTA;0;1056
14;0;SIN CORREGIMIENTO;0;SIN VEREDA;115;BUENAVISTA;1;458
14;0;SIN CORREGIMIENTO;0;SIN VEREDA;116;MIRAFLORES;0;2736
14;0;SIN CORREGIMIENTO;0;SIN VEREDA;116;MIRAFLORES;1;723
14;0;SIN CORREGIMIENTO;0;SIN VEREDA;117;ALBANIA;0;2213
14;0;SIN CORREGIMIENTO;0;SIN VEREDA;117;ALBANIA;1;472
14;0;SIN CORREGIMIENTO;0;SIN VEREDA;142;ALFONSO L‡PEZ;0;1
14;0;SIN CORREGIMIENTO;0;SIN VEREDA;360;EL RETIRO MORRORRICO;0;962
14;0;SIN CORREGIMIENTO;0;SIN VEREDA;360;EL RETIRO MORRORRICO;1;345
14;0;SIN CORREGIMIENTO;0;SIN VEREDA;369;MIRAMANGA;0;365
14;0;SIN CORREGIMIENTO;0;SIN VEREDA;369;MIRAMANGA;1;198
15;0;SIN CORREGIMIENTO;0;SIN VEREDA;82;GIRARDOT;0;1
15;0;SIN CORREGIMIENTO;0;SIN VEREDA;130;CENTRO;0;200
15;0;SIN CORREGIMIENTO;0;SIN VEREDA;130;CENTRO;1;58
15;0;SIN CORREGIMIENTO;0;SIN VEREDA;131;ANTONIA SANTOS CENTRO;0;5
15;0;SIN CORREGIMIENTO;0;SIN VEREDA;131;ANTONIA SANTOS CENTRO;1;9
15;0;SIN CORREGIMIENTO;0;SIN VEREDA;139;MERCEDES;1;6
15;0;SIN CORREGIMIENTO;0;SIN VEREDA;141;GARC÷A ROVIRA;0;96
15;0;SIN CORREGIMIENTO;0;SIN VEREDA;141;GARC÷A ROVIRA;1;29
15;0;SIN CORREGIMIENTO;0;SIN VEREDA;142;ALFONSO L‡PEZ;0;26
15;0;SIN CORREGIMIENTO;0;SIN VEREDA;142;ALFONSO L‡PEZ;1;10
15;0;SIN CORREGIMIENTO;0;SIN VEREDA;143;LA JOYA;1;1
15;0;SIN CORREGIMIENTO;0;SIN VEREDA;144;CHORRERAS DE DON JUAN;0;5
15;0;SIN CORREGIMIENTO;0;SIN VEREDA;274;BOL÷VAR;0;2
16;0;SIN CORREGIMIENTO;0;SIN VEREDA;203;SAN MART÷N;1;3
16;0;SIN CORREGIMIENTO;0;SIN VEREDA;205;GUAYACANES;0;145
16;0;SIN CORREGIMIENTO;0;SIN VEREDA;205;GUAYACANES;1;55
16;0;SIN CORREGIMIENTO;0;SIN VEREDA;207;LA PEDREGOSA;0;150
16;0;SIN CORREGIMIENTO;0;SIN VEREDA;207;LA PEDREGOSA;1;21
16;0;SIN CORREGIMIENTO;0;SIN VEREDA;215;PORTON DEL TEJAR;0;3
16;0;SIN CORREGIMIENTO;0;SIN VEREDA;215;PORTON DEL TEJAR;1;1
16;0;SIN CORREGIMIENTO;0;SIN VEREDA;216;ALTOS DEL CACIQUE;0;9
16;0;SIN CORREGIMIENTO;0;SIN VEREDA;216;ALTOS DEL CACIQUE;1;1
16;0;SIN CORREGIMIENTO;0;SIN VEREDA;217;HACIENDA SAN JUAN;0;8
16;0;SIN CORREGIMIENTO;0;SIN VEREDA;218;SAN EXPEDITO;0;252
16;0;SIN CORREGIMIENTO;0;SIN VEREDA;218;SAN EXPEDITO;1;65
16;0;SIN CORREGIMIENTO;0;SIN VEREDA;219;SANTA BARBARA CASAS;0;24
16;0;SIN CORREGIMIENTO;0;SIN VEREDA;219;SANTA BARBARA CASAS;1;4
16;0;SIN CORREGIMIENTO;0;SIN VEREDA;315;LAGOS DEL CACIQUE;0;7
16;0;SIN CORREGIMIENTO;0;SIN VEREDA;341;BOSQUE DEL CACIQUE;0;36
17;0;SIN CORREGIMIENTO;0;SIN VEREDA;110;MORRORRICO;0;1
17;0;SIN CORREGIMIENTO;0;SIN VEREDA;110;MORRORRICO;1;1
17;0;SIN CORREGIMIENTO;0;SIN VEREDA;152;QUINTA ESTRELLA;1;2
17;0;SIN CORREGIMIENTO;0;SIN VEREDA;162;CIUDADELA REAL DE MINAS ;0;7
17;0;SIN CORREGIMIENTO;0;SIN VEREDA;162;CIUDADELA REAL DE MINAS ;1;1
17;0;SIN CORREGIMIENTO;0;SIN VEREDA;164;MUTIS;0;511
17;0;SIN CORREGIMIENTO;0;SIN VEREDA;164;MUTIS;1;142
17;0;SIN CORREGIMIENTO;0;SIN VEREDA;165;BRISAS DEL MUTIS;0;45
17;0;SIN CORREGIMIENTO;0;SIN VEREDA;165;BRISAS DEL MUTIS;1;13
17;0;SIN CORREGIMIENTO;0;SIN VEREDA;166;MONTERREDONDO;0;1010
17;0;SIN CORREGIMIENTO;0;SIN VEREDA;166;MONTERREDONDO;1;176
17;0;SIN CORREGIMIENTO;0;SIN VEREDA;168;FUNDADORES I Y II;0;12
17;0;SIN CORREGIMIENTO;0;SIN VEREDA;170;MANZANARES;0;26
17;0;SIN CORREGIMIENTO;0;SIN VEREDA;170;MANZANARES;1;6
17;0;SIN CORREGIMIENTO;0;SIN VEREDA;172;PRADOS DEL MUTIS;0;50
17;0;SIN CORREGIMIENTO;0;SIN VEREDA;172;PRADOS DEL MUTIS;1;32
17;0;SIN CORREGIMIENTO;0;SIN VEREDA;173;ESTORAQUES;0;2689
17;0;SIN CORREGIMIENTO;0;SIN VEREDA;173;ESTORAQUES;1;570
17;0;SIN CORREGIMIENTO;0;SIN VEREDA;174;EL BUENO;0;2
17;0;SIN CORREGIMIENTO;0;SIN VEREDA;174;EL BUENO;1;6
17;0;SIN CORREGIMIENTO;0;SIN VEREDA;176;LOS HêROES;0;70
17;0;SIN CORREGIMIENTO;0;SIN VEREDA;176;LOS HêROES;1;20
17;0;SIN CORREGIMIENTO;0;SIN VEREDA;360;EL RETIRO MORRORRICO;0;5
17;0;SIN CORREGIMIENTO;0;SIN VEREDA;363;LA GRAN LADERA;0;507
17;0;SIN CORREGIMIENTO;0;SIN VEREDA;363;LA GRAN LADERA;1;87
99;0;SIN CORREGIMIENTO;0;SIN VEREDA;0;BARRIO_S4;0;34
99;0;SIN CORREGIMIENTO;0;SIN VEREDA;0;BARRIO_S4;1;18
99;0;SIN CORREGIMIENTO;246;EL PEDREGAL;0;BARRIO_S4;0;3
99;0;SIN CORREGIMIENTO;255;LOS SANTOS;0;BARRIO_S4;0;20
99;0;SIN CORREGIMIENTO;255;LOS SANTOS;0;BARRIO_S4;1;19
99;0;SIN CORREGIMIENTO;261;VIJAGUAL;0;BARRIO_S4;0;9
99;0;SIN CORREGIMIENTO;267;LA SABANA;0;BARRIO_S4;0;4
99;0;SIN CORREGIMIENTO;269;ANGELINOS;0;BARRIO_S4;0;1
99;0;SIN CORREGIMIENTO;277;SANTA BARBARA;0;BARRIO_S4;0;9
99;0;SIN CORREGIMIENTO;277;SANTA BARBARA;0;BARRIO_S4;1;3
99;0;SIN CORREGIMIENTO;295;EL NOGAL;0;BARRIO_S4;0;42
99;0;SIN CORREGIMIENTO;295;EL NOGAL;0;BARRIO_S4;1;23
99;0;SIN CORREGIMIENTO;358;VILLA CARMELO;0;BARRIO_S4;0;9
99;0;SIN CORREGIMIENTO;358;VILLA CARMELO;0;BARRIO_S4;1;5
99;0;SIN CORREGIMIENTO;364;VILLA LUZ CAMPESTRE;0;BARRIO_S4;0;5
99;1;CORREGIMIENTO UNO;0;SIN VEREDA;0;BARRIO_S4;0;119
99;1;CORREGIMIENTO UNO;0;SIN VEREDA;0;BARRIO_S4;1;52
99;1;CORREGIMIENTO UNO;246;EL PEDREGAL;0;BARRIO_S4;0;7
99;1;CORREGIMIENTO UNO;246;EL PEDREGAL;0;BARRIO_S4;1;5
99;1;CORREGIMIENTO UNO;248;LA MALA•A;0;BARRIO_S4;0;1
99;1;CORREGIMIENTO UNO;250;RETIRO GRANDE;0;BARRIO_S4;0;4
99;1;CORREGIMIENTO UNO;255;LOS SANTOS;0;BARRIO_S4;0;4
99;1;CORREGIMIENTO UNO;255;LOS SANTOS;0;BARRIO_S4;1;1
99;1;CORREGIMIENTO UNO;261;VIJAGUAL;0;BARRIO_S4;0;128
99;1;CORREGIMIENTO UNO;261;VIJAGUAL;0;BARRIO_S4;1;83
99;1;CORREGIMIENTO UNO;262;SAN CAYETANO;0;BARRIO_S4;0;88
99;1;CORREGIMIENTO UNO;262;SAN CAYETANO;0;BARRIO_S4;1;57
99;1;CORREGIMIENTO UNO;263;EL ABURRIDO;0;BARRIO_S4;0;116
99;1;CORREGIMIENTO UNO;263;EL ABURRIDO;0;BARRIO_S4;1;97
99;1;CORREGIMIENTO UNO;264;SAN PEDRO ALTO;0;BARRIO_S4;0;23
99;1;CORREGIMIENTO UNO;264;SAN PEDRO ALTO;0;BARRIO_S4;1;46
99;1;CORREGIMIENTO UNO;265;SANTA RITA;0;BARRIO_S4;0;61
99;1;CORREGIMIENTO UNO;265;SANTA RITA;0;BARRIO_S4;1;35
99;1;CORREGIMIENTO UNO;266;SAN IGNACIO;0;BARRIO_S4;0;129
99;1;CORREGIMIENTO UNO;266;SAN IGNACIO;0;BARRIO_S4;1;58
99;1;CORREGIMIENTO UNO;267;LA SABANA;0;BARRIO_S4;0;192
99;1;CORREGIMIENTO UNO;267;LA SABANA;0;BARRIO_S4;1;118
99;1;CORREGIMIENTO UNO;268;LA ESMERALDA;0;BARRIO_S4;0;149
99;1;CORREGIMIENTO UNO;268;LA ESMERALDA;0;BARRIO_S4;1;70
99;1;CORREGIMIENTO UNO;269;ANGELINOS;0;BARRIO_S4;0;284
99;1;CORREGIMIENTO UNO;269;ANGELINOS;0;BARRIO_S4;1;143
99;1;CORREGIMIENTO UNO;275;SAN PEDRO BAJO;0;BARRIO_S4;0;185
99;1;CORREGIMIENTO UNO;275;SAN PEDRO BAJO;0;BARRIO_S4;1;142
99;1;CORREGIMIENTO UNO;277;SANTA BARBARA;0;BARRIO_S4;0;6
99;1;CORREGIMIENTO UNO;282;CAPILLA BAJA;0;BARRIO_S4;0;8
99;1;CORREGIMIENTO UNO;295;EL NOGAL;0;BARRIO_S4;0;611
99;1;CORREGIMIENTO UNO;295;EL NOGAL;0;BARRIO_S4;1;157
99;1;CORREGIMIENTO UNO;355;EL PEDREGAL;0;BARRIO_S4;0;3
99;1;CORREGIMIENTO UNO;355;EL PEDREGAL;0;BARRIO_S4;1;1
99;1;CORREGIMIENTO UNO;358;VILLA CARMELO;0;BARRIO_S4;0;640
99;1;CORREGIMIENTO UNO;358;VILLA CARMELO;0;BARRIO_S4;1;202
99;1;CORREGIMIENTO UNO;364;VILLA LUZ CAMPESTRE;0;BARRIO_S4;0;365
99;1;CORREGIMIENTO UNO;364;VILLA LUZ CAMPESTRE;0;BARRIO_S4;1;72
99;1;CORREGIMIENTO UNO;999;SIN VEREDA;0;BARRIO_S4;0;5
99;2;CORREGIMIENTO DOS;0;SIN VEREDA;0;BARRIO_S4;0;153
99;2;CORREGIMIENTO DOS;0;SIN VEREDA;0;BARRIO_S4;1;30
99;2;CORREGIMIENTO DOS;246;EL PEDREGAL;0;BARRIO_S4;0;8
99;2;CORREGIMIENTO DOS;246;EL PEDREGAL;0;BARRIO_S4;1;3
99;2;CORREGIMIENTO DOS;251;SAN JOSE;0;BARRIO_S4;1;3
99;2;CORREGIMIENTO DOS;253;ROSA BLANCA;0;BARRIO_S4;0;131
99;2;CORREGIMIENTO DOS;253;ROSA BLANCA;0;BARRIO_S4;1;63
99;2;CORREGIMIENTO DOS;254;CUCHILLA ALTA;0;BARRIO_S4;0;17
99;2;CORREGIMIENTO DOS;254;CUCHILLA ALTA;0;BARRIO_S4;1;65
99;2;CORREGIMIENTO DOS;255;LOS SANTOS;0;BARRIO_S4;0;175
99;2;CORREGIMIENTO DOS;255;LOS SANTOS;0;BARRIO_S4;1;67
99;2;CORREGIMIENTO DOS;256;CAPILLA ALTA;0;BARRIO_S4;0;99
99;2;CORREGIMIENTO DOS;256;CAPILLA ALTA;0;BARRIO_S4;1;95
99;2;CORREGIMIENTO DOS;258;BOLARQU÷ BAJO;0;BARRIO_S4;0;82
99;2;CORREGIMIENTO DOS;258;BOLARQU÷ BAJO;0;BARRIO_S4;1;46
99;2;CORREGIMIENTO DOS;259;MONSERRATE;0;BARRIO_S4;0;86
99;2;CORREGIMIENTO DOS;259;MONSERRATE;0;BARRIO_S4;1;64
99;2;CORREGIMIENTO DOS;260;MAGUEYES;0;BARRIO_S4;0;76
99;2;CORREGIMIENTO DOS;260;MAGUEYES;0;BARRIO_S4;1;103
99;2;CORREGIMIENTO DOS;265;SANTA RITA;0;BARRIO_S4;0;44
99;2;CORREGIMIENTO DOS;265;SANTA RITA;0;BARRIO_S4;1;40
99;2;CORREGIMIENTO DOS;267;LA SABANA;0;BARRIO_S4;1;4
99;2;CORREGIMIENTO DOS;269;ANGELINOS;0;BARRIO_S4;0;12
99;2;CORREGIMIENTO DOS;269;ANGELINOS;0;BARRIO_S4;1;10
99;2;CORREGIMIENTO DOS;282;CAPILLA BAJA;0;BARRIO_S4;0;178
99;2;CORREGIMIENTO DOS;282;CAPILLA BAJA;0;BARRIO_S4;1;131
99;2;CORREGIMIENTO DOS;283;BOLARQU÷ ALTO;0;BARRIO_S4;0;66
99;2;CORREGIMIENTO DOS;283;BOLARQU÷ ALTO;0;BARRIO_S4;1;65
99;2;CORREGIMIENTO DOS;295;EL NOGAL;0;BARRIO_S4;0;8
99;2;CORREGIMIENTO DOS;295;EL NOGAL;0;BARRIO_S4;1;5
99;2;CORREGIMIENTO DOS;358;VILLA CARMELO;0;BARRIO_S4;0;7
99;2;CORREGIMIENTO DOS;364;VILLA LUZ CAMPESTRE;0;BARRIO_S4;0;4
99;2;CORREGIMIENTO DOS;364;VILLA LUZ CAMPESTRE;0;BARRIO_S4;1;5
99;2;CORREGIMIENTO DOS;527;RETIRO GRANDE PARTE BAJA;0;BARRIO_S4;0;9
99;2;CORREGIMIENTO DOS;527;RETIRO GRANDE PARTE BAJA;0;BARRIO_S4;1;17
99;3;CORREGIMIENTO TRES;0;SIN VEREDA;0;BARRIO_S4;1;1
99;3;CORREGIMIENTO TRES;246;EL PEDREGAL;0;BARRIO_S4;0;118
99;3;CORREGIMIENTO TRES;246;EL PEDREGAL;0;BARRIO_S4;1;67
99;3;CORREGIMIENTO TRES;248;LA MALA•A;0;BARRIO_S4;0;223
99;3;CORREGIMIENTO TRES;248;LA MALA•A;0;BARRIO_S4;1;172
99;3;CORREGIMIENTO TRES;249;EL GUALILO ALTO;0;BARRIO_S4;0;137
99;3;CORREGIMIENTO TRES;249;EL GUALILO ALTO;0;BARRIO_S4;1;77
99;3;CORREGIMIENTO TRES;250;RETIRO GRANDE;0;BARRIO_S4;0;72
99;3;CORREGIMIENTO TRES;250;RETIRO GRANDE;0;BARRIO_S4;1;56
99;3;CORREGIMIENTO TRES;251;SAN JOSE;0;BARRIO_S4;0;167
99;3;CORREGIMIENTO TRES;251;SAN JOSE;0;BARRIO_S4;1;74
99;3;CORREGIMIENTO TRES;252;RETIRO CHIQUITO;0;BARRIO_S4;0;185
99;3;CORREGIMIENTO TRES;252;RETIRO CHIQUITO;0;BARRIO_S4;1;123
99;3;CORREGIMIENTO TRES;254;CUCHILLA ALTA;0;BARRIO_S4;1;3
99;3;CORREGIMIENTO TRES;255;LOS SANTOS;0;BARRIO_S4;1;4
99;3;CORREGIMIENTO TRES;259;MONSERRATE;0;BARRIO_S4;0;7
99;3;CORREGIMIENTO TRES;276;EL GUALILO BAJO;0;BARRIO_S4;0;221
99;3;CORREGIMIENTO TRES;276;EL GUALILO BAJO;0;BARRIO_S4;1;102
99;3;CORREGIMIENTO TRES;277;SANTA BARBARA;0;BARRIO_S4;0;548
99;3;CORREGIMIENTO TRES;277;SANTA BARBARA;0;BARRIO_S4;1;365
99;3;CORREGIMIENTO TRES;355;EL PEDREGAL;0;BARRIO_S4;0;406
99;3;CORREGIMIENTO TRES;355;EL PEDREGAL;0;BARRIO_S4;1;163
99;3;CORREGIMIENTO TRES;527;RETIRO GRANDE PARTE BAJA;0;BARRIO_S4;0;1
99;3;CORREGIMIENTO TRES;527;RETIRO GRANDE PARTE BAJA;0;BARRIO_S4;1;7
