Cod_comuna_x;Cod_corregimiento;NOM_CORREGIMIENTO;Cod_vereda;NOM_VEREDA;Cod_barrio;NOM_BARRIO;ind_recibe_comida;personas
1;0;SIN CORREGIMIENTO;0;SIN VEREDA;1;EL PAULON VILLA PATRICIA;1;48
1;0;SIN CORREGIMIENTO;0;SIN VEREDA;1;EL PAULON VILLA PATRICIA;2;1
1;0;SIN CORREGIMIENTO;0;SIN VEREDA;1;EL PAULON VILLA PATRICIA;9;372
1;0;SIN CORREGIMIENTO;0;SIN VEREDA;2;EL PAULON VILLA LINA;1;100
1;0;SIN CORREGIMIENTO;0;SIN VEREDA;2;EL PAULON VILLA LINA;2;2
1;0;SIN CORREGIMIENTO;0;SIN VEREDA;2;EL PAULON VILLA LINA;9;860
1;0;SIN CORREGIMIENTO;0;SIN VEREDA;3;COLORADOS;1;275
1;0;SIN CORREGIMIENTO;0;SIN VEREDA;3;COLORADOS;2;3
1;0;SIN CORREGIMIENTO;0;SIN VEREDA;3;COLORADOS;9;2558
1;0;SIN CORREGIMIENTO;0;SIN VEREDA;4;EL PAULON;1;98
1;0;SIN CORREGIMIENTO;0;SIN VEREDA;4;EL PAULON;2;1
1;0;SIN CORREGIMIENTO;0;SIN VEREDA;4;EL PAULON;9;1034
1;0;SIN CORREGIMIENTO;0;SIN VEREDA;5;ROSALTA COLORADOS;1;34
1;0;SIN CORREGIMIENTO;0;SIN VEREDA;5;ROSALTA COLORADOS;2;1
1;0;SIN CORREGIMIENTO;0;SIN VEREDA;5;ROSALTA COLORADOS;9;315
1;0;SIN CORREGIMIENTO;0;SIN VEREDA;6;COLORADOS PATIO BONITO;1;33
1;0;SIN CORREGIMIENTO;0;SIN VEREDA;6;COLORADOS PATIO BONITO;2;1
1;0;SIN CORREGIMIENTO;0;SIN VEREDA;6;COLORADOS PATIO BONITO;9;317
1;0;SIN CORREGIMIENTO;0;SIN VEREDA;7;CAFê MADRID VILLA ALICIA;1;16
1;0;SIN CORREGIMIENTO;0;SIN VEREDA;7;CAFê MADRID VILLA ALICIA;9;174
1;0;SIN CORREGIMIENTO;0;SIN VEREDA;8;EL ROSAL COLORADOS;1;64
1;0;SIN CORREGIMIENTO;0;SIN VEREDA;8;EL ROSAL COLORADOS;9;617
1;0;SIN CORREGIMIENTO;0;SIN VEREDA;9;LAS DELICIAS;1;2
1;0;SIN CORREGIMIENTO;0;SIN VEREDA;9;LAS DELICIAS;9;21
1;0;SIN CORREGIMIENTO;0;SIN VEREDA;10;ASENTAMIENTO BARRIO NUEVO;1;2
1;0;SIN CORREGIMIENTO;0;SIN VEREDA;10;ASENTAMIENTO BARRIO NUEVO;9;19
1;0;SIN CORREGIMIENTO;0;SIN VEREDA;11;DIVINO NI•O NORTE;1;28
1;0;SIN CORREGIMIENTO;0;SIN VEREDA;11;DIVINO NI•O NORTE;9;247
1;0;SIN CORREGIMIENTO;0;SIN VEREDA;12;CAFê MADRID EL TÈNEL;1;69
1;0;SIN CORREGIMIENTO;0;SIN VEREDA;12;CAFê MADRID EL TÈNEL;9;645
1;0;SIN CORREGIMIENTO;0;SIN VEREDA;13;CAFê MADRID LA UNI‡N;1;11
1;0;SIN CORREGIMIENTO;0;SIN VEREDA;13;CAFê MADRID LA UNI‡N;9;99
1;0;SIN CORREGIMIENTO;0;SIN VEREDA;14;CAFê MADRID;1;69
1;0;SIN CORREGIMIENTO;0;SIN VEREDA;14;CAFê MADRID;9;604
1;0;SIN CORREGIMIENTO;0;SIN VEREDA;15;CAFê MADRID LA PLAYA;1;68
1;0;SIN CORREGIMIENTO;0;SIN VEREDA;15;CAFê MADRID LA PLAYA;9;578
1;0;SIN CORREGIMIENTO;0;SIN VEREDA;19;CAFê MADRID LA LOMA;1;24
1;0;SIN CORREGIMIENTO;0;SIN VEREDA;19;CAFê MADRID LA LOMA;9;180
1;0;SIN CORREGIMIENTO;0;SIN VEREDA;24;CIUDADELA CAFê MADRID ;1;216
1;0;SIN CORREGIMIENTO;0;SIN VEREDA;24;CIUDADELA CAFê MADRID ;2;1
1;0;SIN CORREGIMIENTO;0;SIN VEREDA;24;CIUDADELA CAFê MADRID ;9;1770
1;0;SIN CORREGIMIENTO;0;SIN VEREDA;25;CAFê MADRID EL PLAN;1;70
1;0;SIN CORREGIMIENTO;0;SIN VEREDA;25;CAFê MADRID EL PLAN;9;637
1;0;SIN CORREGIMIENTO;0;SIN VEREDA;26;CAFê MADRID LA VIRGEN;1;20
1;0;SIN CORREGIMIENTO;0;SIN VEREDA;26;CAFê MADRID LA VIRGEN;9;138
1;0;SIN CORREGIMIENTO;0;SIN VEREDA;27;CAFê MADRID EL SUICHE;1;8
1;0;SIN CORREGIMIENTO;0;SIN VEREDA;27;CAFê MADRID EL SUICHE;9;49
1;0;SIN CORREGIMIENTO;0;SIN VEREDA;28;CAFê MADRID EL CABLE;1;42
1;0;SIN CORREGIMIENTO;0;SIN VEREDA;28;CAFê MADRID EL CABLE;9;375
1;0;SIN CORREGIMIENTO;0;SIN VEREDA;29;KENNEDY;1;175
1;0;SIN CORREGIMIENTO;0;SIN VEREDA;29;KENNEDY;2;2
1;0;SIN CORREGIMIENTO;0;SIN VEREDA;29;KENNEDY;9;2721
1;0;SIN CORREGIMIENTO;0;SIN VEREDA;30;VILLA ALEGRIA;1;100
1;0;SIN CORREGIMIENTO;0;SIN VEREDA;30;VILLA ALEGRIA;2;1
1;0;SIN CORREGIMIENTO;0;SIN VEREDA;30;VILLA ALEGRIA;9;798
1;0;SIN CORREGIMIENTO;0;SIN VEREDA;31;LAS HAMACAS;1;62
1;0;SIN CORREGIMIENTO;0;SIN VEREDA;31;LAS HAMACAS;2;1
1;0;SIN CORREGIMIENTO;0;SIN VEREDA;31;LAS HAMACAS;9;668
1;0;SIN CORREGIMIENTO;0;SIN VEREDA;32;MAR÷A PAZ;1;361
1;0;SIN CORREGIMIENTO;0;SIN VEREDA;32;MAR÷A PAZ;2;2
1;0;SIN CORREGIMIENTO;0;SIN VEREDA;32;MAR÷A PAZ;9;3417
1;0;SIN CORREGIMIENTO;0;SIN VEREDA;33;ALTOS DEL KENNEDY;1;37
1;0;SIN CORREGIMIENTO;0;SIN VEREDA;33;ALTOS DEL KENNEDY;2;1
1;0;SIN CORREGIMIENTO;0;SIN VEREDA;33;ALTOS DEL KENNEDY;9;450
1;0;SIN CORREGIMIENTO;0;SIN VEREDA;35;MINUTO DE DIOS;1;69
1;0;SIN CORREGIMIENTO;0;SIN VEREDA;35;MINUTO DE DIOS;2;1
1;0;SIN CORREGIMIENTO;0;SIN VEREDA;35;MINUTO DE DIOS;9;847
1;0;SIN CORREGIMIENTO;0;SIN VEREDA;36;MIRADOR DEL KENNEDY;1;13
1;0;SIN CORREGIMIENTO;0;SIN VEREDA;36;MIRADOR DEL KENNEDY;9;160
1;0;SIN CORREGIMIENTO;0;SIN VEREDA;38;COLSEGUROS NORTE;1;69
1;0;SIN CORREGIMIENTO;0;SIN VEREDA;38;COLSEGUROS NORTE;2;2
1;0;SIN CORREGIMIENTO;0;SIN VEREDA;38;COLSEGUROS NORTE;9;884
1;0;SIN CORREGIMIENTO;0;SIN VEREDA;39;OMAGA I ;1;19
1;0;SIN CORREGIMIENTO;0;SIN VEREDA;39;OMAGA I ;9;175
1;0;SIN CORREGIMIENTO;0;SIN VEREDA;40;MIRAMAR;1;39
1;0;SIN CORREGIMIENTO;0;SIN VEREDA;40;MIRAMAR;2;2
1;0;SIN CORREGIMIENTO;0;SIN VEREDA;40;MIRAMAR;9;422
1;0;SIN CORREGIMIENTO;0;SIN VEREDA;41;BALCONES DEL KENNEDY;1;79
1;0;SIN CORREGIMIENTO;0;SIN VEREDA;41;BALCONES DEL KENNEDY;2;2
1;0;SIN CORREGIMIENTO;0;SIN VEREDA;41;BALCONES DEL KENNEDY;9;1040
1;0;SIN CORREGIMIENTO;0;SIN VEREDA;42;VILLA MAR÷A;1;58
1;0;SIN CORREGIMIENTO;0;SIN VEREDA;42;VILLA MAR÷A;9;316
1;0;SIN CORREGIMIENTO;0;SIN VEREDA;43;ASENTAMIENTO VILLA MAR÷A;9;3
1;0;SIN CORREGIMIENTO;0;SIN VEREDA;45;LOS µNGELES;9;2
1;0;SIN CORREGIMIENTO;0;SIN VEREDA;47;OLAS ALTAS Y BAJAS;1;69
1;0;SIN CORREGIMIENTO;0;SIN VEREDA;47;OLAS ALTAS Y BAJAS;2;1
1;0;SIN CORREGIMIENTO;0;SIN VEREDA;47;OLAS ALTAS Y BAJAS;9;991
1;0;SIN CORREGIMIENTO;0;SIN VEREDA;49;PAISAJES DEL NORTE;1;77
1;0;SIN CORREGIMIENTO;0;SIN VEREDA;49;PAISAJES DEL NORTE;2;2
1;0;SIN CORREGIMIENTO;0;SIN VEREDA;49;PAISAJES DEL NORTE;9;638
1;0;SIN CORREGIMIENTO;0;SIN VEREDA;50;VILLA ROSA;1;433
1;0;SIN CORREGIMIENTO;0;SIN VEREDA;50;VILLA ROSA;2;6
1;0;SIN CORREGIMIENTO;0;SIN VEREDA;50;VILLA ROSA;9;5176
1;0;SIN CORREGIMIENTO;0;SIN VEREDA;54;MIRADOR NORTE;9;2
1;0;SIN CORREGIMIENTO;0;SIN VEREDA;55;CLAVERIANO;1;152
1;0;SIN CORREGIMIENTO;0;SIN VEREDA;55;CLAVERIANO;2;2
1;0;SIN CORREGIMIENTO;0;SIN VEREDA;55;CLAVERIANO;9;1224
1;0;SIN CORREGIMIENTO;0;SIN VEREDA;56;ALTOS DEL PROGRESO;1;124
1;0;SIN CORREGIMIENTO;0;SIN VEREDA;56;ALTOS DEL PROGRESO;9;1112
1;0;SIN CORREGIMIENTO;0;SIN VEREDA;58;13 DE JUNIO;1;9
1;0;SIN CORREGIMIENTO;0;SIN VEREDA;58;13 DE JUNIO;2;1
1;0;SIN CORREGIMIENTO;0;SIN VEREDA;58;13 DE JUNIO;9;199
1;0;SIN CORREGIMIENTO;0;SIN VEREDA;69;VILLA MERCEDES;9;1
1;0;SIN CORREGIMIENTO;0;SIN VEREDA;88;CAFê MADRID LA 40;1;12
1;0;SIN CORREGIMIENTO;0;SIN VEREDA;88;CAFê MADRID LA 40;9;85
1;0;SIN CORREGIMIENTO;0;SIN VEREDA;91;TEJADITOS;1;3
1;0;SIN CORREGIMIENTO;0;SIN VEREDA;91;TEJADITOS;9;22
1;0;SIN CORREGIMIENTO;0;SIN VEREDA;94;EL NOGAL 2;1;60
1;0;SIN CORREGIMIENTO;0;SIN VEREDA;94;EL NOGAL 2;9;590
1;0;SIN CORREGIMIENTO;0;SIN VEREDA;108;LIMONCITO MORRORRICO;9;3
1;0;SIN CORREGIMIENTO;0;SIN VEREDA;229;VILLA SARA;9;4
1;0;SIN CORREGIMIENTO;0;SIN VEREDA;230;VILLA ALICIA;1;26
1;0;SIN CORREGIMIENTO;0;SIN VEREDA;230;VILLA ALICIA;9;142
1;0;SIN CORREGIMIENTO;0;SIN VEREDA;235;DELICIAS NORTE;1;7
1;0;SIN CORREGIMIENTO;0;SIN VEREDA;235;DELICIAS NORTE;9;107
1;0;SIN CORREGIMIENTO;0;SIN VEREDA;244;VILLA FLOR;9;4
1;0;SIN CORREGIMIENTO;0;SIN VEREDA;247;LA FORTUNA;1;66
1;0;SIN CORREGIMIENTO;0;SIN VEREDA;247;LA FORTUNA;2;2
1;0;SIN CORREGIMIENTO;0;SIN VEREDA;247;LA FORTUNA;9;433
1;0;SIN CORREGIMIENTO;0;SIN VEREDA;281;SAN IGNACIO REAL;1;44
1;0;SIN CORREGIMIENTO;0;SIN VEREDA;281;SAN IGNACIO REAL;9;379
1;0;SIN CORREGIMIENTO;0;SIN VEREDA;291;CAMINOS DE PAZ;1;18
1;0;SIN CORREGIMIENTO;0;SIN VEREDA;291;CAMINOS DE PAZ;9;131
1;0;SIN CORREGIMIENTO;0;SIN VEREDA;292;LAS TUNAS;1;1
1;0;SIN CORREGIMIENTO;0;SIN VEREDA;292;LAS TUNAS;9;1
1;0;SIN CORREGIMIENTO;0;SIN VEREDA;297;TEJAR II;1;70
1;0;SIN CORREGIMIENTO;0;SIN VEREDA;297;TEJAR II;9;783
1;0;SIN CORREGIMIENTO;0;SIN VEREDA;298;TEJAR I;1;44
1;0;SIN CORREGIMIENTO;0;SIN VEREDA;298;TEJAR I;2;1
1;0;SIN CORREGIMIENTO;0;SIN VEREDA;298;TEJAR I;9;557
1;0;SIN CORREGIMIENTO;0;SIN VEREDA;299;OMAGA II;1;49
1;0;SIN CORREGIMIENTO;0;SIN VEREDA;299;OMAGA II;9;551
1;0;SIN CORREGIMIENTO;0;SIN VEREDA;301;CERVUNION;1;52
1;0;SIN CORREGIMIENTO;0;SIN VEREDA;301;CERVUNION;9;341
1;0;SIN CORREGIMIENTO;0;SIN VEREDA;302;ASENTAMIENTO LUZ DE ESPERANZA;1;4
1;0;SIN CORREGIMIENTO;0;SIN VEREDA;302;ASENTAMIENTO LUZ DE ESPERANZA;9;24
1;0;SIN CORREGIMIENTO;0;SIN VEREDA;305;SAN VALENT÷N;1;67
1;0;SIN CORREGIMIENTO;0;SIN VEREDA;305;SAN VALENT÷N;9;531
1;0;SIN CORREGIMIENTO;0;SIN VEREDA;311;ALTOS DE BETANIA;1;126
1;0;SIN CORREGIMIENTO;0;SIN VEREDA;311;ALTOS DE BETANIA;2;1
1;0;SIN CORREGIMIENTO;0;SIN VEREDA;311;ALTOS DE BETANIA;9;1112
1;0;SIN CORREGIMIENTO;0;SIN VEREDA;328;CAMPESTRE NORTE ;1;277
1;0;SIN CORREGIMIENTO;0;SIN VEREDA;328;CAMPESTRE NORTE ;2;5
1;0;SIN CORREGIMIENTO;0;SIN VEREDA;328;CAMPESTRE NORTE ;9;2325
1;0;SIN CORREGIMIENTO;0;SIN VEREDA;332;BONANZA CAMPESTRE;1;57
1;0;SIN CORREGIMIENTO;0;SIN VEREDA;332;BONANZA CAMPESTRE;2;1
1;0;SIN CORREGIMIENTO;0;SIN VEREDA;332;BONANZA CAMPESTRE;9;444
1;0;SIN CORREGIMIENTO;0;SIN VEREDA;335;PUENTE NARI•O;1;144
1;0;SIN CORREGIMIENTO;0;SIN VEREDA;335;PUENTE NARI•O;9;899
1;0;SIN CORREGIMIENTO;0;SIN VEREDA;338;CAFE MADRID LA SEXTA;1;11
1;0;SIN CORREGIMIENTO;0;SIN VEREDA;338;CAFE MADRID LA SEXTA;9;91
1;0;SIN CORREGIMIENTO;0;SIN VEREDA;342;VILLAS DE SAN IGNACIO;1;60
1;0;SIN CORREGIMIENTO;0;SIN VEREDA;342;VILLAS DE SAN IGNACIO;9;697
1;0;SIN CORREGIMIENTO;0;SIN VEREDA;346;JARDINES DE ALTAGRACIA;1;6
1;0;SIN CORREGIMIENTO;0;SIN VEREDA;346;JARDINES DE ALTAGRACIA;9;130
1;0;SIN CORREGIMIENTO;0;SIN VEREDA;348;PORTAL DE LOS µNGELES;1;66
1;0;SIN CORREGIMIENTO;0;SIN VEREDA;348;PORTAL DE LOS µNGELES;9;636
1;0;SIN CORREGIMIENTO;0;SIN VEREDA;350;BETANIA ;1;340
1;0;SIN CORREGIMIENTO;0;SIN VEREDA;350;BETANIA ;2;2
1;0;SIN CORREGIMIENTO;0;SIN VEREDA;350;BETANIA ;9;2812
1;0;SIN CORREGIMIENTO;0;SIN VEREDA;351;CAFê MADRID LA ESTACI‡N;1;77
1;0;SIN CORREGIMIENTO;0;SIN VEREDA;351;CAFê MADRID LA ESTACI‡N;9;752
1;0;SIN CORREGIMIENTO;0;SIN VEREDA;354;MIRADOR DE COLORADOS;1;19
1;0;SIN CORREGIMIENTO;0;SIN VEREDA;354;MIRADOR DE COLORADOS;9;144
1;0;SIN CORREGIMIENTO;0;SIN VEREDA;356;BAVARIA;1;269
1;0;SIN CORREGIMIENTO;0;SIN VEREDA;356;BAVARIA;2;1
1;0;SIN CORREGIMIENTO;0;SIN VEREDA;356;BAVARIA;9;2467
1;0;SIN CORREGIMIENTO;0;SIN VEREDA;357;CAFê MADRID CORRALES;1;6
1;0;SIN CORREGIMIENTO;0;SIN VEREDA;357;CAFê MADRID CORRALES;2;1
1;0;SIN CORREGIMIENTO;0;SIN VEREDA;357;CAFê MADRID CORRALES;9;42
1;0;SIN CORREGIMIENTO;0;SIN VEREDA;359;GETSEMANI;1;52
1;0;SIN CORREGIMIENTO;0;SIN VEREDA;359;GETSEMANI;9;433
1;0;SIN CORREGIMIENTO;0;SIN VEREDA;361;VILLAS DEL NOGAL;1;1
1;0;SIN CORREGIMIENTO;0;SIN VEREDA;361;VILLAS DEL NOGAL;9;3
1;0;SIN CORREGIMIENTO;0;SIN VEREDA;366;LOS CEDROS NORTE;1;7
1;0;SIN CORREGIMIENTO;0;SIN VEREDA;366;LOS CEDROS NORTE;9;71
1;0;SIN CORREGIMIENTO;0;SIN VEREDA;370;CAMPO MADRID;1;363
1;0;SIN CORREGIMIENTO;0;SIN VEREDA;370;CAMPO MADRID;2;4
1;0;SIN CORREGIMIENTO;0;SIN VEREDA;370;CAMPO MADRID;9;3669
2;0;SIN CORREGIMIENTO;0;SIN VEREDA;0;BARRIO_S4;1;54
2;0;SIN CORREGIMIENTO;0;SIN VEREDA;0;BARRIO_S4;9;438
2;0;SIN CORREGIMIENTO;0;SIN VEREDA;8;EL ROSAL COLORADOS;1;1
2;0;SIN CORREGIMIENTO;0;SIN VEREDA;8;EL ROSAL COLORADOS;9;1
2;0;SIN CORREGIMIENTO;0;SIN VEREDA;21;MIRADOR DE LA UIS;1;84
2;0;SIN CORREGIMIENTO;0;SIN VEREDA;21;MIRADOR DE LA UIS;2;2
2;0;SIN CORREGIMIENTO;0;SIN VEREDA;21;MIRADOR DE LA UIS;9;747
2;0;SIN CORREGIMIENTO;0;SIN VEREDA;37;LOS CUADROS;1;95
2;0;SIN CORREGIMIENTO;0;SIN VEREDA;37;LOS CUADROS;9;821
2;0;SIN CORREGIMIENTO;0;SIN VEREDA;44;VILLA HELENA I Y II;1;238
2;0;SIN CORREGIMIENTO;0;SIN VEREDA;44;VILLA HELENA I Y II;2;3
2;0;SIN CORREGIMIENTO;0;SIN VEREDA;44;VILLA HELENA I Y II;9;2203
2;0;SIN CORREGIMIENTO;0;SIN VEREDA;45;LOS µNGELES;1;98
2;0;SIN CORREGIMIENTO;0;SIN VEREDA;45;LOS µNGELES;2;1
2;0;SIN CORREGIMIENTO;0;SIN VEREDA;45;LOS µNGELES;9;928
2;0;SIN CORREGIMIENTO;0;SIN VEREDA;46;JOSE MAR÷A C‡RDOBA;1;81
2;0;SIN CORREGIMIENTO;0;SIN VEREDA;46;JOSE MAR÷A C‡RDOBA;9;697
2;0;SIN CORREGIMIENTO;0;SIN VEREDA;47;OLAS ALTAS Y BAJAS;1;5
2;0;SIN CORREGIMIENTO;0;SIN VEREDA;47;OLAS ALTAS Y BAJAS;9;74
2;0;SIN CORREGIMIENTO;0;SIN VEREDA;50;VILLA ROSA;1;23
2;0;SIN CORREGIMIENTO;0;SIN VEREDA;50;VILLA ROSA;9;253
2;0;SIN CORREGIMIENTO;0;SIN VEREDA;51;LIZCANO I Y II;1;49
2;0;SIN CORREGIMIENTO;0;SIN VEREDA;51;LIZCANO I Y II;2;1
2;0;SIN CORREGIMIENTO;0;SIN VEREDA;51;LIZCANO I Y II;9;559
2;0;SIN CORREGIMIENTO;0;SIN VEREDA;52;ESPERANZA II;1;185
2;0;SIN CORREGIMIENTO;0;SIN VEREDA;52;ESPERANZA II;2;2
2;0;SIN CORREGIMIENTO;0;SIN VEREDA;52;ESPERANZA II;9;1830
2;0;SIN CORREGIMIENTO;0;SIN VEREDA;53;ESPERANZA III;1;96
2;0;SIN CORREGIMIENTO;0;SIN VEREDA;53;ESPERANZA III;2;1
2;0;SIN CORREGIMIENTO;0;SIN VEREDA;53;ESPERANZA III;9;1004
2;0;SIN CORREGIMIENTO;0;SIN VEREDA;54;MIRADOR NORTE;1;116
2;0;SIN CORREGIMIENTO;0;SIN VEREDA;54;MIRADOR NORTE;2;2
2;0;SIN CORREGIMIENTO;0;SIN VEREDA;54;MIRADOR NORTE;9;962
2;0;SIN CORREGIMIENTO;0;SIN VEREDA;57;BOSCONIA ;1;1
2;0;SIN CORREGIMIENTO;0;SIN VEREDA;57;BOSCONIA ;9;9
2;0;SIN CORREGIMIENTO;0;SIN VEREDA;58;13 DE JUNIO;9;5
2;0;SIN CORREGIMIENTO;0;SIN VEREDA;59;LA GRANJITA;1;25
2;0;SIN CORREGIMIENTO;0;SIN VEREDA;59;LA GRANJITA;2;1
2;0;SIN CORREGIMIENTO;0;SIN VEREDA;59;LA GRANJITA;9;203
2;0;SIN CORREGIMIENTO;0;SIN VEREDA;61;REGADERO NORTE;1;139
2;0;SIN CORREGIMIENTO;0;SIN VEREDA;61;REGADERO NORTE;2;1
2;0;SIN CORREGIMIENTO;0;SIN VEREDA;61;REGADERO NORTE;9;1483
2;0;SIN CORREGIMIENTO;0;SIN VEREDA;62;PRIMAVERAL REGADERO;1;5
2;0;SIN CORREGIMIENTO;0;SIN VEREDA;62;PRIMAVERAL REGADERO;9;155
2;0;SIN CORREGIMIENTO;0;SIN VEREDA;64;LA JUVENTUD;1;112
2;0;SIN CORREGIMIENTO;0;SIN VEREDA;64;LA JUVENTUD;2;2
2;0;SIN CORREGIMIENTO;0;SIN VEREDA;64;LA JUVENTUD;9;1257
2;0;SIN CORREGIMIENTO;0;SIN VEREDA;65;ESPERANZA I;1;132
2;0;SIN CORREGIMIENTO;0;SIN VEREDA;65;ESPERANZA I;9;1290
2;0;SIN CORREGIMIENTO;0;SIN VEREDA;66;SAN CRISTOBAL;1;65
2;0;SIN CORREGIMIENTO;0;SIN VEREDA;66;SAN CRISTOBAL;9;762
2;0;SIN CORREGIMIENTO;0;SIN VEREDA;67;TRANSICI‡N I AL V;1;534
2;0;SIN CORREGIMIENTO;0;SIN VEREDA;67;TRANSICI‡N I AL V;2;8
2;0;SIN CORREGIMIENTO;0;SIN VEREDA;67;TRANSICI‡N I AL V;9;4838
2;0;SIN CORREGIMIENTO;0;SIN VEREDA;68;NUEVA COLOMBIA;1;38
2;0;SIN CORREGIMIENTO;0;SIN VEREDA;68;NUEVA COLOMBIA;9;366
2;0;SIN CORREGIMIENTO;0;SIN VEREDA;69;VILLA MERCEDES;1;226
2;0;SIN CORREGIMIENTO;0;SIN VEREDA;69;VILLA MERCEDES;2;5
2;0;SIN CORREGIMIENTO;0;SIN VEREDA;69;VILLA MERCEDES;9;1942
2;0;SIN CORREGIMIENTO;0;SIN VEREDA;70;OLITAS;1;32
2;0;SIN CORREGIMIENTO;0;SIN VEREDA;70;OLITAS;9;329
2;0;SIN CORREGIMIENTO;0;SIN VEREDA;71;BOSQUE NORTE ;1;139
2;0;SIN CORREGIMIENTO;0;SIN VEREDA;71;BOSQUE NORTE ;2;3
2;0;SIN CORREGIMIENTO;0;SIN VEREDA;71;BOSQUE NORTE ;9;1161
2;0;SIN CORREGIMIENTO;0;SIN VEREDA;72;LA INDEPENDENCIA;1;297
2;0;SIN CORREGIMIENTO;0;SIN VEREDA;72;LA INDEPENDENCIA;2;4
2;0;SIN CORREGIMIENTO;0;SIN VEREDA;72;LA INDEPENDENCIA;9;3370
2;0;SIN CORREGIMIENTO;0;SIN VEREDA;74;NORTE BAJO;1;6
2;0;SIN CORREGIMIENTO;0;SIN VEREDA;74;NORTE BAJO;9;141
2;0;SIN CORREGIMIENTO;0;SIN VEREDA;75;SAN RAFAEL;9;5
2;0;SIN CORREGIMIENTO;0;SIN VEREDA;76;CHAPINERO;9;5
2;0;SIN CORREGIMIENTO;0;SIN VEREDA;87;DON BOSCO;9;2
2;0;SIN CORREGIMIENTO;0;SIN VEREDA;95;COMUNEROS;1;15
2;0;SIN CORREGIMIENTO;0;SIN VEREDA;95;COMUNEROS;9;177
2;0;SIN CORREGIMIENTO;0;SIN VEREDA;101;UNIVERSIDAD;1;1
2;0;SIN CORREGIMIENTO;0;SIN VEREDA;101;UNIVERSIDAD;9;7
2;0;SIN CORREGIMIENTO;0;SIN VEREDA;110;MORRORRICO;1;6
2;0;SIN CORREGIMIENTO;0;SIN VEREDA;110;MORRORRICO;9;24
2;0;SIN CORREGIMIENTO;0;SIN VEREDA;113;PUERTO RICO;9;2
2;0;SIN CORREGIMIENTO;0;SIN VEREDA;116;MIRAFLORES;9;4
2;0;SIN CORREGIMIENTO;0;SIN VEREDA;153;EL PANTANO I;1;2
2;0;SIN CORREGIMIENTO;0;SIN VEREDA;153;EL PANTANO I;9;9
2;0;SIN CORREGIMIENTO;0;SIN VEREDA;179;COLOMBIA;9;3
2;0;SIN CORREGIMIENTO;0;SIN VEREDA;223;PORVENIR BAJO;1;1
2;0;SIN CORREGIMIENTO;0;SIN VEREDA;223;PORVENIR BAJO;9;11
2;0;SIN CORREGIMIENTO;0;SIN VEREDA;271;MONEQUE;1;4
2;0;SIN CORREGIMIENTO;0;SIN VEREDA;271;MONEQUE;9;76
2;0;SIN CORREGIMIENTO;0;SIN VEREDA;337;CIUDADELA CLUB COMFENALCO;1;31
2;0;SIN CORREGIMIENTO;0;SIN VEREDA;337;CIUDADELA CLUB COMFENALCO;9;390
3;0;SIN CORREGIMIENTO;0;SIN VEREDA;21;MIRADOR DE LA UIS;1;1
3;0;SIN CORREGIMIENTO;0;SIN VEREDA;21;MIRADOR DE LA UIS;9;1
3;0;SIN CORREGIMIENTO;0;SIN VEREDA;72;LA INDEPENDENCIA;1;3
3;0;SIN CORREGIMIENTO;0;SIN VEREDA;72;LA INDEPENDENCIA;9;26
3;0;SIN CORREGIMIENTO;0;SIN VEREDA;74;NORTE BAJO;1;50
3;0;SIN CORREGIMIENTO;0;SIN VEREDA;74;NORTE BAJO;2;2
3;0;SIN CORREGIMIENTO;0;SIN VEREDA;74;NORTE BAJO;9;534
3;0;SIN CORREGIMIENTO;0;SIN VEREDA;75;SAN RAFAEL;1;141
3;0;SIN CORREGIMIENTO;0;SIN VEREDA;75;SAN RAFAEL;2;3
3;0;SIN CORREGIMIENTO;0;SIN VEREDA;75;SAN RAFAEL;9;1960
3;0;SIN CORREGIMIENTO;0;SIN VEREDA;76;CHAPINERO;1;67
3;0;SIN CORREGIMIENTO;0;SIN VEREDA;76;CHAPINERO;2;1
3;0;SIN CORREGIMIENTO;0;SIN VEREDA;76;CHAPINERO;9;864
3;0;SIN CORREGIMIENTO;0;SIN VEREDA;95;COMUNEROS;1;292
3;0;SIN CORREGIMIENTO;0;SIN VEREDA;95;COMUNEROS;2;8
3;0;SIN CORREGIMIENTO;0;SIN VEREDA;95;COMUNEROS;9;4351
3;0;SIN CORREGIMIENTO;0;SIN VEREDA;96;MODELO;1;39
3;0;SIN CORREGIMIENTO;0;SIN VEREDA;96;MODELO;9;689
3;0;SIN CORREGIMIENTO;0;SIN VEREDA;97;MUTUALIDAD;1;63
3;0;SIN CORREGIMIENTO;0;SIN VEREDA;97;MUTUALIDAD;9;1189
3;0;SIN CORREGIMIENTO;0;SIN VEREDA;98;SAN FRANCISCO;1;115
3;0;SIN CORREGIMIENTO;0;SIN VEREDA;98;SAN FRANCISCO;2;4
3;0;SIN CORREGIMIENTO;0;SIN VEREDA;98;SAN FRANCISCO;9;1936
3;0;SIN CORREGIMIENTO;0;SIN VEREDA;99;ALARC‡N;1;16
3;0;SIN CORREGIMIENTO;0;SIN VEREDA;99;ALARC‡N;9;209
3;0;SIN CORREGIMIENTO;0;SIN VEREDA;100;SAN ALONSO;1;2
3;0;SIN CORREGIMIENTO;0;SIN VEREDA;100;SAN ALONSO;9;11
3;0;SIN CORREGIMIENTO;0;SIN VEREDA;101;UNIVERSIDAD;1;8
3;0;SIN CORREGIMIENTO;0;SIN VEREDA;101;UNIVERSIDAD;2;1
3;0;SIN CORREGIMIENTO;0;SIN VEREDA;101;UNIVERSIDAD;9;121
3;0;SIN CORREGIMIENTO;0;SIN VEREDA;113;PUERTO RICO;1;17
3;0;SIN CORREGIMIENTO;0;SIN VEREDA;113;PUERTO RICO;2;1
3;0;SIN CORREGIMIENTO;0;SIN VEREDA;113;PUERTO RICO;9;134
3;0;SIN CORREGIMIENTO;0;SIN VEREDA;130;CENTRO;9;4
3;0;SIN CORREGIMIENTO;0;SIN VEREDA;131;ANTONIA SANTOS CENTRO;9;5
3;0;SIN CORREGIMIENTO;0;SIN VEREDA;195;PABLO VI;1;1
3;0;SIN CORREGIMIENTO;0;SIN VEREDA;195;PABLO VI;9;50
3;0;SIN CORREGIMIENTO;0;SIN VEREDA;218;SAN EXPEDITO;1;2
3;0;SIN CORREGIMIENTO;0;SIN VEREDA;218;SAN EXPEDITO;9;3
3;0;SIN CORREGIMIENTO;0;SIN VEREDA;305;SAN VALENT÷N;9;1
4;0;SIN CORREGIMIENTO;0;SIN VEREDA;0;BARRIO_S4;1;1
4;0;SIN CORREGIMIENTO;0;SIN VEREDA;0;BARRIO_S4;9;1
4;0;SIN CORREGIMIENTO;0;SIN VEREDA;3;COLORADOS;9;2
4;0;SIN CORREGIMIENTO;0;SIN VEREDA;11;DIVINO NI•O NORTE;1;1
4;0;SIN CORREGIMIENTO;0;SIN VEREDA;11;DIVINO NI•O NORTE;9;5
4;0;SIN CORREGIMIENTO;0;SIN VEREDA;14;CAFê MADRID;1;1
4;0;SIN CORREGIMIENTO;0;SIN VEREDA;14;CAFê MADRID;9;1
4;0;SIN CORREGIMIENTO;0;SIN VEREDA;16;GALLINERAL;1;50
4;0;SIN CORREGIMIENTO;0;SIN VEREDA;16;GALLINERAL;2;1
4;0;SIN CORREGIMIENTO;0;SIN VEREDA;16;GALLINERAL;9;397
4;0;SIN CORREGIMIENTO;0;SIN VEREDA;18;5 DE ENERO;1;60
4;0;SIN CORREGIMIENTO;0;SIN VEREDA;18;5 DE ENERO;2;1
4;0;SIN CORREGIMIENTO;0;SIN VEREDA;18;5 DE ENERO;9;330
4;0;SIN CORREGIMIENTO;0;SIN VEREDA;20;CARLOS PIZARRO;1;16
4;0;SIN CORREGIMIENTO;0;SIN VEREDA;20;CARLOS PIZARRO;9;121
4;0;SIN CORREGIMIENTO;0;SIN VEREDA;22;JOSE ANTONIO GALµN;1;200
4;0;SIN CORREGIMIENTO;0;SIN VEREDA;22;JOSE ANTONIO GALµN;2;2
4;0;SIN CORREGIMIENTO;0;SIN VEREDA;22;JOSE ANTONIO GALµN;9;1469
4;0;SIN CORREGIMIENTO;0;SIN VEREDA;35;MINUTO DE DIOS;9;1
4;0;SIN CORREGIMIENTO;0;SIN VEREDA;46;JOSE MAR÷A C‡RDOBA;9;1
4;0;SIN CORREGIMIENTO;0;SIN VEREDA;73;CINAL I II Y III;1;58
4;0;SIN CORREGIMIENTO;0;SIN VEREDA;73;CINAL I II Y III;2;2
4;0;SIN CORREGIMIENTO;0;SIN VEREDA;73;CINAL I II Y III;9;482
4;0;SIN CORREGIMIENTO;0;SIN VEREDA;74;NORTE BAJO;1;2
4;0;SIN CORREGIMIENTO;0;SIN VEREDA;74;NORTE BAJO;9;24
4;0;SIN CORREGIMIENTO;0;SIN VEREDA;75;SAN RAFAEL;9;4
4;0;SIN CORREGIMIENTO;0;SIN VEREDA;77;GAITµN;1;271
4;0;SIN CORREGIMIENTO;0;SIN VEREDA;77;GAITµN;2;3
4;0;SIN CORREGIMIENTO;0;SIN VEREDA;77;GAITµN;9;3451
4;0;SIN CORREGIMIENTO;0;SIN VEREDA;78;GRANADA;1;43
4;0;SIN CORREGIMIENTO;0;SIN VEREDA;78;GRANADA;9;684
4;0;SIN CORREGIMIENTO;0;SIN VEREDA;79;LA FERIA;1;62
4;0;SIN CORREGIMIENTO;0;SIN VEREDA;79;LA FERIA;9;596
4;0;SIN CORREGIMIENTO;0;SIN VEREDA;80;NAPOLES;1;66
4;0;SIN CORREGIMIENTO;0;SIN VEREDA;80;NAPOLES;2;2
4;0;SIN CORREGIMIENTO;0;SIN VEREDA;80;NAPOLES;9;835
4;0;SIN CORREGIMIENTO;0;SIN VEREDA;82;GIRARDOT;1;397
4;0;SIN CORREGIMIENTO;0;SIN VEREDA;82;GIRARDOT;2;4
4;0;SIN CORREGIMIENTO;0;SIN VEREDA;82;GIRARDOT;9;4789
4;0;SIN CORREGIMIENTO;0;SIN VEREDA;83;ZARABANDA;1;58
4;0;SIN CORREGIMIENTO;0;SIN VEREDA;83;ZARABANDA;9;439
4;0;SIN CORREGIMIENTO;0;SIN VEREDA;84;CUYANITA;1;89
4;0;SIN CORREGIMIENTO;0;SIN VEREDA;84;CUYANITA;2;1
4;0;SIN CORREGIMIENTO;0;SIN VEREDA;84;CUYANITA;9;634
4;0;SIN CORREGIMIENTO;0;SIN VEREDA;85;CAMILO TORRES;1;61
4;0;SIN CORREGIMIENTO;0;SIN VEREDA;85;CAMILO TORRES;9;616
4;0;SIN CORREGIMIENTO;0;SIN VEREDA;86;SANTANDER;1;108
4;0;SIN CORREGIMIENTO;0;SIN VEREDA;86;SANTANDER;2;1
4;0;SIN CORREGIMIENTO;0;SIN VEREDA;86;SANTANDER;9;1890
4;0;SIN CORREGIMIENTO;0;SIN VEREDA;87;DON BOSCO;1;65
4;0;SIN CORREGIMIENTO;0;SIN VEREDA;87;DON BOSCO;2;2
4;0;SIN CORREGIMIENTO;0;SIN VEREDA;87;DON BOSCO;9;918
4;0;SIN CORREGIMIENTO;0;SIN VEREDA;89;NAPOLES CURTIEMBRE;1;43
4;0;SIN CORREGIMIENTO;0;SIN VEREDA;89;NAPOLES CURTIEMBRE;9;389
4;0;SIN CORREGIMIENTO;0;SIN VEREDA;90;LA GLORIA;1;88
4;0;SIN CORREGIMIENTO;0;SIN VEREDA;90;LA GLORIA;2;3
4;0;SIN CORREGIMIENTO;0;SIN VEREDA;90;LA GLORIA;9;797
4;0;SIN CORREGIMIENTO;0;SIN VEREDA;92;NARI•O;1;146
4;0;SIN CORREGIMIENTO;0;SIN VEREDA;92;NARI•O;2;5
4;0;SIN CORREGIMIENTO;0;SIN VEREDA;92;NARI•O;9;1746
4;0;SIN CORREGIMIENTO;0;SIN VEREDA;93;PIO XII;1;20
4;0;SIN CORREGIMIENTO;0;SIN VEREDA;93;PIO XII;9;279
4;0;SIN CORREGIMIENTO;0;SIN VEREDA;98;SAN FRANCISCO;9;1
4;0;SIN CORREGIMIENTO;0;SIN VEREDA;99;ALARC‡N;1;1
4;0;SIN CORREGIMIENTO;0;SIN VEREDA;99;ALARC‡N;9;21
4;0;SIN CORREGIMIENTO;0;SIN VEREDA;119;GALµN;1;1
4;0;SIN CORREGIMIENTO;0;SIN VEREDA;119;GALµN;9;31
4;0;SIN CORREGIMIENTO;0;SIN VEREDA;130;CENTRO;9;1
4;0;SIN CORREGIMIENTO;0;SIN VEREDA;131;ANTONIA SANTOS CENTRO;9;1
4;0;SIN CORREGIMIENTO;0;SIN VEREDA;136;SOTOMAYOR;9;1
4;0;SIN CORREGIMIENTO;0;SIN VEREDA;141;GARC÷A ROVIRA;1;2
4;0;SIN CORREGIMIENTO;0;SIN VEREDA;141;GARC÷A ROVIRA;9;24
4;0;SIN CORREGIMIENTO;0;SIN VEREDA;142;ALFONSO L‡PEZ;9;4
4;0;SIN CORREGIMIENTO;0;SIN VEREDA;145;CAMPO HERMOSO;9;1
4;0;SIN CORREGIMIENTO;0;SIN VEREDA;154;EL PANTANO II;1;4
4;0;SIN CORREGIMIENTO;0;SIN VEREDA;154;EL PANTANO II;9;45
4;0;SIN CORREGIMIENTO;0;SIN VEREDA;193;NUEVA GRANADA;1;7
4;0;SIN CORREGIMIENTO;0;SIN VEREDA;193;NUEVA GRANADA;9;60
4;0;SIN CORREGIMIENTO;0;SIN VEREDA;232;DANGOND;1;1
4;0;SIN CORREGIMIENTO;0;SIN VEREDA;232;DANGOND;9;26
4;0;SIN CORREGIMIENTO;0;SIN VEREDA;240;IGSABELAR;9;17
4;0;SIN CORREGIMIENTO;0;SIN VEREDA;278;12 DE OCTUBRE;1;117
4;0;SIN CORREGIMIENTO;0;SIN VEREDA;278;12 DE OCTUBRE;2;2
4;0;SIN CORREGIMIENTO;0;SIN VEREDA;278;12 DE OCTUBRE;9;1111
4;0;SIN CORREGIMIENTO;0;SIN VEREDA;279;DIVINO NI•O CENTRO ;1;49
4;0;SIN CORREGIMIENTO;0;SIN VEREDA;279;DIVINO NI•O CENTRO ;2;1
4;0;SIN CORREGIMIENTO;0;SIN VEREDA;279;DIVINO NI•O CENTRO ;9;433
4;0;SIN CORREGIMIENTO;0;SIN VEREDA;280;RESERVA DE LA INMACULADA;1;121
4;0;SIN CORREGIMIENTO;0;SIN VEREDA;280;RESERVA DE LA INMACULADA;2;4
4;0;SIN CORREGIMIENTO;0;SIN VEREDA;280;RESERVA DE LA INMACULADA;9;1392
4;0;SIN CORREGIMIENTO;0;SIN VEREDA;307;MILAGRO DE DIOS;1;76
4;0;SIN CORREGIMIENTO;0;SIN VEREDA;307;MILAGRO DE DIOS;2;1
4;0;SIN CORREGIMIENTO;0;SIN VEREDA;307;MILAGRO DE DIOS;9;731
4;0;SIN CORREGIMIENTO;0;SIN VEREDA;325;MAR÷A AUXILIADORA;1;11
4;0;SIN CORREGIMIENTO;0;SIN VEREDA;325;MAR÷A AUXILIADORA;9;114
4;0;SIN CORREGIMIENTO;0;SIN VEREDA;333;23 DE JUNIO;1;45
4;0;SIN CORREGIMIENTO;0;SIN VEREDA;333;23 DE JUNIO;2;3
4;0;SIN CORREGIMIENTO;0;SIN VEREDA;333;23 DE JUNIO;9;548
4;0;SIN CORREGIMIENTO;0;SIN VEREDA;345;PASEO DE LA FERIA;1;81
4;0;SIN CORREGIMIENTO;0;SIN VEREDA;345;PASEO DE LA FERIA;2;2
4;0;SIN CORREGIMIENTO;0;SIN VEREDA;345;PASEO DE LA FERIA;9;1269
4;0;SIN CORREGIMIENTO;0;SIN VEREDA;356;BAVARIA;9;6
4;0;SIN CORREGIMIENTO;0;SIN VEREDA;359;GETSEMANI;9;1
4;0;SIN CORREGIMIENTO;0;SIN VEREDA;365;VILLAS DE GIRARDOT;1;260
4;0;SIN CORREGIMIENTO;0;SIN VEREDA;365;VILLAS DE GIRARDOT;2;5
4;0;SIN CORREGIMIENTO;0;SIN VEREDA;365;VILLAS DE GIRARDOT;9;1784
4;0;SIN CORREGIMIENTO;0;SIN VEREDA;368;URBANIZACI‡N LA INMACULADA;1;232
4;0;SIN CORREGIMIENTO;0;SIN VEREDA;368;URBANIZACI‡N LA INMACULADA;2;7
4;0;SIN CORREGIMIENTO;0;SIN VEREDA;368;URBANIZACI‡N LA INMACULADA;9;2177
4;0;SIN CORREGIMIENTO;0;SIN VEREDA;999999;BARRIO_S4;9;1
5;0;SIN CORREGIMIENTO;0;SIN VEREDA;17;RINC‡N DE LA PAZ;1;108
5;0;SIN CORREGIMIENTO;0;SIN VEREDA;17;RINC‡N DE LA PAZ;2;7
5;0;SIN CORREGIMIENTO;0;SIN VEREDA;17;RINC‡N DE LA PAZ;9;831
5;0;SIN CORREGIMIENTO;0;SIN VEREDA;82;GIRARDOT;9;2
5;0;SIN CORREGIMIENTO;0;SIN VEREDA;141;GARC÷A ROVIRA;1;2
5;0;SIN CORREGIMIENTO;0;SIN VEREDA;141;GARC÷A ROVIRA;9;62
5;0;SIN CORREGIMIENTO;0;SIN VEREDA;142;ALFONSO L‡PEZ;1;234
5;0;SIN CORREGIMIENTO;0;SIN VEREDA;142;ALFONSO L‡PEZ;2;5
5;0;SIN CORREGIMIENTO;0;SIN VEREDA;142;ALFONSO L‡PEZ;9;3101
5;0;SIN CORREGIMIENTO;0;SIN VEREDA;143;LA JOYA;1;126
5;0;SIN CORREGIMIENTO;0;SIN VEREDA;143;LA JOYA;2;1
5;0;SIN CORREGIMIENTO;0;SIN VEREDA;143;LA JOYA;9;1899
5;0;SIN CORREGIMIENTO;0;SIN VEREDA;144;CHORRERAS DE DON JUAN;1;39
5;0;SIN CORREGIMIENTO;0;SIN VEREDA;144;CHORRERAS DE DON JUAN;9;621
5;0;SIN CORREGIMIENTO;0;SIN VEREDA;145;CAMPO HERMOSO;1;510
5;0;SIN CORREGIMIENTO;0;SIN VEREDA;145;CAMPO HERMOSO;2;13
5;0;SIN CORREGIMIENTO;0;SIN VEREDA;145;CAMPO HERMOSO;9;6353
5;0;SIN CORREGIMIENTO;0;SIN VEREDA;146;LA ESMERALDA;1;23
5;0;SIN CORREGIMIENTO;0;SIN VEREDA;146;LA ESMERALDA;2;1
5;0;SIN CORREGIMIENTO;0;SIN VEREDA;146;LA ESMERALDA;9;310
5;0;SIN CORREGIMIENTO;0;SIN VEREDA;149;PRIMERO DE MAYO;1;58
5;0;SIN CORREGIMIENTO;0;SIN VEREDA;149;PRIMERO DE MAYO;2;3
5;0;SIN CORREGIMIENTO;0;SIN VEREDA;149;PRIMERO DE MAYO;9;836
5;0;SIN CORREGIMIENTO;0;SIN VEREDA;150;VILLAS DEL ROMERO;9;1
5;0;SIN CORREGIMIENTO;0;SIN VEREDA;151;LA ESTRELLA;9;3
5;0;SIN CORREGIMIENTO;0;SIN VEREDA;152;QUINTA ESTRELLA;1;45
5;0;SIN CORREGIMIENTO;0;SIN VEREDA;152;QUINTA ESTRELLA;9;509
5;0;SIN CORREGIMIENTO;0;SIN VEREDA;153;EL PANTANO I;1;20
5;0;SIN CORREGIMIENTO;0;SIN VEREDA;153;EL PANTANO I;2;2
5;0;SIN CORREGIMIENTO;0;SIN VEREDA;153;EL PANTANO I;9;256
5;0;SIN CORREGIMIENTO;0;SIN VEREDA;154;EL PANTANO II;1;40
5;0;SIN CORREGIMIENTO;0;SIN VEREDA;154;EL PANTANO II;2;2
5;0;SIN CORREGIMIENTO;0;SIN VEREDA;154;EL PANTANO II;9;514
5;0;SIN CORREGIMIENTO;0;SIN VEREDA;155;EL PANTANO III;1;35
5;0;SIN CORREGIMIENTO;0;SIN VEREDA;155;EL PANTANO III;2;1
5;0;SIN CORREGIMIENTO;0;SIN VEREDA;155;EL PANTANO III;9;277
5;0;SIN CORREGIMIENTO;0;SIN VEREDA;168;FUNDADORES I Y II;9;1
5;0;SIN CORREGIMIENTO;0;SIN VEREDA;173;ESTORAQUES;1;174
5;0;SIN CORREGIMIENTO;0;SIN VEREDA;173;ESTORAQUES;2;4
5;0;SIN CORREGIMIENTO;0;SIN VEREDA;173;ESTORAQUES;9;1476
5;0;SIN CORREGIMIENTO;0;SIN VEREDA;175;PUNTA ESTRELLA;1;2
5;0;SIN CORREGIMIENTO;0;SIN VEREDA;175;PUNTA ESTRELLA;9;17
5;0;SIN CORREGIMIENTO;0;SIN VEREDA;192;LA SALLE;9;5
5;0;SIN CORREGIMIENTO;0;SIN VEREDA;285;URBANIZACI‡N LOS BUCAROS;1;1
5;0;SIN CORREGIMIENTO;0;SIN VEREDA;285;URBANIZACI‡N LOS BUCAROS;9;37
5;0;SIN CORREGIMIENTO;0;SIN VEREDA;296;LA PARCELA;9;1
5;0;SIN CORREGIMIENTO;0;SIN VEREDA;301;CERVUNION;9;1
5;0;SIN CORREGIMIENTO;0;SIN VEREDA;328;CAMPESTRE NORTE ;9;2
5;0;SIN CORREGIMIENTO;0;SIN VEREDA;329;VILLA DEL PRADO;1;4
5;0;SIN CORREGIMIENTO;0;SIN VEREDA;329;VILLA DEL PRADO;9;142
5;0;SIN CORREGIMIENTO;0;SIN VEREDA;336;12 DE FEBRERO;9;14
5;0;SIN CORREGIMIENTO;0;SIN VEREDA;370;CAMPO MADRID;9;3
6;0;SIN CORREGIMIENTO;0;SIN VEREDA;99;ALARC‡N;1;1
6;0;SIN CORREGIMIENTO;0;SIN VEREDA;99;ALARC‡N;9;2
6;0;SIN CORREGIMIENTO;0;SIN VEREDA;130;CENTRO;1;2
6;0;SIN CORREGIMIENTO;0;SIN VEREDA;130;CENTRO;9;4
6;0;SIN CORREGIMIENTO;0;SIN VEREDA;135;LA CONCORDIA;1;50
6;0;SIN CORREGIMIENTO;0;SIN VEREDA;135;LA CONCORDIA;2;2
6;0;SIN CORREGIMIENTO;0;SIN VEREDA;135;LA CONCORDIA;9;678
6;0;SIN CORREGIMIENTO;0;SIN VEREDA;137;NUEVO SOTOMAYOR;9;5
6;0;SIN CORREGIMIENTO;0;SIN VEREDA;144;CHORRERAS DE DON JUAN;1;9
6;0;SIN CORREGIMIENTO;0;SIN VEREDA;144;CHORRERAS DE DON JUAN;9;114
6;0;SIN CORREGIMIENTO;0;SIN VEREDA;145;CAMPO HERMOSO;1;2
6;0;SIN CORREGIMIENTO;0;SIN VEREDA;145;CAMPO HERMOSO;9;3
6;0;SIN CORREGIMIENTO;0;SIN VEREDA;156;CANDILES;1;38
6;0;SIN CORREGIMIENTO;0;SIN VEREDA;156;CANDILES;2;2
6;0;SIN CORREGIMIENTO;0;SIN VEREDA;156;CANDILES;9;561
6;0;SIN CORREGIMIENTO;0;SIN VEREDA;157;SAN MIGUEL;1;66
6;0;SIN CORREGIMIENTO;0;SIN VEREDA;157;SAN MIGUEL;2;1
6;0;SIN CORREGIMIENTO;0;SIN VEREDA;157;SAN MIGUEL;9;1023
6;0;SIN CORREGIMIENTO;0;SIN VEREDA;158;GOMEZ NI•O;1;7
6;0;SIN CORREGIMIENTO;0;SIN VEREDA;158;GOMEZ NI•O;9;37
6;0;SIN CORREGIMIENTO;0;SIN VEREDA;159;RICAURTE;1;41
6;0;SIN CORREGIMIENTO;0;SIN VEREDA;159;RICAURTE;9;560
6;0;SIN CORREGIMIENTO;0;SIN VEREDA;160;LA CEIBA;9;18
6;0;SIN CORREGIMIENTO;0;SIN VEREDA;162;CIUDADELA REAL DE MINAS ;9;1
6;0;SIN CORREGIMIENTO;0;SIN VEREDA;180;CANELOS;9;6
6;0;SIN CORREGIMIENTO;0;SIN VEREDA;191;LA VICTORIA;1;8
6;0;SIN CORREGIMIENTO;0;SIN VEREDA;191;LA VICTORIA;9;46
6;0;SIN CORREGIMIENTO;0;SIN VEREDA;194;CORDONCILLO I;9;9
6;0;SIN CORREGIMIENTO;0;SIN VEREDA;195;PABLO VI;1;1
6;0;SIN CORREGIMIENTO;0;SIN VEREDA;195;PABLO VI;9;11
6;0;SIN CORREGIMIENTO;0;SIN VEREDA;274;BOL÷VAR;9;1
6;0;SIN CORREGIMIENTO;0;SIN VEREDA;286;MACAREGUA;1;1
6;0;SIN CORREGIMIENTO;0;SIN VEREDA;286;MACAREGUA;9;1
6;0;SIN CORREGIMIENTO;0;SIN VEREDA;308;LA CU•ITA;9;1
7;0;SIN CORREGIMIENTO;0;SIN VEREDA;131;ANTONIA SANTOS CENTRO;9;2
7;0;SIN CORREGIMIENTO;0;SIN VEREDA;158;GOMEZ NI•O;1;2
7;0;SIN CORREGIMIENTO;0;SIN VEREDA;158;GOMEZ NI•O;9;3
7;0;SIN CORREGIMIENTO;0;SIN VEREDA;159;RICAURTE;9;2
7;0;SIN CORREGIMIENTO;0;SIN VEREDA;162;CIUDADELA REAL DE MINAS ;1;5
7;0;SIN CORREGIMIENTO;0;SIN VEREDA;162;CIUDADELA REAL DE MINAS ;9;63
7;0;SIN CORREGIMIENTO;0;SIN VEREDA;163;BALCONCITOS;1;21
7;0;SIN CORREGIMIENTO;0;SIN VEREDA;163;BALCONCITOS;9;460
7;0;SIN CORREGIMIENTO;0;SIN VEREDA;164;MUTIS;9;7
7;0;SIN CORREGIMIENTO;0;SIN VEREDA;171;CIUDAD BOLIVAR;1;5
7;0;SIN CORREGIMIENTO;0;SIN VEREDA;171;CIUDAD BOLIVAR;9;94
7;0;SIN CORREGIMIENTO;0;SIN VEREDA;177;LOS ALMENDROS;9;13
7;0;SIN CORREGIMIENTO;0;SIN VEREDA;178;SAN GERARDO I Y II;1;6
7;0;SIN CORREGIMIENTO;0;SIN VEREDA;178;SAN GERARDO I Y II;9;42
7;0;SIN CORREGIMIENTO;0;SIN VEREDA;180;CANELOS;9;2
7;0;SIN CORREGIMIENTO;0;SIN VEREDA;182;BUCARAMANGA;9;18
7;0;SIN CORREGIMIENTO;0;SIN VEREDA;184;LAURELES;9;1
7;0;SIN CORREGIMIENTO;0;SIN VEREDA;187;LOS NARANJOS;9;10
7;0;SIN CORREGIMIENTO;0;SIN VEREDA;189;SAMANES;9;6
7;0;SIN CORREGIMIENTO;0;SIN VEREDA;273;BALCONES DE GRATAMIRA;1;1
7;0;SIN CORREGIMIENTO;0;SIN VEREDA;273;BALCONES DE GRATAMIRA;9;7
7;0;SIN CORREGIMIENTO;0;SIN VEREDA;286;MACAREGUA;9;1
8;0;SIN CORREGIMIENTO;0;SIN VEREDA;12;CAFê MADRID EL TÈNEL;9;2
8;0;SIN CORREGIMIENTO;0;SIN VEREDA;18;5 DE ENERO;9;2
8;0;SIN CORREGIMIENTO;0;SIN VEREDA;35;MINUTO DE DIOS;9;3
8;0;SIN CORREGIMIENTO;0;SIN VEREDA;115;BUENAVISTA;9;3
8;0;SIN CORREGIMIENTO;0;SIN VEREDA;160;LA CEIBA;9;4
8;0;SIN CORREGIMIENTO;0;SIN VEREDA;178;SAN GERARDO I Y II;1;158
8;0;SIN CORREGIMIENTO;0;SIN VEREDA;178;SAN GERARDO I Y II;2;6
8;0;SIN CORREGIMIENTO;0;SIN VEREDA;178;SAN GERARDO I Y II;9;1841
8;0;SIN CORREGIMIENTO;0;SIN VEREDA;179;COLOMBIA;1;21
8;0;SIN CORREGIMIENTO;0;SIN VEREDA;179;COLOMBIA;2;1
8;0;SIN CORREGIMIENTO;0;SIN VEREDA;179;COLOMBIA;9;265
8;0;SIN CORREGIMIENTO;0;SIN VEREDA;180;CANELOS;1;76
8;0;SIN CORREGIMIENTO;0;SIN VEREDA;180;CANELOS;2;3
8;0;SIN CORREGIMIENTO;0;SIN VEREDA;180;CANELOS;9;1129
8;0;SIN CORREGIMIENTO;0;SIN VEREDA;181;MANZANA 10;1;24
8;0;SIN CORREGIMIENTO;0;SIN VEREDA;181;MANZANA 10;9;253
8;0;SIN CORREGIMIENTO;0;SIN VEREDA;182;BUCARAMANGA;1;265
8;0;SIN CORREGIMIENTO;0;SIN VEREDA;182;BUCARAMANGA;2;8
8;0;SIN CORREGIMIENTO;0;SIN VEREDA;182;BUCARAMANGA;9;3410
8;0;SIN CORREGIMIENTO;0;SIN VEREDA;183;PE•‡N DEL VALLE;9;5
8;0;SIN CORREGIMIENTO;0;SIN VEREDA;184;LAURELES;1;49
8;0;SIN CORREGIMIENTO;0;SIN VEREDA;184;LAURELES;2;2
8;0;SIN CORREGIMIENTO;0;SIN VEREDA;184;LAURELES;9;406
8;0;SIN CORREGIMIENTO;0;SIN VEREDA;185;CORDONCILLO II;1;24
8;0;SIN CORREGIMIENTO;0;SIN VEREDA;185;CORDONCILLO II;9;281
8;0;SIN CORREGIMIENTO;0;SIN VEREDA;191;LA VICTORIA;9;7
8;0;SIN CORREGIMIENTO;0;SIN VEREDA;194;CORDONCILLO I;1;70
8;0;SIN CORREGIMIENTO;0;SIN VEREDA;194;CORDONCILLO I;9;768
8;0;SIN CORREGIMIENTO;0;SIN VEREDA;195;PABLO VI;1;154
8;0;SIN CORREGIMIENTO;0;SIN VEREDA;195;PABLO VI;2;4
8;0;SIN CORREGIMIENTO;0;SIN VEREDA;195;PABLO VI;9;2073
8;0;SIN CORREGIMIENTO;0;SIN VEREDA;196;AFRIKA;1;24
8;0;SIN CORREGIMIENTO;0;SIN VEREDA;196;AFRIKA;9;237
8;0;SIN CORREGIMIENTO;0;SIN VEREDA;197;20 DE JULIO;1;11
8;0;SIN CORREGIMIENTO;0;SIN VEREDA;197;20 DE JULIO;9;86
8;0;SIN CORREGIMIENTO;0;SIN VEREDA;198;EL FONCE;1;1
8;0;SIN CORREGIMIENTO;0;SIN VEREDA;198;EL FONCE;9;7
8;0;SIN CORREGIMIENTO;0;SIN VEREDA;199;JUAN XXIII;1;104
8;0;SIN CORREGIMIENTO;0;SIN VEREDA;199;JUAN XXIII;2;1
8;0;SIN CORREGIMIENTO;0;SIN VEREDA;199;JUAN XXIII;9;1142
8;0;SIN CORREGIMIENTO;0;SIN VEREDA;281;SAN IGNACIO REAL;9;4
8;0;SIN CORREGIMIENTO;0;SIN VEREDA;333;23 DE JUNIO;9;3
8;0;SIN CORREGIMIENTO;0;SIN VEREDA;349;JUAN XXIII CANCHA LA GUACAMAYA;1;11
8;0;SIN CORREGIMIENTO;0;SIN VEREDA;349;JUAN XXIII CANCHA LA GUACAMAYA;9;47
9;0;SIN CORREGIMIENTO;0;SIN VEREDA;192;LA SALLE;1;1
9;0;SIN CORREGIMIENTO;0;SIN VEREDA;192;LA SALLE;9;10
9;0;SIN CORREGIMIENTO;0;SIN VEREDA;193;NUEVA GRANADA;1;22
9;0;SIN CORREGIMIENTO;0;SIN VEREDA;193;NUEVA GRANADA;2;1
9;0;SIN CORREGIMIENTO;0;SIN VEREDA;193;NUEVA GRANADA;9;360
9;0;SIN CORREGIMIENTO;0;SIN VEREDA;200;ANTONIA SANTOS SUR;1;3
9;0;SIN CORREGIMIENTO;0;SIN VEREDA;200;ANTONIA SANTOS SUR;9;107
9;0;SIN CORREGIMIENTO;0;SIN VEREDA;201;QUEBRADA LA IGLESIA;1;35
9;0;SIN CORREGIMIENTO;0;SIN VEREDA;201;QUEBRADA LA IGLESIA;2;1
9;0;SIN CORREGIMIENTO;0;SIN VEREDA;201;QUEBRADA LA IGLESIA;9;380
9;0;SIN CORREGIMIENTO;0;SIN VEREDA;202;SAN PEDRO;1;58
9;0;SIN CORREGIMIENTO;0;SIN VEREDA;202;SAN PEDRO;2;2
9;0;SIN CORREGIMIENTO;0;SIN VEREDA;202;SAN PEDRO;9;646
9;0;SIN CORREGIMIENTO;0;SIN VEREDA;203;SAN MART÷N;1;121
9;0;SIN CORREGIMIENTO;0;SIN VEREDA;203;SAN MART÷N;2;3
9;0;SIN CORREGIMIENTO;0;SIN VEREDA;203;SAN MART÷N;9;1562
9;0;SIN CORREGIMIENTO;0;SIN VEREDA;204;EL SOL I Y II;1;53
9;0;SIN CORREGIMIENTO;0;SIN VEREDA;204;EL SOL I Y II;9;634
9;0;SIN CORREGIMIENTO;0;SIN VEREDA;205;GUAYACANES;9;6
9;0;SIN CORREGIMIENTO;0;SIN VEREDA;207;LA PEDREGOSA;1;7
9;0;SIN CORREGIMIENTO;0;SIN VEREDA;207;LA PEDREGOSA;9;180
9;0;SIN CORREGIMIENTO;0;SIN VEREDA;208;DIAMANTE I;1;1
9;0;SIN CORREGIMIENTO;0;SIN VEREDA;208;DIAMANTE I;9;64
9;0;SIN CORREGIMIENTO;0;SIN VEREDA;209;LAS CASITAS;1;22
9;0;SIN CORREGIMIENTO;0;SIN VEREDA;209;LAS CASITAS;9;257
9;0;SIN CORREGIMIENTO;0;SIN VEREDA;210;VILLA INES;1;1
9;0;SIN CORREGIMIENTO;0;SIN VEREDA;210;VILLA INES;9;13
9;0;SIN CORREGIMIENTO;0;SIN VEREDA;211;ASTURIAS;1;1
9;0;SIN CORREGIMIENTO;0;SIN VEREDA;211;ASTURIAS;9;3
9;0;SIN CORREGIMIENTO;0;SIN VEREDA;213;LA LIBERTAD;1;6
9;0;SIN CORREGIMIENTO;0;SIN VEREDA;213;LA LIBERTAD;9;175
9;0;SIN CORREGIMIENTO;0;SIN VEREDA;239;MANUELA BELTRµN ;1;1
9;0;SIN CORREGIMIENTO;0;SIN VEREDA;239;MANUELA BELTRµN ;9;3
9;0;SIN CORREGIMIENTO;0;SIN VEREDA;288;PORTOFINO;9;1
9;0;SIN CORREGIMIENTO;0;SIN VEREDA;316;MIRADOR DE SAN LORENZO;9;5
10;0;SIN CORREGIMIENTO;0;SIN VEREDA;0;BARRIO_S4;9;3
10;0;SIN CORREGIMIENTO;0;SIN VEREDA;182;BUCARAMANGA;9;3
10;0;SIN CORREGIMIENTO;0;SIN VEREDA;220;DIAMANTE II;1;4
10;0;SIN CORREGIMIENTO;0;SIN VEREDA;220;DIAMANTE II;9;39
10;0;SIN CORREGIMIENTO;0;SIN VEREDA;221;SAN LUIS;1;3
10;0;SIN CORREGIMIENTO;0;SIN VEREDA;221;SAN LUIS;9;33
10;0;SIN CORREGIMIENTO;0;SIN VEREDA;222;PROVENZA;1;3
10;0;SIN CORREGIMIENTO;0;SIN VEREDA;222;PROVENZA;9;54
10;0;SIN CORREGIMIENTO;0;SIN VEREDA;225;EL CRISTAL;1;331
10;0;SIN CORREGIMIENTO;0;SIN VEREDA;225;EL CRISTAL;2;11
10;0;SIN CORREGIMIENTO;0;SIN VEREDA;225;EL CRISTAL;9;3265
10;0;SIN CORREGIMIENTO;0;SIN VEREDA;226;GRANJAS DE PROVENZA;1;127
10;0;SIN CORREGIMIENTO;0;SIN VEREDA;226;GRANJAS DE PROVENZA;2;3
10;0;SIN CORREGIMIENTO;0;SIN VEREDA;226;GRANJAS DE PROVENZA;9;1101
10;0;SIN CORREGIMIENTO;0;SIN VEREDA;227;GRANJAS DE JULIO RINC‡N;9;1
10;0;SIN CORREGIMIENTO;0;SIN VEREDA;228;EL ROCIO;9;1
10;0;SIN CORREGIMIENTO;0;SIN VEREDA;233;"LUZ DE SALVACI‡N BAJO		";1;9
10;0;SIN CORREGIMIENTO;0;SIN VEREDA;233;"LUZ DE SALVACI‡N BAJO		";9;111
10;0;SIN CORREGIMIENTO;0;SIN VEREDA;234;DELICIAS ALTAS Y BAJAS SUR;1;1
10;0;SIN CORREGIMIENTO;0;SIN VEREDA;234;DELICIAS ALTAS Y BAJAS SUR;9;3
10;0;SIN CORREGIMIENTO;0;SIN VEREDA;243;CIUDAD VENECIA ;1;1
10;0;SIN CORREGIMIENTO;0;SIN VEREDA;243;CIUDAD VENECIA ;9;4
10;0;SIN CORREGIMIENTO;0;SIN VEREDA;284;FONTANA;1;2
10;0;SIN CORREGIMIENTO;0;SIN VEREDA;284;FONTANA;9;10
10;0;SIN CORREGIMIENTO;0;SIN VEREDA;317;NUEVA FONTANA;9;8
10;0;SIN CORREGIMIENTO;0;SIN VEREDA;326;VIVEROS DE PROVENZA;1;38
10;0;SIN CORREGIMIENTO;0;SIN VEREDA;326;VIVEROS DE PROVENZA;2;1
10;0;SIN CORREGIMIENTO;0;SIN VEREDA;326;VIVEROS DE PROVENZA;9;424
10;0;SIN CORREGIMIENTO;0;SIN VEREDA;327;LUZ DE SALVACI‡N ALTO;1;212
10;0;SIN CORREGIMIENTO;0;SIN VEREDA;327;LUZ DE SALVACI‡N ALTO;2;9
10;0;SIN CORREGIMIENTO;0;SIN VEREDA;327;LUZ DE SALVACI‡N ALTO;9;1895
10;0;SIN CORREGIMIENTO;0;SIN VEREDA;331;BRISAS DE PROVENZA ;1;147
10;0;SIN CORREGIMIENTO;0;SIN VEREDA;331;BRISAS DE PROVENZA ;2;6
10;0;SIN CORREGIMIENTO;0;SIN VEREDA;331;BRISAS DE PROVENZA ;9;1208
11;0;SIN CORREGIMIENTO;0;SIN VEREDA;9;LAS DELICIAS;9;3
11;0;SIN CORREGIMIENTO;0;SIN VEREDA;12;CAFê MADRID EL TÈNEL;9;5
11;0;SIN CORREGIMIENTO;0;SIN VEREDA;142;ALFONSO L‡PEZ;9;1
11;0;SIN CORREGIMIENTO;0;SIN VEREDA;174;EL BUENO;1;2
11;0;SIN CORREGIMIENTO;0;SIN VEREDA;174;EL BUENO;9;5
11;0;SIN CORREGIMIENTO;0;SIN VEREDA;194;CORDONCILLO I;9;1
11;0;SIN CORREGIMIENTO;0;SIN VEREDA;222;PROVENZA;9;4
11;0;SIN CORREGIMIENTO;0;SIN VEREDA;223;PORVENIR BAJO;1;2
11;0;SIN CORREGIMIENTO;0;SIN VEREDA;223;PORVENIR BAJO;9;31
11;0;SIN CORREGIMIENTO;0;SIN VEREDA;225;EL CRISTAL;9;2
11;0;SIN CORREGIMIENTO;0;SIN VEREDA;226;GRANJAS DE PROVENZA;9;22
11;0;SIN CORREGIMIENTO;0;SIN VEREDA;227;GRANJAS DE JULIO RINC‡N;1;47
11;0;SIN CORREGIMIENTO;0;SIN VEREDA;227;GRANJAS DE JULIO RINC‡N;2;1
11;0;SIN CORREGIMIENTO;0;SIN VEREDA;227;GRANJAS DE JULIO RINC‡N;9;667
11;0;SIN CORREGIMIENTO;0;SIN VEREDA;228;EL ROCIO;1;36
11;0;SIN CORREGIMIENTO;0;SIN VEREDA;228;EL ROCIO;9;777
11;0;SIN CORREGIMIENTO;0;SIN VEREDA;229;VILLA SARA;1;4
11;0;SIN CORREGIMIENTO;0;SIN VEREDA;229;VILLA SARA;9;17
11;0;SIN CORREGIMIENTO;0;SIN VEREDA;230;VILLA ALICIA;1;1
11;0;SIN CORREGIMIENTO;0;SIN VEREDA;230;VILLA ALICIA;9;23
11;0;SIN CORREGIMIENTO;0;SIN VEREDA;231;TOLEDO PLATA ;1;31
11;0;SIN CORREGIMIENTO;0;SIN VEREDA;231;TOLEDO PLATA ;2;7
11;0;SIN CORREGIMIENTO;0;SIN VEREDA;231;TOLEDO PLATA ;9;634
11;0;SIN CORREGIMIENTO;0;SIN VEREDA;232;DANGOND;1;33
11;0;SIN CORREGIMIENTO;0;SIN VEREDA;232;DANGOND;2;1
11;0;SIN CORREGIMIENTO;0;SIN VEREDA;232;DANGOND;9;470
11;0;SIN CORREGIMIENTO;0;SIN VEREDA;233;"LUZ DE SALVACI‡N BAJO		";1;80
11;0;SIN CORREGIMIENTO;0;SIN VEREDA;233;"LUZ DE SALVACI‡N BAJO		";2;1
11;0;SIN CORREGIMIENTO;0;SIN VEREDA;233;"LUZ DE SALVACI‡N BAJO		";9;675
11;0;SIN CORREGIMIENTO;0;SIN VEREDA;234;DELICIAS ALTAS Y BAJAS SUR;1;9
11;0;SIN CORREGIMIENTO;0;SIN VEREDA;234;DELICIAS ALTAS Y BAJAS SUR;9;124
11;0;SIN CORREGIMIENTO;0;SIN VEREDA;236;VILLA CANDADO;1;3
11;0;SIN CORREGIMIENTO;0;SIN VEREDA;236;VILLA CANDADO;9;60
11;0;SIN CORREGIMIENTO;0;SIN VEREDA;237;MALPASO;1;25
11;0;SIN CORREGIMIENTO;0;SIN VEREDA;237;MALPASO;2;1
11;0;SIN CORREGIMIENTO;0;SIN VEREDA;237;MALPASO;9;331
11;0;SIN CORREGIMIENTO;0;SIN VEREDA;238;EL PORVENIR;1;19
11;0;SIN CORREGIMIENTO;0;SIN VEREDA;238;EL PORVENIR;9;280
11;0;SIN CORREGIMIENTO;0;SIN VEREDA;239;MANUELA BELTRµN ;1;92
11;0;SIN CORREGIMIENTO;0;SIN VEREDA;239;MANUELA BELTRµN ;2;2
11;0;SIN CORREGIMIENTO;0;SIN VEREDA;239;MANUELA BELTRµN ;9;1316
11;0;SIN CORREGIMIENTO;0;SIN VEREDA;240;IGSABELAR;1;9
11;0;SIN CORREGIMIENTO;0;SIN VEREDA;240;IGSABELAR;9;177
11;0;SIN CORREGIMIENTO;0;SIN VEREDA;241;SANTAMAR÷A;1;64
11;0;SIN CORREGIMIENTO;0;SIN VEREDA;241;SANTAMAR÷A;2;4
11;0;SIN CORREGIMIENTO;0;SIN VEREDA;241;SANTAMAR÷A;9;924
11;0;SIN CORREGIMIENTO;0;SIN VEREDA;242;COAVICONSA;1;3
11;0;SIN CORREGIMIENTO;0;SIN VEREDA;242;COAVICONSA;9;61
11;0;SIN CORREGIMIENTO;0;SIN VEREDA;243;CIUDAD VENECIA ;1;25
11;0;SIN CORREGIMIENTO;0;SIN VEREDA;243;CIUDAD VENECIA ;2;2
11;0;SIN CORREGIMIENTO;0;SIN VEREDA;243;CIUDAD VENECIA ;9;418
11;0;SIN CORREGIMIENTO;0;SIN VEREDA;244;VILLA FLOR;9;38
11;0;SIN CORREGIMIENTO;0;SIN VEREDA;290;LOS CONQUISTADORES;1;86
11;0;SIN CORREGIMIENTO;0;SIN VEREDA;290;LOS CONQUISTADORES;2;1
11;0;SIN CORREGIMIENTO;0;SIN VEREDA;290;LOS CONQUISTADORES;9;812
11;0;SIN CORREGIMIENTO;0;SIN VEREDA;326;VIVEROS DE PROVENZA;9;11
11;0;SIN CORREGIMIENTO;0;SIN VEREDA;331;BRISAS DE PROVENZA ;1;4
11;0;SIN CORREGIMIENTO;0;SIN VEREDA;331;BRISAS DE PROVENZA ;9;15
11;0;SIN CORREGIMIENTO;0;SIN VEREDA;340;GRANJAS REAGAN;1;78
11;0;SIN CORREGIMIENTO;0;SIN VEREDA;340;GRANJAS REAGAN;2;1
11;0;SIN CORREGIMIENTO;0;SIN VEREDA;340;GRANJAS REAGAN;9;621
11;0;SIN CORREGIMIENTO;0;SIN VEREDA;344;BALCONES DEL SUR;1;88
11;0;SIN CORREGIMIENTO;0;SIN VEREDA;344;BALCONES DEL SUR;9;683
11;0;SIN CORREGIMIENTO;0;SIN VEREDA;346;JARDINES DE ALTAGRACIA;9;1
11;0;SIN CORREGIMIENTO;0;SIN VEREDA;347;BRISAS DEL PARA÷SO ;1;91
11;0;SIN CORREGIMIENTO;0;SIN VEREDA;347;BRISAS DEL PARA÷SO ;9;826
11;0;SIN CORREGIMIENTO;0;SIN VEREDA;352;VILLAREAL;1;79
11;0;SIN CORREGIMIENTO;0;SIN VEREDA;352;VILLAREAL;2;1
11;0;SIN CORREGIMIENTO;0;SIN VEREDA;352;VILLAREAL;9;726
11;0;SIN CORREGIMIENTO;0;SIN VEREDA;361;VILLAS DEL NOGAL;1;100
11;0;SIN CORREGIMIENTO;0;SIN VEREDA;361;VILLAS DEL NOGAL;2;2
11;0;SIN CORREGIMIENTO;0;SIN VEREDA;361;VILLAS DEL NOGAL;9;876
11;0;SIN CORREGIMIENTO;0;SIN VEREDA;362;PUNTA PARAISO;1;86
11;0;SIN CORREGIMIENTO;0;SIN VEREDA;362;PUNTA PARAISO;2;2
11;0;SIN CORREGIMIENTO;0;SIN VEREDA;362;PUNTA PARAISO;9;817
11;0;SIN CORREGIMIENTO;0;SIN VEREDA;367;BRISAS DEL PALMAR;1;21
11;0;SIN CORREGIMIENTO;0;SIN VEREDA;367;BRISAS DEL PALMAR;9;218
11;0;SIN CORREGIMIENTO;0;SIN VEREDA;999999;BARRIO_S4;1;2
11;0;SIN CORREGIMIENTO;0;SIN VEREDA;999999;BARRIO_S4;9;9
12;0;SIN CORREGIMIENTO;0;SIN VEREDA;121;QUEBRADA PAN DE AZÈCAR;1;1
12;0;SIN CORREGIMIENTO;0;SIN VEREDA;121;QUEBRADA PAN DE AZÈCAR;9;13
12;0;SIN CORREGIMIENTO;0;SIN VEREDA;123;CABECERA DEL LLANO;9;3
12;0;SIN CORREGIMIENTO;0;SIN VEREDA;126;PAN DE AZUCAR;9;7
12;0;SIN CORREGIMIENTO;0;SIN VEREDA;135;LA CONCORDIA;1;3
12;0;SIN CORREGIMIENTO;0;SIN VEREDA;135;LA CONCORDIA;9;12
12;0;SIN CORREGIMIENTO;0;SIN VEREDA;136;SOTOMAYOR;1;1
12;0;SIN CORREGIMIENTO;0;SIN VEREDA;136;SOTOMAYOR;9;14
12;0;SIN CORREGIMIENTO;0;SIN VEREDA;138;BOLARQUI;9;4
12;0;SIN CORREGIMIENTO;0;SIN VEREDA;139;MERCEDES;1;2
12;0;SIN CORREGIMIENTO;0;SIN VEREDA;139;MERCEDES;9;6
12;0;SIN CORREGIMIENTO;0;SIN VEREDA;140;CONUCOS;9;4
12;0;SIN CORREGIMIENTO;0;SIN VEREDA;161;PUERTA DEL SOL;1;1
12;0;SIN CORREGIMIENTO;0;SIN VEREDA;161;PUERTA DEL SOL;9;1
12;0;SIN CORREGIMIENTO;0;SIN VEREDA;201;QUEBRADA LA IGLESIA;9;5
13;0;SIN CORREGIMIENTO;0;SIN VEREDA;2;EL PAULON VILLA LINA;1;1
13;0;SIN CORREGIMIENTO;0;SIN VEREDA;2;EL PAULON VILLA LINA;9;2
13;0;SIN CORREGIMIENTO;0;SIN VEREDA;3;COLORADOS;1;1
13;0;SIN CORREGIMIENTO;0;SIN VEREDA;3;COLORADOS;9;7
13;0;SIN CORREGIMIENTO;0;SIN VEREDA;32;MAR÷A PAZ;9;5
13;0;SIN CORREGIMIENTO;0;SIN VEREDA;51;LIZCANO I Y II;1;3
13;0;SIN CORREGIMIENTO;0;SIN VEREDA;51;LIZCANO I Y II;9;10
13;0;SIN CORREGIMIENTO;0;SIN VEREDA;67;TRANSICI‡N I AL V;9;5
13;0;SIN CORREGIMIENTO;0;SIN VEREDA;75;SAN RAFAEL;9;1
13;0;SIN CORREGIMIENTO;0;SIN VEREDA;76;CHAPINERO;9;1
13;0;SIN CORREGIMIENTO;0;SIN VEREDA;79;LA FERIA;9;3
13;0;SIN CORREGIMIENTO;0;SIN VEREDA;95;COMUNEROS;9;1
13;0;SIN CORREGIMIENTO;0;SIN VEREDA;98;SAN FRANCISCO;9;1
13;0;SIN CORREGIMIENTO;0;SIN VEREDA;99;ALARC‡N;9;1
13;0;SIN CORREGIMIENTO;0;SIN VEREDA;100;SAN ALONSO;1;9
13;0;SIN CORREGIMIENTO;0;SIN VEREDA;100;SAN ALONSO;9;148
13;0;SIN CORREGIMIENTO;0;SIN VEREDA;102;LOS PINOS;1;1
13;0;SIN CORREGIMIENTO;0;SIN VEREDA;102;LOS PINOS;9;3
13;0;SIN CORREGIMIENTO;0;SIN VEREDA;104;EL VENADO DE ORO MORRORRICO;9;1
13;0;SIN CORREGIMIENTO;0;SIN VEREDA;107;LOS SAUCES;1;24
13;0;SIN CORREGIMIENTO;0;SIN VEREDA;107;LOS SAUCES;2;1
13;0;SIN CORREGIMIENTO;0;SIN VEREDA;107;LOS SAUCES;9;221
13;0;SIN CORREGIMIENTO;0;SIN VEREDA;110;MORRORRICO;9;3
13;0;SIN CORREGIMIENTO;0;SIN VEREDA;112;EL DIVISO;1;1
13;0;SIN CORREGIMIENTO;0;SIN VEREDA;112;EL DIVISO;9;2
13;0;SIN CORREGIMIENTO;0;SIN VEREDA;113;PUERTO RICO;1;26
13;0;SIN CORREGIMIENTO;0;SIN VEREDA;113;PUERTO RICO;9;280
13;0;SIN CORREGIMIENTO;0;SIN VEREDA;116;MIRAFLORES;1;2
13;0;SIN CORREGIMIENTO;0;SIN VEREDA;116;MIRAFLORES;9;6
13;0;SIN CORREGIMIENTO;0;SIN VEREDA;117;ALBANIA;1;3
13;0;SIN CORREGIMIENTO;0;SIN VEREDA;117;ALBANIA;9;25
13;0;SIN CORREGIMIENTO;0;SIN VEREDA;118;LAS AMêRICAS;9;2
13;0;SIN CORREGIMIENTO;0;SIN VEREDA;119;GALµN;9;11
13;0;SIN CORREGIMIENTO;0;SIN VEREDA;120;µLVAREZ;1;6
13;0;SIN CORREGIMIENTO;0;SIN VEREDA;120;µLVAREZ;9;102
13;0;SIN CORREGIMIENTO;0;SIN VEREDA;122;EL PRADO;1;1
13;0;SIN CORREGIMIENTO;0;SIN VEREDA;122;EL PRADO;9;13
13;0;SIN CORREGIMIENTO;0;SIN VEREDA;130;CENTRO;1;6
13;0;SIN CORREGIMIENTO;0;SIN VEREDA;130;CENTRO;9;53
13;0;SIN CORREGIMIENTO;0;SIN VEREDA;131;ANTONIA SANTOS CENTRO;1;19
13;0;SIN CORREGIMIENTO;0;SIN VEREDA;131;ANTONIA SANTOS CENTRO;9;251
13;0;SIN CORREGIMIENTO;0;SIN VEREDA;132;MEJORAS PUBLICAS;9;6
13;0;SIN CORREGIMIENTO;0;SIN VEREDA;133;LA AURORA;1;3
13;0;SIN CORREGIMIENTO;0;SIN VEREDA;133;LA AURORA;9;10
13;0;SIN CORREGIMIENTO;0;SIN VEREDA;136;SOTOMAYOR;9;3
13;0;SIN CORREGIMIENTO;0;SIN VEREDA;142;ALFONSO L‡PEZ;9;3
13;0;SIN CORREGIMIENTO;0;SIN VEREDA;143;LA JOYA;9;2
13;0;SIN CORREGIMIENTO;0;SIN VEREDA;145;CAMPO HERMOSO;1;2
13;0;SIN CORREGIMIENTO;0;SIN VEREDA;145;CAMPO HERMOSO;9;8
13;0;SIN CORREGIMIENTO;0;SIN VEREDA;154;EL PANTANO II;9;5
13;0;SIN CORREGIMIENTO;0;SIN VEREDA;164;MUTIS;9;1
13;0;SIN CORREGIMIENTO;0;SIN VEREDA;173;ESTORAQUES;1;1
13;0;SIN CORREGIMIENTO;0;SIN VEREDA;173;ESTORAQUES;9;11
13;0;SIN CORREGIMIENTO;0;SIN VEREDA;178;SAN GERARDO I Y II;9;4
13;0;SIN CORREGIMIENTO;0;SIN VEREDA;179;COLOMBIA;9;5
13;0;SIN CORREGIMIENTO;0;SIN VEREDA;182;BUCARAMANGA;1;2
13;0;SIN CORREGIMIENTO;0;SIN VEREDA;182;BUCARAMANGA;9;2
13;0;SIN CORREGIMIENTO;0;SIN VEREDA;184;LAURELES;1;3
13;0;SIN CORREGIMIENTO;0;SIN VEREDA;184;LAURELES;9;9
13;0;SIN CORREGIMIENTO;0;SIN VEREDA;196;AFRIKA;9;2
13;0;SIN CORREGIMIENTO;0;SIN VEREDA;200;ANTONIA SANTOS SUR;1;2
13;0;SIN CORREGIMIENTO;0;SIN VEREDA;200;ANTONIA SANTOS SUR;9;7
13;0;SIN CORREGIMIENTO;0;SIN VEREDA;202;SAN PEDRO;1;1
13;0;SIN CORREGIMIENTO;0;SIN VEREDA;202;SAN PEDRO;9;4
13;0;SIN CORREGIMIENTO;0;SIN VEREDA;222;PROVENZA;9;2
13;0;SIN CORREGIMIENTO;0;SIN VEREDA;233;"LUZ DE SALVACI‡N BAJO		";9;5
13;0;SIN CORREGIMIENTO;0;SIN VEREDA;239;MANUELA BELTRµN ;1;1
13;0;SIN CORREGIMIENTO;0;SIN VEREDA;239;MANUELA BELTRµN ;9;1
13;0;SIN CORREGIMIENTO;0;SIN VEREDA;274;BOL÷VAR;9;45
13;0;SIN CORREGIMIENTO;0;SIN VEREDA;278;12 DE OCTUBRE;9;10
13;0;SIN CORREGIMIENTO;0;SIN VEREDA;322;QUINTA BRIGADA;1;2
13;0;SIN CORREGIMIENTO;0;SIN VEREDA;322;QUINTA BRIGADA;9;97
13;0;SIN CORREGIMIENTO;0;SIN VEREDA;327;LUZ DE SALVACI‡N ALTO;9;3
13;0;SIN CORREGIMIENTO;0;SIN VEREDA;328;CAMPESTRE NORTE ;9;3
13;0;SIN CORREGIMIENTO;0;SIN VEREDA;331;BRISAS DE PROVENZA ;9;3
13;0;SIN CORREGIMIENTO;0;SIN VEREDA;340;GRANJAS REAGAN;9;1
13;0;SIN CORREGIMIENTO;0;SIN VEREDA;345;PASEO DE LA FERIA;9;1
13;0;SIN CORREGIMIENTO;0;SIN VEREDA;368;URBANIZACI‡N LA INMACULADA;1;1
13;0;SIN CORREGIMIENTO;0;SIN VEREDA;368;URBANIZACI‡N LA INMACULADA;9;14
13;0;SIN CORREGIMIENTO;0;SIN VEREDA;999999;BARRIO_S4;9;3
14;0;SIN CORREGIMIENTO;0;SIN VEREDA;0;BARRIO_S4;1;1
14;0;SIN CORREGIMIENTO;0;SIN VEREDA;0;BARRIO_S4;9;2
14;0;SIN CORREGIMIENTO;0;SIN VEREDA;40;MIRAMAR;9;2
14;0;SIN CORREGIMIENTO;0;SIN VEREDA;102;LOS PINOS;9;3
14;0;SIN CORREGIMIENTO;0;SIN VEREDA;103;LA FLORA MORRORRICO;9;2
14;0;SIN CORREGIMIENTO;0;SIN VEREDA;104;EL VENADO DE ORO MORRORRICO;1;29
14;0;SIN CORREGIMIENTO;0;SIN VEREDA;104;EL VENADO DE ORO MORRORRICO;9;361
14;0;SIN CORREGIMIENTO;0;SIN VEREDA;105;LA MALA•A;1;24
14;0;SIN CORREGIMIENTO;0;SIN VEREDA;105;LA MALA•A;9;316
14;0;SIN CORREGIMIENTO;0;SIN VEREDA;107;LOS SAUCES;1;5
14;0;SIN CORREGIMIENTO;0;SIN VEREDA;107;LOS SAUCES;2;1
14;0;SIN CORREGIMIENTO;0;SIN VEREDA;107;LOS SAUCES;9;38
14;0;SIN CORREGIMIENTO;0;SIN VEREDA;108;LIMONCITO MORRORRICO;1;129
14;0;SIN CORREGIMIENTO;0;SIN VEREDA;108;LIMONCITO MORRORRICO;2;2
14;0;SIN CORREGIMIENTO;0;SIN VEREDA;108;LIMONCITO MORRORRICO;9;1131
14;0;SIN CORREGIMIENTO;0;SIN VEREDA;109;VEGAS DE MORRORRICO;1;55
14;0;SIN CORREGIMIENTO;0;SIN VEREDA;109;VEGAS DE MORRORRICO;2;2
14;0;SIN CORREGIMIENTO;0;SIN VEREDA;109;VEGAS DE MORRORRICO;9;709
14;0;SIN CORREGIMIENTO;0;SIN VEREDA;110;MORRORRICO;1;36
14;0;SIN CORREGIMIENTO;0;SIN VEREDA;110;MORRORRICO;9;385
14;0;SIN CORREGIMIENTO;0;SIN VEREDA;112;EL DIVISO;1;108
14;0;SIN CORREGIMIENTO;0;SIN VEREDA;112;EL DIVISO;2;2
14;0;SIN CORREGIMIENTO;0;SIN VEREDA;112;EL DIVISO;9;1070
14;0;SIN CORREGIMIENTO;0;SIN VEREDA;114;BUENOS AIRES;1;328
14;0;SIN CORREGIMIENTO;0;SIN VEREDA;114;BUENOS AIRES;2;7
14;0;SIN CORREGIMIENTO;0;SIN VEREDA;114;BUENOS AIRES;9;3141
14;0;SIN CORREGIMIENTO;0;SIN VEREDA;115;BUENAVISTA;1;145
14;0;SIN CORREGIMIENTO;0;SIN VEREDA;115;BUENAVISTA;2;1
14;0;SIN CORREGIMIENTO;0;SIN VEREDA;115;BUENAVISTA;9;1368
14;0;SIN CORREGIMIENTO;0;SIN VEREDA;116;MIRAFLORES;1;323
14;0;SIN CORREGIMIENTO;0;SIN VEREDA;116;MIRAFLORES;2;3
14;0;SIN CORREGIMIENTO;0;SIN VEREDA;116;MIRAFLORES;9;3133
14;0;SIN CORREGIMIENTO;0;SIN VEREDA;117;ALBANIA;1;228
14;0;SIN CORREGIMIENTO;0;SIN VEREDA;117;ALBANIA;2;4
14;0;SIN CORREGIMIENTO;0;SIN VEREDA;117;ALBANIA;9;2453
14;0;SIN CORREGIMIENTO;0;SIN VEREDA;142;ALFONSO L‡PEZ;9;1
14;0;SIN CORREGIMIENTO;0;SIN VEREDA;360;EL RETIRO MORRORRICO;1;121
14;0;SIN CORREGIMIENTO;0;SIN VEREDA;360;EL RETIRO MORRORRICO;2;1
14;0;SIN CORREGIMIENTO;0;SIN VEREDA;360;EL RETIRO MORRORRICO;9;1185
14;0;SIN CORREGIMIENTO;0;SIN VEREDA;369;MIRAMANGA;1;53
14;0;SIN CORREGIMIENTO;0;SIN VEREDA;369;MIRAMANGA;2;1
14;0;SIN CORREGIMIENTO;0;SIN VEREDA;369;MIRAMANGA;9;509
15;0;SIN CORREGIMIENTO;0;SIN VEREDA;82;GIRARDOT;9;1
15;0;SIN CORREGIMIENTO;0;SIN VEREDA;130;CENTRO;1;15
15;0;SIN CORREGIMIENTO;0;SIN VEREDA;130;CENTRO;9;243
15;0;SIN CORREGIMIENTO;0;SIN VEREDA;131;ANTONIA SANTOS CENTRO;1;1
15;0;SIN CORREGIMIENTO;0;SIN VEREDA;131;ANTONIA SANTOS CENTRO;9;13
15;0;SIN CORREGIMIENTO;0;SIN VEREDA;139;MERCEDES;9;6
15;0;SIN CORREGIMIENTO;0;SIN VEREDA;141;GARC÷A ROVIRA;1;15
15;0;SIN CORREGIMIENTO;0;SIN VEREDA;141;GARC÷A ROVIRA;9;110
15;0;SIN CORREGIMIENTO;0;SIN VEREDA;142;ALFONSO L‡PEZ;1;3
15;0;SIN CORREGIMIENTO;0;SIN VEREDA;142;ALFONSO L‡PEZ;9;33
15;0;SIN CORREGIMIENTO;0;SIN VEREDA;143;LA JOYA;9;1
15;0;SIN CORREGIMIENTO;0;SIN VEREDA;144;CHORRERAS DE DON JUAN;9;5
15;0;SIN CORREGIMIENTO;0;SIN VEREDA;274;BOL÷VAR;9;2
16;0;SIN CORREGIMIENTO;0;SIN VEREDA;203;SAN MART÷N;9;3
16;0;SIN CORREGIMIENTO;0;SIN VEREDA;205;GUAYACANES;1;17
16;0;SIN CORREGIMIENTO;0;SIN VEREDA;205;GUAYACANES;9;183
16;0;SIN CORREGIMIENTO;0;SIN VEREDA;207;LA PEDREGOSA;1;11
16;0;SIN CORREGIMIENTO;0;SIN VEREDA;207;LA PEDREGOSA;9;160
16;0;SIN CORREGIMIENTO;0;SIN VEREDA;215;PORTON DEL TEJAR;9;4
16;0;SIN CORREGIMIENTO;0;SIN VEREDA;216;ALTOS DEL CACIQUE;9;10
16;0;SIN CORREGIMIENTO;0;SIN VEREDA;217;HACIENDA SAN JUAN;1;1
16;0;SIN CORREGIMIENTO;0;SIN VEREDA;217;HACIENDA SAN JUAN;9;7
16;0;SIN CORREGIMIENTO;0;SIN VEREDA;218;SAN EXPEDITO;1;27
16;0;SIN CORREGIMIENTO;0;SIN VEREDA;218;SAN EXPEDITO;9;290
16;0;SIN CORREGIMIENTO;0;SIN VEREDA;219;SANTA BARBARA CASAS;1;2
16;0;SIN CORREGIMIENTO;0;SIN VEREDA;219;SANTA BARBARA CASAS;9;26
16;0;SIN CORREGIMIENTO;0;SIN VEREDA;315;LAGOS DEL CACIQUE;9;7
16;0;SIN CORREGIMIENTO;0;SIN VEREDA;341;BOSQUE DEL CACIQUE;1;3
16;0;SIN CORREGIMIENTO;0;SIN VEREDA;341;BOSQUE DEL CACIQUE;9;33
17;0;SIN CORREGIMIENTO;0;SIN VEREDA;110;MORRORRICO;9;2
17;0;SIN CORREGIMIENTO;0;SIN VEREDA;152;QUINTA ESTRELLA;9;2
17;0;SIN CORREGIMIENTO;0;SIN VEREDA;162;CIUDADELA REAL DE MINAS ;9;8
17;0;SIN CORREGIMIENTO;0;SIN VEREDA;164;MUTIS;1;48
17;0;SIN CORREGIMIENTO;0;SIN VEREDA;164;MUTIS;9;605
17;0;SIN CORREGIMIENTO;0;SIN VEREDA;165;BRISAS DEL MUTIS;1;3
17;0;SIN CORREGIMIENTO;0;SIN VEREDA;165;BRISAS DEL MUTIS;2;1
17;0;SIN CORREGIMIENTO;0;SIN VEREDA;165;BRISAS DEL MUTIS;9;54
17;0;SIN CORREGIMIENTO;0;SIN VEREDA;166;MONTERREDONDO;1;102
17;0;SIN CORREGIMIENTO;0;SIN VEREDA;166;MONTERREDONDO;2;1
17;0;SIN CORREGIMIENTO;0;SIN VEREDA;166;MONTERREDONDO;9;1083
17;0;SIN CORREGIMIENTO;0;SIN VEREDA;168;FUNDADORES I Y II;1;1
17;0;SIN CORREGIMIENTO;0;SIN VEREDA;168;FUNDADORES I Y II;9;11
17;0;SIN CORREGIMIENTO;0;SIN VEREDA;170;MANZANARES;1;2
17;0;SIN CORREGIMIENTO;0;SIN VEREDA;170;MANZANARES;9;30
17;0;SIN CORREGIMIENTO;0;SIN VEREDA;172;PRADOS DEL MUTIS;1;3
17;0;SIN CORREGIMIENTO;0;SIN VEREDA;172;PRADOS DEL MUTIS;9;79
17;0;SIN CORREGIMIENTO;0;SIN VEREDA;173;ESTORAQUES;1;264
17;0;SIN CORREGIMIENTO;0;SIN VEREDA;173;ESTORAQUES;2;6
17;0;SIN CORREGIMIENTO;0;SIN VEREDA;173;ESTORAQUES;9;2989
17;0;SIN CORREGIMIENTO;0;SIN VEREDA;174;EL BUENO;9;8
17;0;SIN CORREGIMIENTO;0;SIN VEREDA;176;LOS HêROES;1;8
17;0;SIN CORREGIMIENTO;0;SIN VEREDA;176;LOS HêROES;9;82
17;0;SIN CORREGIMIENTO;0;SIN VEREDA;360;EL RETIRO MORRORRICO;1;2
17;0;SIN CORREGIMIENTO;0;SIN VEREDA;360;EL RETIRO MORRORRICO;9;3
17;0;SIN CORREGIMIENTO;0;SIN VEREDA;363;LA GRAN LADERA;1;61
17;0;SIN CORREGIMIENTO;0;SIN VEREDA;363;LA GRAN LADERA;9;533
99;0;SIN CORREGIMIENTO;0;SIN VEREDA;0;BARRIO_S4;1;7
99;0;SIN CORREGIMIENTO;0;SIN VEREDA;0;BARRIO_S4;9;45
99;0;SIN CORREGIMIENTO;246;EL PEDREGAL;0;BARRIO_S4;9;3
99;0;SIN CORREGIMIENTO;255;LOS SANTOS;0;BARRIO_S4;1;6
99;0;SIN CORREGIMIENTO;255;LOS SANTOS;0;BARRIO_S4;9;33
99;0;SIN CORREGIMIENTO;261;VIJAGUAL;0;BARRIO_S4;1;2
99;0;SIN CORREGIMIENTO;261;VIJAGUAL;0;BARRIO_S4;9;7
99;0;SIN CORREGIMIENTO;267;LA SABANA;0;BARRIO_S4;9;4
99;0;SIN CORREGIMIENTO;269;ANGELINOS;0;BARRIO_S4;9;1
99;0;SIN CORREGIMIENTO;277;SANTA BARBARA;0;BARRIO_S4;1;1
99;0;SIN CORREGIMIENTO;277;SANTA BARBARA;0;BARRIO_S4;9;11
99;0;SIN CORREGIMIENTO;295;EL NOGAL;0;BARRIO_S4;1;8
99;0;SIN CORREGIMIENTO;295;EL NOGAL;0;BARRIO_S4;9;57
99;0;SIN CORREGIMIENTO;358;VILLA CARMELO;0;BARRIO_S4;1;2
99;0;SIN CORREGIMIENTO;358;VILLA CARMELO;0;BARRIO_S4;9;12
99;0;SIN CORREGIMIENTO;364;VILLA LUZ CAMPESTRE;0;BARRIO_S4;1;1
99;0;SIN CORREGIMIENTO;364;VILLA LUZ CAMPESTRE;0;BARRIO_S4;9;4
99;1;CORREGIMIENTO UNO;0;SIN VEREDA;0;BARRIO_S4;1;14
99;1;CORREGIMIENTO UNO;0;SIN VEREDA;0;BARRIO_S4;9;157
99;1;CORREGIMIENTO UNO;246;EL PEDREGAL;0;BARRIO_S4;1;1
99;1;CORREGIMIENTO UNO;246;EL PEDREGAL;0;BARRIO_S4;9;11
99;1;CORREGIMIENTO UNO;248;LA MALA•A;0;BARRIO_S4;9;1
99;1;CORREGIMIENTO UNO;250;RETIRO GRANDE;0;BARRIO_S4;1;1
99;1;CORREGIMIENTO UNO;250;RETIRO GRANDE;0;BARRIO_S4;9;3
99;1;CORREGIMIENTO UNO;255;LOS SANTOS;0;BARRIO_S4;9;5
99;1;CORREGIMIENTO UNO;261;VIJAGUAL;0;BARRIO_S4;1;12
99;1;CORREGIMIENTO UNO;261;VIJAGUAL;0;BARRIO_S4;2;1
99;1;CORREGIMIENTO UNO;261;VIJAGUAL;0;BARRIO_S4;9;198
99;1;CORREGIMIENTO UNO;262;SAN CAYETANO;0;BARRIO_S4;1;13
99;1;CORREGIMIENTO UNO;262;SAN CAYETANO;0;BARRIO_S4;9;132
99;1;CORREGIMIENTO UNO;263;EL ABURRIDO;0;BARRIO_S4;1;10
99;1;CORREGIMIENTO UNO;263;EL ABURRIDO;0;BARRIO_S4;2;1
99;1;CORREGIMIENTO UNO;263;EL ABURRIDO;0;BARRIO_S4;9;202
99;1;CORREGIMIENTO UNO;264;SAN PEDRO ALTO;0;BARRIO_S4;1;5
99;1;CORREGIMIENTO UNO;264;SAN PEDRO ALTO;0;BARRIO_S4;9;64
99;1;CORREGIMIENTO UNO;265;SANTA RITA;0;BARRIO_S4;1;8
99;1;CORREGIMIENTO UNO;265;SANTA RITA;0;BARRIO_S4;9;88
99;1;CORREGIMIENTO UNO;266;SAN IGNACIO;0;BARRIO_S4;1;16
99;1;CORREGIMIENTO UNO;266;SAN IGNACIO;0;BARRIO_S4;9;171
99;1;CORREGIMIENTO UNO;267;LA SABANA;0;BARRIO_S4;1;21
99;1;CORREGIMIENTO UNO;267;LA SABANA;0;BARRIO_S4;9;289
99;1;CORREGIMIENTO UNO;268;LA ESMERALDA;0;BARRIO_S4;1;16
99;1;CORREGIMIENTO UNO;268;LA ESMERALDA;0;BARRIO_S4;9;203
99;1;CORREGIMIENTO UNO;269;ANGELINOS;0;BARRIO_S4;1;34
99;1;CORREGIMIENTO UNO;269;ANGELINOS;0;BARRIO_S4;9;393
99;1;CORREGIMIENTO UNO;275;SAN PEDRO BAJO;0;BARRIO_S4;1;29
99;1;CORREGIMIENTO UNO;275;SAN PEDRO BAJO;0;BARRIO_S4;2;1
99;1;CORREGIMIENTO UNO;275;SAN PEDRO BAJO;0;BARRIO_S4;9;297
99;1;CORREGIMIENTO UNO;277;SANTA BARBARA;0;BARRIO_S4;9;6
99;1;CORREGIMIENTO UNO;282;CAPILLA BAJA;0;BARRIO_S4;1;1
99;1;CORREGIMIENTO UNO;282;CAPILLA BAJA;0;BARRIO_S4;9;7
99;1;CORREGIMIENTO UNO;295;EL NOGAL;0;BARRIO_S4;1;83
99;1;CORREGIMIENTO UNO;295;EL NOGAL;0;BARRIO_S4;2;2
99;1;CORREGIMIENTO UNO;295;EL NOGAL;0;BARRIO_S4;9;683
99;1;CORREGIMIENTO UNO;355;EL PEDREGAL;0;BARRIO_S4;1;1
99;1;CORREGIMIENTO UNO;355;EL PEDREGAL;0;BARRIO_S4;9;3
99;1;CORREGIMIENTO UNO;358;VILLA CARMELO;0;BARRIO_S4;1;80
99;1;CORREGIMIENTO UNO;358;VILLA CARMELO;0;BARRIO_S4;9;762
99;1;CORREGIMIENTO UNO;364;VILLA LUZ CAMPESTRE;0;BARRIO_S4;1;51
99;1;CORREGIMIENTO UNO;364;VILLA LUZ CAMPESTRE;0;BARRIO_S4;9;386
99;1;CORREGIMIENTO UNO;999;SIN VEREDA;0;BARRIO_S4;9;5
99;2;CORREGIMIENTO DOS;0;SIN VEREDA;0;BARRIO_S4;1;12
99;2;CORREGIMIENTO DOS;0;SIN VEREDA;0;BARRIO_S4;9;171
99;2;CORREGIMIENTO DOS;246;EL PEDREGAL;0;BARRIO_S4;9;11
99;2;CORREGIMIENTO DOS;251;SAN JOSE;0;BARRIO_S4;9;3
99;2;CORREGIMIENTO DOS;253;ROSA BLANCA;0;BARRIO_S4;1;15
99;2;CORREGIMIENTO DOS;253;ROSA BLANCA;0;BARRIO_S4;9;179
99;2;CORREGIMIENTO DOS;254;CUCHILLA ALTA;0;BARRIO_S4;1;7
99;2;CORREGIMIENTO DOS;254;CUCHILLA ALTA;0;BARRIO_S4;9;75
99;2;CORREGIMIENTO DOS;255;LOS SANTOS;0;BARRIO_S4;1;21
99;2;CORREGIMIENTO DOS;255;LOS SANTOS;0;BARRIO_S4;2;2
99;2;CORREGIMIENTO DOS;255;LOS SANTOS;0;BARRIO_S4;9;219
99;2;CORREGIMIENTO DOS;256;CAPILLA ALTA;0;BARRIO_S4;1;21
99;2;CORREGIMIENTO DOS;256;CAPILLA ALTA;0;BARRIO_S4;2;1
99;2;CORREGIMIENTO DOS;256;CAPILLA ALTA;0;BARRIO_S4;9;172
99;2;CORREGIMIENTO DOS;258;BOLARQU÷ BAJO;0;BARRIO_S4;1;7
99;2;CORREGIMIENTO DOS;258;BOLARQU÷ BAJO;0;BARRIO_S4;9;121
99;2;CORREGIMIENTO DOS;259;MONSERRATE;0;BARRIO_S4;1;7
99;2;CORREGIMIENTO DOS;259;MONSERRATE;0;BARRIO_S4;9;143
99;2;CORREGIMIENTO DOS;260;MAGUEYES;0;BARRIO_S4;1;9
99;2;CORREGIMIENTO DOS;260;MAGUEYES;0;BARRIO_S4;9;170
99;2;CORREGIMIENTO DOS;265;SANTA RITA;0;BARRIO_S4;1;7
99;2;CORREGIMIENTO DOS;265;SANTA RITA;0;BARRIO_S4;9;77
99;2;CORREGIMIENTO DOS;267;LA SABANA;0;BARRIO_S4;9;4
99;2;CORREGIMIENTO DOS;269;ANGELINOS;0;BARRIO_S4;1;4
99;2;CORREGIMIENTO DOS;269;ANGELINOS;0;BARRIO_S4;9;18
99;2;CORREGIMIENTO DOS;282;CAPILLA BAJA;0;BARRIO_S4;1;15
99;2;CORREGIMIENTO DOS;282;CAPILLA BAJA;0;BARRIO_S4;9;294
99;2;CORREGIMIENTO DOS;283;BOLARQU÷ ALTO;0;BARRIO_S4;1;7
99;2;CORREGIMIENTO DOS;283;BOLARQU÷ ALTO;0;BARRIO_S4;2;1
99;2;CORREGIMIENTO DOS;283;BOLARQU÷ ALTO;0;BARRIO_S4;9;123
99;2;CORREGIMIENTO DOS;295;EL NOGAL;0;BARRIO_S4;1;1
99;2;CORREGIMIENTO DOS;295;EL NOGAL;0;BARRIO_S4;9;12
99;2;CORREGIMIENTO DOS;358;VILLA CARMELO;0;BARRIO_S4;1;1
99;2;CORREGIMIENTO DOS;358;VILLA CARMELO;0;BARRIO_S4;9;6
99;2;CORREGIMIENTO DOS;364;VILLA LUZ CAMPESTRE;0;BARRIO_S4;1;1
99;2;CORREGIMIENTO DOS;364;VILLA LUZ CAMPESTRE;0;BARRIO_S4;9;8
99;2;CORREGIMIENTO DOS;527;RETIRO GRANDE PARTE BAJA;0;BARRIO_S4;1;1
99;2;CORREGIMIENTO DOS;527;RETIRO GRANDE PARTE BAJA;0;BARRIO_S4;9;25
99;3;CORREGIMIENTO TRES;0;SIN VEREDA;0;BARRIO_S4;9;1
99;3;CORREGIMIENTO TRES;246;EL PEDREGAL;0;BARRIO_S4;1;20
99;3;CORREGIMIENTO TRES;246;EL PEDREGAL;0;BARRIO_S4;9;165
99;3;CORREGIMIENTO TRES;248;LA MALA•A;0;BARRIO_S4;1;29
99;3;CORREGIMIENTO TRES;248;LA MALA•A;0;BARRIO_S4;9;366
99;3;CORREGIMIENTO TRES;249;EL GUALILO ALTO;0;BARRIO_S4;1;13
99;3;CORREGIMIENTO TRES;249;EL GUALILO ALTO;0;BARRIO_S4;9;201
99;3;CORREGIMIENTO TRES;250;RETIRO GRANDE;0;BARRIO_S4;1;6
99;3;CORREGIMIENTO TRES;250;RETIRO GRANDE;0;BARRIO_S4;9;122
99;3;CORREGIMIENTO TRES;251;SAN JOSE;0;BARRIO_S4;1;16
99;3;CORREGIMIENTO TRES;251;SAN JOSE;0;BARRIO_S4;9;225
99;3;CORREGIMIENTO TRES;252;RETIRO CHIQUITO;0;BARRIO_S4;1;25
99;3;CORREGIMIENTO TRES;252;RETIRO CHIQUITO;0;BARRIO_S4;9;283
99;3;CORREGIMIENTO TRES;254;CUCHILLA ALTA;0;BARRIO_S4;9;3
99;3;CORREGIMIENTO TRES;255;LOS SANTOS;0;BARRIO_S4;9;4
99;3;CORREGIMIENTO TRES;259;MONSERRATE;0;BARRIO_S4;1;1
99;3;CORREGIMIENTO TRES;259;MONSERRATE;0;BARRIO_S4;9;6
99;3;CORREGIMIENTO TRES;276;EL GUALILO BAJO;0;BARRIO_S4;1;34
99;3;CORREGIMIENTO TRES;276;EL GUALILO BAJO;0;BARRIO_S4;9;289
99;3;CORREGIMIENTO TRES;277;SANTA BARBARA;0;BARRIO_S4;1;70
99;3;CORREGIMIENTO TRES;277;SANTA BARBARA;0;BARRIO_S4;2;3
99;3;CORREGIMIENTO TRES;277;SANTA BARBARA;0;BARRIO_S4;9;840
99;3;CORREGIMIENTO TRES;355;EL PEDREGAL;0;BARRIO_S4;1;66
99;3;CORREGIMIENTO TRES;355;EL PEDREGAL;0;BARRIO_S4;2;1
99;3;CORREGIMIENTO TRES;355;EL PEDREGAL;0;BARRIO_S4;9;502
99;3;CORREGIMIENTO TRES;527;RETIRO GRANDE PARTE BAJA;0;BARRIO_S4;1;2
99;3;CORREGIMIENTO TRES;527;RETIRO GRANDE PARTE BAJA;0;BARRIO_S4;9;6
