Cod_comuna_x;NOM_COMUNA;Cod_barrio;NOM_BARRIO;rango etario;BARRIO_AT;personas
1;01. NORTE;1;EL PAULON VILLA PATRICIA;1. Primera Infancia (0-5 años);SI;57
1;01. NORTE;1;EL PAULON VILLA PATRICIA;2. Infancia (6 - 11 años);SI;41
1;01. NORTE;1;EL PAULON VILLA PATRICIA;3. Adolescencia (12 - 18 años);SI;54
1;01. NORTE;1;EL PAULON VILLA PATRICIA;4. Juventud (14 - 26 años);SI;60
1;01. NORTE;1;EL PAULON VILLA PATRICIA;5. Adultez (27- 59 años);SI;168
1;01. NORTE;1;EL PAULON VILLA PATRICIA;6. Persona Mayor 60 o mas;SI;41
1;01. NORTE;2;EL PAULON VILLA LINA;1. Primera Infancia (0-5 años);SI;117
1;01. NORTE;2;EL PAULON VILLA LINA;2. Infancia (6 - 11 años);SI;97
1;01. NORTE;2;EL PAULON VILLA LINA;3. Adolescencia (12 - 18 años);SI;114
1;01. NORTE;2;EL PAULON VILLA LINA;4. Juventud (14 - 26 años);SI;157
1;01. NORTE;2;EL PAULON VILLA LINA;5. Adultez (27- 59 años);SI;380
1;01. NORTE;2;EL PAULON VILLA LINA;6. Persona Mayor 60 o mas;SI;97
1;01. NORTE;3;COLORADOS;1. Primera Infancia (0-5 años);SI;314
1;01. NORTE;3;COLORADOS;2. Infancia (6 - 11 años);SI;269
1;01. NORTE;3;COLORADOS;3. Adolescencia (12 - 18 años);SI;294
1;01. NORTE;3;COLORADOS;4. Juventud (14 - 26 años);SI;424
1;01. NORTE;3;COLORADOS;5. Adultez (27- 59 años);SI;1199
1;01. NORTE;3;COLORADOS;6. Persona Mayor 60 o mas;SI;336
1;01. NORTE;4;EL PAULON;1. Primera Infancia (0-5 años);SI;135
1;01. NORTE;4;EL PAULON;2. Infancia (6 - 11 años);SI;99
1;01. NORTE;4;EL PAULON;3. Adolescencia (12 - 18 años);SI;129
1;01. NORTE;4;EL PAULON;4. Juventud (14 - 26 años);SI;182
1;01. NORTE;4;EL PAULON;5. Adultez (27- 59 años);SI;455
1;01. NORTE;4;EL PAULON;6. Persona Mayor 60 o mas;SI;133
1;01. NORTE;5;ROSALTA COLORADOS;1. Primera Infancia (0-5 años);NO;40
1;01. NORTE;5;ROSALTA COLORADOS;2. Infancia (6 - 11 años);NO;39
1;01. NORTE;5;ROSALTA COLORADOS;3. Adolescencia (12 - 18 años);NO;47
1;01. NORTE;5;ROSALTA COLORADOS;4. Juventud (14 - 26 años);NO;36
1;01. NORTE;5;ROSALTA COLORADOS;5. Adultez (27- 59 años);NO;143
1;01. NORTE;5;ROSALTA COLORADOS;6. Persona Mayor 60 o mas;NO;45
1;01. NORTE;6;COLORADOS PATIO BONITO;1. Primera Infancia (0-5 años);NO;48
1;01. NORTE;6;COLORADOS PATIO BONITO;2. Infancia (6 - 11 años);NO;42
1;01. NORTE;6;COLORADOS PATIO BONITO;3. Adolescencia (12 - 18 años);NO;45
1;01. NORTE;6;COLORADOS PATIO BONITO;4. Juventud (14 - 26 años);NO;49
1;01. NORTE;6;COLORADOS PATIO BONITO;5. Adultez (27- 59 años);NO;137
1;01. NORTE;6;COLORADOS PATIO BONITO;6. Persona Mayor 60 o mas;NO;30
1;01. NORTE;7;CAFE MADRID VILLA ALICIA;1. Primera Infancia (0-5 años);NO;17
1;01. NORTE;7;CAFE MADRID VILLA ALICIA;2. Infancia (6 - 11 años);NO;24
1;01. NORTE;7;CAFE MADRID VILLA ALICIA;3. Adolescencia (12 - 18 años);NO;28
1;01. NORTE;7;CAFE MADRID VILLA ALICIA;4. Juventud (14 - 26 años);NO;24
1;01. NORTE;7;CAFE MADRID VILLA ALICIA;5. Adultez (27- 59 años);NO;87
1;01. NORTE;7;CAFE MADRID VILLA ALICIA;6. Persona Mayor 60 o mas;NO;10
1;01. NORTE;8;EL ROSAL COLORADOS;1. Primera Infancia (0-5 años);SI;74
1;01. NORTE;8;EL ROSAL COLORADOS;2. Infancia (6 - 11 años);SI;82
1;01. NORTE;8;EL ROSAL COLORADOS;3. Adolescencia (12 - 18 años);SI;79
1;01. NORTE;8;EL ROSAL COLORADOS;4. Juventud (14 - 26 años);SI;90
1;01. NORTE;8;EL ROSAL COLORADOS;5. Adultez (27- 59 años);SI;290
1;01. NORTE;8;EL ROSAL COLORADOS;6. Persona Mayor 60 o mas;SI;66
1;01. NORTE;10;ASENTAMIENTO BARRIO NUEVO;1. Primera Infancia (0-5 años);SI;3
1;01. NORTE;10;ASENTAMIENTO BARRIO NUEVO;3. Adolescencia (12 - 18 años);SI;4
1;01. NORTE;10;ASENTAMIENTO BARRIO NUEVO;4. Juventud (14 - 26 años);SI;3
1;01. NORTE;10;ASENTAMIENTO BARRIO NUEVO;5. Adultez (27- 59 años);SI;6
1;01. NORTE;10;ASENTAMIENTO BARRIO NUEVO;6. Persona Mayor 60 o mas;SI;5
1;01. NORTE;11;DIVINO NIÑO NORTE;1. Primera Infancia (0-5 años);NO;33
1;01. NORTE;11;DIVINO NIÑO NORTE;2. Infancia (6 - 11 años);NO;33
1;01. NORTE;11;DIVINO NIÑO NORTE;3. Adolescencia (12 - 18 años);NO;28
1;01. NORTE;11;DIVINO NIÑO NORTE;4. Juventud (14 - 26 años);NO;41
1;01. NORTE;11;DIVINO NIÑO NORTE;5. Adultez (27- 59 años);NO;119
1;01. NORTE;11;DIVINO NIÑO NORTE;6. Persona Mayor 60 o mas;NO;21
1;01. NORTE;12;CAFE MADRID EL TUNEL;1. Primera Infancia (0-5 años);NO;83
1;01. NORTE;12;CAFE MADRID EL TUNEL;2. Infancia (6 - 11 años);NO;82
1;01. NORTE;12;CAFE MADRID EL TUNEL;3. Adolescencia (12 - 18 años);NO;90
1;01. NORTE;12;CAFE MADRID EL TUNEL;4. Juventud (14 - 26 años);NO;98
1;01. NORTE;12;CAFE MADRID EL TUNEL;5. Adultez (27- 59 años);NO;295
1;01. NORTE;12;CAFE MADRID EL TUNEL;6. Persona Mayor 60 o mas;NO;66
1;01. NORTE;13;CAFE MADRID LA UNION;1. Primera Infancia (0-5 años);NO;11
1;01. NORTE;13;CAFE MADRID LA UNION;2. Infancia (6 - 11 años);NO;13
1;01. NORTE;13;CAFE MADRID LA UNION;3. Adolescencia (12 - 18 años);NO;14
1;01. NORTE;13;CAFE MADRID LA UNION;4. Juventud (14 - 26 años);NO;20
1;01. NORTE;13;CAFE MADRID LA UNION;5. Adultez (27- 59 años);NO;46
1;01. NORTE;13;CAFE MADRID LA UNION;6. Persona Mayor 60 o mas;NO;6
1;01. NORTE;14;CAFE MADRID;1. Primera Infancia (0-5 años);SI;78
1;01. NORTE;14;CAFE MADRID;2. Infancia (6 - 11 años);SI;69
1;01. NORTE;14;CAFE MADRID;3. Adolescencia (12 - 18 años);SI;73
1;01. NORTE;14;CAFE MADRID;4. Juventud (14 - 26 años);SI;106
1;01. NORTE;14;CAFE MADRID;5. Adultez (27- 59 años);SI;292
1;01. NORTE;14;CAFE MADRID;6. Persona Mayor 60 o mas;SI;55
1;01. NORTE;15;CAFE MADRID LA PLAYA;1. Primera Infancia (0-5 años);NO;78
1;01. NORTE;15;CAFE MADRID LA PLAYA;2. Infancia (6 - 11 años);NO;66
1;01. NORTE;15;CAFE MADRID LA PLAYA;3. Adolescencia (12 - 18 años);NO;76
1;01. NORTE;15;CAFE MADRID LA PLAYA;4. Juventud (14 - 26 años);NO;109
1;01. NORTE;15;CAFE MADRID LA PLAYA;5. Adultez (27- 59 años);NO;246
1;01. NORTE;15;CAFE MADRID LA PLAYA;6. Persona Mayor 60 o mas;NO;71
1;01. NORTE;19;CAFE MADRID LA LOMA;1. Primera Infancia (0-5 años);NO;30
1;01. NORTE;19;CAFE MADRID LA LOMA;2. Infancia (6 - 11 años);NO;18
1;01. NORTE;19;CAFE MADRID LA LOMA;3. Adolescencia (12 - 18 años);NO;23
1;01. NORTE;19;CAFE MADRID LA LOMA;4. Juventud (14 - 26 años);NO;21
1;01. NORTE;19;CAFE MADRID LA LOMA;5. Adultez (27- 59 años);NO;87
1;01. NORTE;19;CAFE MADRID LA LOMA;6. Persona Mayor 60 o mas;NO;25
1;01. NORTE;24;CIUDADELA CAFE MADRID ;1. Primera Infancia (0-5 años);NO;246
1;01. NORTE;24;CIUDADELA CAFE MADRID ;2. Infancia (6 - 11 años);NO;205
1;01. NORTE;24;CIUDADELA CAFE MADRID ;3. Adolescencia (12 - 18 años);NO;266
1;01. NORTE;24;CIUDADELA CAFE MADRID ;4. Juventud (14 - 26 años);NO;340
1;01. NORTE;24;CIUDADELA CAFE MADRID ;5. Adultez (27- 59 años);NO;771
1;01. NORTE;24;CIUDADELA CAFE MADRID ;6. Persona Mayor 60 o mas;NO;159
1;01. NORTE;25;CAFE MADRID EL PLAN;1. Primera Infancia (0-5 años);NO;77
1;01. NORTE;25;CAFE MADRID EL PLAN;2. Infancia (6 - 11 años);NO;73
1;01. NORTE;25;CAFE MADRID EL PLAN;3. Adolescencia (12 - 18 años);NO;92
1;01. NORTE;25;CAFE MADRID EL PLAN;4. Juventud (14 - 26 años);NO;78
1;01. NORTE;25;CAFE MADRID EL PLAN;5. Adultez (27- 59 años);NO;304
1;01. NORTE;25;CAFE MADRID EL PLAN;6. Persona Mayor 60 o mas;NO;83
1;01. NORTE;26;CAFE MADRID LA VIRGEN;1. Primera Infancia (0-5 años);NO;23
1;01. NORTE;26;CAFE MADRID LA VIRGEN;2. Infancia (6 - 11 años);NO;23
1;01. NORTE;26;CAFE MADRID LA VIRGEN;3. Adolescencia (12 - 18 años);NO;18
1;01. NORTE;26;CAFE MADRID LA VIRGEN;4. Juventud (14 - 26 años);NO;22
1;01. NORTE;26;CAFE MADRID LA VIRGEN;5. Adultez (27- 59 años);NO;67
1;01. NORTE;26;CAFE MADRID LA VIRGEN;6. Persona Mayor 60 o mas;NO;5
1;01. NORTE;27;CAFE MADRID EL SUICHE;1. Primera Infancia (0-5 años);NO;10
1;01. NORTE;27;CAFE MADRID EL SUICHE;2. Infancia (6 - 11 años);NO;6
1;01. NORTE;27;CAFE MADRID EL SUICHE;3. Adolescencia (12 - 18 años);NO;8
1;01. NORTE;27;CAFE MADRID EL SUICHE;4. Juventud (14 - 26 años);NO;7
1;01. NORTE;27;CAFE MADRID EL SUICHE;5. Adultez (27- 59 años);NO;22
1;01. NORTE;27;CAFE MADRID EL SUICHE;6. Persona Mayor 60 o mas;NO;4
1;01. NORTE;28;CAFE MADRID EL CABLE;1. Primera Infancia (0-5 años);NO;53
1;01. NORTE;28;CAFE MADRID EL CABLE;2. Infancia (6 - 11 años);NO;40
1;01. NORTE;28;CAFE MADRID EL CABLE;3. Adolescencia (12 - 18 años);NO;48
1;01. NORTE;28;CAFE MADRID EL CABLE;4. Juventud (14 - 26 años);NO;69
1;01. NORTE;28;CAFE MADRID EL CABLE;5. Adultez (27- 59 años);NO;171
1;01. NORTE;28;CAFE MADRID EL CABLE;6. Persona Mayor 60 o mas;NO;36
1;01. NORTE;29;KENNEDY;1. Primera Infancia (0-5 años);SI;208
1;01. NORTE;29;KENNEDY;2. Infancia (6 - 11 años);SI;219
1;01. NORTE;29;KENNEDY;3. Adolescencia (12 - 18 años);SI;293
1;01. NORTE;29;KENNEDY;4. Juventud (14 - 26 años);SI;374
1;01. NORTE;29;KENNEDY;5. Adultez (27- 59 años);SI;1264
1;01. NORTE;29;KENNEDY;6. Persona Mayor 60 o mas;SI;540
1;01. NORTE;30;VILLA ALEGRIA;1. Primera Infancia (0-5 años);NO;121
1;01. NORTE;30;VILLA ALEGRIA;2. Infancia (6 - 11 años);NO;84
1;01. NORTE;30;VILLA ALEGRIA;3. Adolescencia (12 - 18 años);NO;114
1;01. NORTE;30;VILLA ALEGRIA;4. Juventud (14 - 26 años);NO;119
1;01. NORTE;30;VILLA ALEGRIA;5. Adultez (27- 59 años);NO;383
1;01. NORTE;30;VILLA ALEGRIA;6. Persona Mayor 60 o mas;NO;78
1;01. NORTE;31;LAS HAMACAS;1. Primera Infancia (0-5 años);SI;76
1;01. NORTE;31;LAS HAMACAS;2. Infancia (6 - 11 años);SI;61
1;01. NORTE;31;LAS HAMACAS;3. Adolescencia (12 - 18 años);SI;85
1;01. NORTE;31;LAS HAMACAS;4. Juventud (14 - 26 años);SI;110
1;01. NORTE;31;LAS HAMACAS;5. Adultez (27- 59 años);SI;315
1;01. NORTE;31;LAS HAMACAS;6. Persona Mayor 60 o mas;SI;84
1;01. NORTE;32;MARIA PAZ;1. Primera Infancia (0-5 años);SI;450
1;01. NORTE;32;MARIA PAZ;2. Infancia (6 - 11 años);SI;352
1;01. NORTE;32;MARIA PAZ;3. Adolescencia (12 - 18 años);SI;436
1;01. NORTE;32;MARIA PAZ;4. Juventud (14 - 26 años);SI;568
1;01. NORTE;32;MARIA PAZ;5. Adultez (27- 59 años);SI;1638
1;01. NORTE;32;MARIA PAZ;6. Persona Mayor 60 o mas;SI;336
1;01. NORTE;33;ALTOS DEL KENNEDY;1. Primera Infancia (0-5 años);SI;47
1;01. NORTE;33;ALTOS DEL KENNEDY;2. Infancia (6 - 11 años);SI;43
1;01. NORTE;33;ALTOS DEL KENNEDY;3. Adolescencia (12 - 18 años);SI;50
1;01. NORTE;33;ALTOS DEL KENNEDY;4. Juventud (14 - 26 años);SI;71
1;01. NORTE;33;ALTOS DEL KENNEDY;5. Adultez (27- 59 años);SI;222
1;01. NORTE;33;ALTOS DEL KENNEDY;6. Persona Mayor 60 o mas;SI;55
1;01. NORTE;35;MINUTO DE DIOS;1. Primera Infancia (0-5 años);SI;85
1;01. NORTE;35;MINUTO DE DIOS;2. Infancia (6 - 11 años);SI;81
1;01. NORTE;35;MINUTO DE DIOS;3. Adolescencia (12 - 18 años);SI;78
1;01. NORTE;35;MINUTO DE DIOS;4. Juventud (14 - 26 años);SI;146
1;01. NORTE;35;MINUTO DE DIOS;5. Adultez (27- 59 años);SI;414
1;01. NORTE;35;MINUTO DE DIOS;6. Persona Mayor 60 o mas;SI;113
1;01. NORTE;36;MIRADOR DEL KENNEDY;1. Primera Infancia (0-5 años);SI;21
1;01. NORTE;36;MIRADOR DEL KENNEDY;2. Infancia (6 - 11 años);SI;16
1;01. NORTE;36;MIRADOR DEL KENNEDY;3. Adolescencia (12 - 18 años);SI;16
1;01. NORTE;36;MIRADOR DEL KENNEDY;4. Juventud (14 - 26 años);SI;27
1;01. NORTE;36;MIRADOR DEL KENNEDY;5. Adultez (27- 59 años);SI;77
1;01. NORTE;36;MIRADOR DEL KENNEDY;6. Persona Mayor 60 o mas;SI;16
1;01. NORTE;38;COLSEGUROS NORTE;1. Primera Infancia (0-5 años);NO;87
1;01. NORTE;38;COLSEGUROS NORTE;2. Infancia (6 - 11 años);NO;75
1;01. NORTE;38;COLSEGUROS NORTE;3. Adolescencia (12 - 18 años);NO;101
1;01. NORTE;38;COLSEGUROS NORTE;4. Juventud (14 - 26 años);NO;142
1;01. NORTE;38;COLSEGUROS NORTE;5. Adultez (27- 59 años);NO;411
1;01. NORTE;38;COLSEGUROS NORTE;6. Persona Mayor 60 o mas;NO;139
1;01. NORTE;39;OMAGA I ;1. Primera Infancia (0-5 años);SI;20
1;01. NORTE;39;OMAGA I ;2. Infancia (6 - 11 años);SI;16
1;01. NORTE;39;OMAGA I ;3. Adolescencia (12 - 18 años);SI;21
1;01. NORTE;39;OMAGA I ;4. Juventud (14 - 26 años);SI;21
1;01. NORTE;39;OMAGA I ;5. Adultez (27- 59 años);SI;95
1;01. NORTE;39;OMAGA I ;6. Persona Mayor 60 o mas;SI;21
1;01. NORTE;40;MIRAMAR;1. Primera Infancia (0-5 años);SI;45
1;01. NORTE;40;MIRAMAR;2. Infancia (6 - 11 años);SI;32
1;01. NORTE;40;MIRAMAR;3. Adolescencia (12 - 18 años);SI;51
1;01. NORTE;40;MIRAMAR;4. Juventud (14 - 26 años);SI;78
1;01. NORTE;40;MIRAMAR;5. Adultez (27- 59 años);SI;191
1;01. NORTE;40;MIRAMAR;6. Persona Mayor 60 o mas;SI;66
1;01. NORTE;41;BALCONES DEL KENNEDY;1. Primera Infancia (0-5 años);SI;105
1;01. NORTE;41;BALCONES DEL KENNEDY;2. Infancia (6 - 11 años);SI;121
1;01. NORTE;41;BALCONES DEL KENNEDY;3. Adolescencia (12 - 18 años);SI;135
1;01. NORTE;41;BALCONES DEL KENNEDY;4. Juventud (14 - 26 años);SI;178
1;01. NORTE;41;BALCONES DEL KENNEDY;5. Adultez (27- 59 años);SI;466
1;01. NORTE;41;BALCONES DEL KENNEDY;6. Persona Mayor 60 o mas;SI;116
1;01. NORTE;42;VILLA MARIA;1. Primera Infancia (0-5 años);SI;67
1;01. NORTE;42;VILLA MARIA;2. Infancia (6 - 11 años);SI;38
1;01. NORTE;42;VILLA MARIA;3. Adolescencia (12 - 18 años);SI;37
1;01. NORTE;42;VILLA MARIA;4. Juventud (14 - 26 años);SI;60
1;01. NORTE;42;VILLA MARIA;5. Adultez (27- 59 años);SI;147
1;01. NORTE;42;VILLA MARIA;6. Persona Mayor 60 o mas;SI;25
1;01. NORTE;43;ASENTAMIENTO VILLA MARIA;5. Adultez (27- 59 años);NO;2
1;01. NORTE;43;ASENTAMIENTO VILLA MARIA;6. Persona Mayor 60 o mas;NO;1
1;01. NORTE;47;OLAS ALTAS Y BAJAS;1. Primera Infancia (0-5 años);SI;75
1;01. NORTE;47;OLAS ALTAS Y BAJAS;2. Infancia (6 - 11 años);SI;84
1;01. NORTE;47;OLAS ALTAS Y BAJAS;3. Adolescencia (12 - 18 años);SI;117
1;01. NORTE;47;OLAS ALTAS Y BAJAS;4. Juventud (14 - 26 años);SI;146
1;01. NORTE;47;OLAS ALTAS Y BAJAS;5. Adultez (27- 59 años);SI;467
1;01. NORTE;47;OLAS ALTAS Y BAJAS;6. Persona Mayor 60 o mas;SI;172
1;01. NORTE;49;PAISAJES DEL NORTE;1. Primera Infancia (0-5 años);NO;90
1;01. NORTE;49;PAISAJES DEL NORTE;2. Infancia (6 - 11 años);NO;82
1;01. NORTE;49;PAISAJES DEL NORTE;3. Adolescencia (12 - 18 años);NO;86
1;01. NORTE;49;PAISAJES DEL NORTE;4. Juventud (14 - 26 años);NO;113
1;01. NORTE;49;PAISAJES DEL NORTE;5. Adultez (27- 59 años);NO;302
1;01. NORTE;49;PAISAJES DEL NORTE;6. Persona Mayor 60 o mas;NO;44
1;01. NORTE;50;VILLA ROSA;1. Primera Infancia (0-5 años);SI;517
1;01. NORTE;50;VILLA ROSA;2. Infancia (6 - 11 años);SI;492
1;01. NORTE;50;VILLA ROSA;3. Adolescencia (12 - 18 años);SI;689
1;01. NORTE;50;VILLA ROSA;4. Juventud (14 - 26 años);SI;773
1;01. NORTE;50;VILLA ROSA;5. Adultez (27- 59 años);SI;2374
1;01. NORTE;50;VILLA ROSA;6. Persona Mayor 60 o mas;SI;770
1;01. NORTE;55;CLAVERIANO;1. Primera Infancia (0-5 años);SI;166
1;01. NORTE;55;CLAVERIANO;2. Infancia (6 - 11 años);SI;150
1;01. NORTE;55;CLAVERIANO;3. Adolescencia (12 - 18 años);SI;161
1;01. NORTE;55;CLAVERIANO;4. Juventud (14 - 26 años);SI;243
1;01. NORTE;55;CLAVERIANO;5. Adultez (27- 59 años);SI;549
1;01. NORTE;55;CLAVERIANO;6. Persona Mayor 60 o mas;SI;109
1;01. NORTE;56;ALTOS DEL PROGRESO;1. Primera Infancia (0-5 años);SI;149
1;01. NORTE;56;ALTOS DEL PROGRESO;2. Infancia (6 - 11 años);SI;116
1;01. NORTE;56;ALTOS DEL PROGRESO;3. Adolescencia (12 - 18 años);SI;142
1;01. NORTE;56;ALTOS DEL PROGRESO;4. Juventud (14 - 26 años);SI;213
1;01. NORTE;56;ALTOS DEL PROGRESO;5. Adultez (27- 59 años);SI;498
1;01. NORTE;56;ALTOS DEL PROGRESO;6. Persona Mayor 60 o mas;SI;118
1;01. NORTE;88;CAFE MADRID LA 40;1. Primera Infancia (0-5 años);NO;14
1;01. NORTE;88;CAFE MADRID LA 40;2. Infancia (6 - 11 años);NO;4
1;01. NORTE;88;CAFE MADRID LA 40;3. Adolescencia (12 - 18 años);NO;7
1;01. NORTE;88;CAFE MADRID LA 40;4. Juventud (14 - 26 años);NO;19
1;01. NORTE;88;CAFE MADRID LA 40;5. Adultez (27- 59 años);NO;42
1;01. NORTE;88;CAFE MADRID LA 40;6. Persona Mayor 60 o mas;NO;11
1;01. NORTE;91;TEJADITOS;1. Primera Infancia (0-5 años);NO;4
1;01. NORTE;91;TEJADITOS;2. Infancia (6 - 11 años);NO;3
1;01. NORTE;91;TEJADITOS;3. Adolescencia (12 - 18 años);NO;4
1;01. NORTE;91;TEJADITOS;4. Juventud (14 - 26 años);NO;4
1;01. NORTE;91;TEJADITOS;5. Adultez (27- 59 años);NO;6
1;01. NORTE;91;TEJADITOS;6. Persona Mayor 60 o mas;NO;4
1;01. NORTE;230;VILLA ALICIA;1. Primera Infancia (0-5 años);NO;29
1;01. NORTE;230;VILLA ALICIA;2. Infancia (6 - 11 años);NO;17
1;01. NORTE;230;VILLA ALICIA;3. Adolescencia (12 - 18 años);NO;19
1;01. NORTE;230;VILLA ALICIA;4. Juventud (14 - 26 años);NO;28
1;01. NORTE;230;VILLA ALICIA;5. Adultez (27- 59 años);NO;64
1;01. NORTE;230;VILLA ALICIA;6. Persona Mayor 60 o mas;NO;11
1;01. NORTE;235;DELICIAS NORTE;1. Primera Infancia (0-5 años);NO;12
1;01. NORTE;235;DELICIAS NORTE;2. Infancia (6 - 11 años);NO;6
1;01. NORTE;235;DELICIAS NORTE;3. Adolescencia (12 - 18 años);NO;17
1;01. NORTE;235;DELICIAS NORTE;4. Juventud (14 - 26 años);NO;18
1;01. NORTE;235;DELICIAS NORTE;5. Adultez (27- 59 años);NO;48
1;01. NORTE;235;DELICIAS NORTE;6. Persona Mayor 60 o mas;NO;13
1;01. NORTE;247;LA FORTUNA;1. Primera Infancia (0-5 años);NO;76
1;01. NORTE;247;LA FORTUNA;2. Infancia (6 - 11 años);NO;45
1;01. NORTE;247;LA FORTUNA;3. Adolescencia (12 - 18 años);NO;66
1;01. NORTE;247;LA FORTUNA;4. Juventud (14 - 26 años);NO;78
1;01. NORTE;247;LA FORTUNA;5. Adultez (27- 59 años);NO;192
1;01. NORTE;247;LA FORTUNA;6. Persona Mayor 60 o mas;NO;44
1;01. NORTE;281;SAN IGNACIO REAL;1. Primera Infancia (0-5 años);NO;51
1;01. NORTE;281;SAN IGNACIO REAL;2. Infancia (6 - 11 años);NO;50
1;01. NORTE;281;SAN IGNACIO REAL;3. Adolescencia (12 - 18 años);NO;61
1;01. NORTE;281;SAN IGNACIO REAL;4. Juventud (14 - 26 años);NO;71
1;01. NORTE;281;SAN IGNACIO REAL;5. Adultez (27- 59 años);NO;162
1;01. NORTE;281;SAN IGNACIO REAL;6. Persona Mayor 60 o mas;NO;28
1;01. NORTE;291;CAMINOS DE PAZ;1. Primera Infancia (0-5 años);NO;21
1;01. NORTE;291;CAMINOS DE PAZ;2. Infancia (6 - 11 años);NO;18
1;01. NORTE;291;CAMINOS DE PAZ;3. Adolescencia (12 - 18 años);NO;24
1;01. NORTE;291;CAMINOS DE PAZ;4. Juventud (14 - 26 años);NO;18
1;01. NORTE;291;CAMINOS DE PAZ;5. Adultez (27- 59 años);NO;53
1;01. NORTE;291;CAMINOS DE PAZ;6. Persona Mayor 60 o mas;NO;15
1;01. NORTE;297;TEJAR II;1. Primera Infancia (0-5 años);SI;78
1;01. NORTE;297;TEJAR II;2. Infancia (6 - 11 años);SI;65
1;01. NORTE;297;TEJAR II;3. Adolescencia (12 - 18 años);SI;86
1;01. NORTE;297;TEJAR II;4. Juventud (14 - 26 años);SI;104
1;01. NORTE;297;TEJAR II;5. Adultez (27- 59 años);SI;419
1;01. NORTE;297;TEJAR II;6. Persona Mayor 60 o mas;SI;101
1;01. NORTE;298;TEJAR I;1. Primera Infancia (0-5 años);SI;52
1;01. NORTE;298;TEJAR I;2. Infancia (6 - 11 años);SI;57
1;01. NORTE;298;TEJAR I;3. Adolescencia (12 - 18 años);SI;70
1;01. NORTE;298;TEJAR I;4. Juventud (14 - 26 años);SI;70
1;01. NORTE;298;TEJAR I;5. Adultez (27- 59 años);SI;291
1;01. NORTE;298;TEJAR I;6. Persona Mayor 60 o mas;SI;62
1;01. NORTE;299;OMAGA II;1. Primera Infancia (0-5 años);SI;63
1;01. NORTE;299;OMAGA II;2. Infancia (6 - 11 años);SI;57
1;01. NORTE;299;OMAGA II;3. Adolescencia (12 - 18 años);SI;87
1;01. NORTE;299;OMAGA II;4. Juventud (14 - 26 años);SI;79
1;01. NORTE;299;OMAGA II;5. Adultez (27- 59 años);SI;254
1;01. NORTE;299;OMAGA II;6. Persona Mayor 60 o mas;SI;60
1;01. NORTE;301;CERVUNION;1. Primera Infancia (0-5 años);NO;62
1;01. NORTE;301;CERVUNION;2. Infancia (6 - 11 años);NO;42
1;01. NORTE;301;CERVUNION;3. Adolescencia (12 - 18 años);NO;48
1;01. NORTE;301;CERVUNION;4. Juventud (14 - 26 años);NO;73
1;01. NORTE;301;CERVUNION;5. Adultez (27- 59 años);NO;144
1;01. NORTE;301;CERVUNION;6. Persona Mayor 60 o mas;NO;24
1;01. NORTE;302;ASENTAMIENTO LUZ DE ESPERANZA;1. Primera Infancia (0-5 años);NO;4
1;01. NORTE;302;ASENTAMIENTO LUZ DE ESPERANZA;2. Infancia (6 - 11 años);NO;4
1;01. NORTE;302;ASENTAMIENTO LUZ DE ESPERANZA;3. Adolescencia (12 - 18 años);NO;5
1;01. NORTE;302;ASENTAMIENTO LUZ DE ESPERANZA;4. Juventud (14 - 26 años);NO;4
1;01. NORTE;302;ASENTAMIENTO LUZ DE ESPERANZA;5. Adultez (27- 59 años);NO;10
1;01. NORTE;302;ASENTAMIENTO LUZ DE ESPERANZA;6. Persona Mayor 60 o mas;NO;1
1;01. NORTE;305;SAN VALENTIN;1. Primera Infancia (0-5 años);NO;81
1;01. NORTE;305;SAN VALENTIN;2. Infancia (6 - 11 años);NO;65
1;01. NORTE;305;SAN VALENTIN;3. Adolescencia (12 - 18 años);NO;59
1;01. NORTE;305;SAN VALENTIN;4. Juventud (14 - 26 años);NO;85
1;01. NORTE;305;SAN VALENTIN;5. Adultez (27- 59 años);NO;253
1;01. NORTE;305;SAN VALENTIN;6. Persona Mayor 60 o mas;NO;55
1;01. NORTE;311;ALTOS DE BETANIA;1. Primera Infancia (0-5 años);SI;148
1;01. NORTE;311;ALTOS DE BETANIA;2. Infancia (6 - 11 años);SI;117
1;01. NORTE;311;ALTOS DE BETANIA;3. Adolescencia (12 - 18 años);SI;196
1;01. NORTE;311;ALTOS DE BETANIA;4. Juventud (14 - 26 años);SI;204
1;01. NORTE;311;ALTOS DE BETANIA;5. Adultez (27- 59 años);SI;482
1;01. NORTE;311;ALTOS DE BETANIA;6. Persona Mayor 60 o mas;SI;92
1;01. NORTE;328;CAMPESTRE NORTE ;1. Primera Infancia (0-5 años);NO;333
1;01. NORTE;328;CAMPESTRE NORTE ;2. Infancia (6 - 11 años);NO;295
1;01. NORTE;328;CAMPESTRE NORTE ;3. Adolescencia (12 - 18 años);NO;351
1;01. NORTE;328;CAMPESTRE NORTE ;4. Juventud (14 - 26 años);NO;391
1;01. NORTE;328;CAMPESTRE NORTE ;5. Adultez (27- 59 años);NO;1052
1;01. NORTE;328;CAMPESTRE NORTE ;6. Persona Mayor 60 o mas;NO;185
1;01. NORTE;335;PUENTE NARIÑO;1. Primera Infancia (0-5 años);NO;172
1;01. NORTE;335;PUENTE NARIÑO;2. Infancia (6 - 11 años);NO;157
1;01. NORTE;335;PUENTE NARIÑO;3. Adolescencia (12 - 18 años);NO;138
1;01. NORTE;335;PUENTE NARIÑO;4. Juventud (14 - 26 años);NO;146
1;01. NORTE;335;PUENTE NARIÑO;5. Adultez (27- 59 años);NO;372
1;01. NORTE;335;PUENTE NARIÑO;6. Persona Mayor 60 o mas;NO;58
1;01. NORTE;338;CAFE MADRID LA SEXTA;1. Primera Infancia (0-5 años);NO;12
1;01. NORTE;338;CAFE MADRID LA SEXTA;2. Infancia (6 - 11 años);NO;7
1;01. NORTE;338;CAFE MADRID LA SEXTA;3. Adolescencia (12 - 18 años);NO;13
1;01. NORTE;338;CAFE MADRID LA SEXTA;4. Juventud (14 - 26 años);NO;23
1;01. NORTE;338;CAFE MADRID LA SEXTA;5. Adultez (27- 59 años);NO;40
1;01. NORTE;338;CAFE MADRID LA SEXTA;6. Persona Mayor 60 o mas;NO;7
1;01. NORTE;342;VILLAS DE SAN IGNACIO;1. Primera Infancia (0-5 años);NO;69
1;01. NORTE;342;VILLAS DE SAN IGNACIO;2. Infancia (6 - 11 años);NO;86
1;01. NORTE;342;VILLAS DE SAN IGNACIO;3. Adolescencia (12 - 18 años);NO;96
1;01. NORTE;342;VILLAS DE SAN IGNACIO;4. Juventud (14 - 26 años);NO;117
1;01. NORTE;342;VILLAS DE SAN IGNACIO;5. Adultez (27- 59 años);NO;311
1;01. NORTE;342;VILLAS DE SAN IGNACIO;6. Persona Mayor 60 o mas;NO;78
1;01. NORTE;346;JARDINES DE ALTAGRACIA;1. Primera Infancia (0-5 años);NO;10
1;01. NORTE;346;JARDINES DE ALTAGRACIA;2. Infancia (6 - 11 años);NO;10
1;01. NORTE;346;JARDINES DE ALTAGRACIA;3. Adolescencia (12 - 18 años);NO;23
1;01. NORTE;346;JARDINES DE ALTAGRACIA;4. Juventud (14 - 26 años);NO;20
1;01. NORTE;346;JARDINES DE ALTAGRACIA;5. Adultez (27- 59 años);NO;60
1;01. NORTE;346;JARDINES DE ALTAGRACIA;6. Persona Mayor 60 o mas;NO;13
1;01. NORTE;348;PORTAL DE LOS ANGELES;1. Primera Infancia (0-5 años);NO;84
1;01. NORTE;348;PORTAL DE LOS ANGELES;2. Infancia (6 - 11 años);NO;70
1;01. NORTE;348;PORTAL DE LOS ANGELES;3. Adolescencia (12 - 18 años);NO;76
1;01. NORTE;348;PORTAL DE LOS ANGELES;4. Juventud (14 - 26 años);NO;115
1;01. NORTE;348;PORTAL DE LOS ANGELES;5. Adultez (27- 59 años);NO;303
1;01. NORTE;348;PORTAL DE LOS ANGELES;6. Persona Mayor 60 o mas;NO;54
1;01. NORTE;350;BETANIA ;1. Primera Infancia (0-5 años);NO;399
1;01. NORTE;350;BETANIA ;2. Infancia (6 - 11 años);NO;313
1;01. NORTE;350;BETANIA ;3. Adolescencia (12 - 18 años);NO;399
1;01. NORTE;350;BETANIA ;4. Juventud (14 - 26 años);NO;514
1;01. NORTE;350;BETANIA ;5. Adultez (27- 59 años);NO;1247
1;01. NORTE;350;BETANIA ;6. Persona Mayor 60 o mas;NO;282
1;01. NORTE;351;CAFE MADRID LA ESTACION;1. Primera Infancia (0-5 años);NO;93
1;01. NORTE;351;CAFE MADRID LA ESTACION;2. Infancia (6 - 11 años);NO;79
1;01. NORTE;351;CAFE MADRID LA ESTACION;3. Adolescencia (12 - 18 años);NO;133
1;01. NORTE;351;CAFE MADRID LA ESTACION;4. Juventud (14 - 26 años);NO;135
1;01. NORTE;351;CAFE MADRID LA ESTACION;5. Adultez (27- 59 años);NO;321
1;01. NORTE;351;CAFE MADRID LA ESTACION;6. Persona Mayor 60 o mas;NO;68
1;01. NORTE;354;MIRADOR DE COLORADOS;1. Primera Infancia (0-5 años);NO;23
1;01. NORTE;354;MIRADOR DE COLORADOS;2. Infancia (6 - 11 años);NO;18
1;01. NORTE;354;MIRADOR DE COLORADOS;3. Adolescencia (12 - 18 años);NO;19
1;01. NORTE;354;MIRADOR DE COLORADOS;4. Juventud (14 - 26 años);NO;30
1;01. NORTE;354;MIRADOR DE COLORADOS;5. Adultez (27- 59 años);NO;57
1;01. NORTE;354;MIRADOR DE COLORADOS;6. Persona Mayor 60 o mas;NO;16
1;01. NORTE;356;BAVARIA;1. Primera Infancia (0-5 años);NO;313
1;01. NORTE;356;BAVARIA;2. Infancia (6 - 11 años);NO;267
1;01. NORTE;356;BAVARIA;3. Adolescencia (12 - 18 años);NO;360
1;01. NORTE;356;BAVARIA;4. Juventud (14 - 26 años);NO;428
1;01. NORTE;356;BAVARIA;5. Adultez (27- 59 años);NO;1109
1;01. NORTE;356;BAVARIA;6. Persona Mayor 60 o mas;NO;260
1;01. NORTE;357;CAFE MADRID CORRALES;1. Primera Infancia (0-5 años);NO;7
1;01. NORTE;357;CAFE MADRID CORRALES;2. Infancia (6 - 11 años);NO;4
1;01. NORTE;357;CAFE MADRID CORRALES;3. Adolescencia (12 - 18 años);NO;6
1;01. NORTE;357;CAFE MADRID CORRALES;4. Juventud (14 - 26 años);NO;7
1;01. NORTE;357;CAFE MADRID CORRALES;5. Adultez (27- 59 años);NO;22
1;01. NORTE;357;CAFE MADRID CORRALES;6. Persona Mayor 60 o mas;NO;3
1;01. NORTE;359;GETSEMANI;1. Primera Infancia (0-5 años);NO;63
1;01. NORTE;359;GETSEMANI;2. Infancia (6 - 11 años);NO;58
1;01. NORTE;359;GETSEMANI;3. Adolescencia (12 - 18 años);NO;51
1;01. NORTE;359;GETSEMANI;4. Juventud (14 - 26 años);NO;72
1;01. NORTE;359;GETSEMANI;5. Adultez (27- 59 años);NO;191
1;01. NORTE;359;GETSEMANI;6. Persona Mayor 60 o mas;NO;50
1;01. NORTE;366;LOS CEDROS NORTE;1. Primera Infancia (0-5 años);NO;7
1;01. NORTE;366;LOS CEDROS NORTE;2. Infancia (6 - 11 años);NO;12
1;01. NORTE;366;LOS CEDROS NORTE;3. Adolescencia (12 - 18 años);NO;14
1;01. NORTE;366;LOS CEDROS NORTE;4. Juventud (14 - 26 años);NO;8
1;01. NORTE;366;LOS CEDROS NORTE;5. Adultez (27- 59 años);NO;36
1;01. NORTE;366;LOS CEDROS NORTE;6. Persona Mayor 60 o mas;NO;1
1;01. NORTE;370;CAMPO MADRID;1. Primera Infancia (0-5 años);SI;430
1;01. NORTE;370;CAMPO MADRID;2. Infancia (6 - 11 años);SI;433
1;01. NORTE;370;CAMPO MADRID;3. Adolescencia (12 - 18 años);SI;694
1;01. NORTE;370;CAMPO MADRID;4. Juventud (14 - 26 años);SI;603
1;01. NORTE;370;CAMPO MADRID;5. Adultez (27- 59 años);SI;1585
1;01. NORTE;370;CAMPO MADRID;6. Persona Mayor 60 o mas;SI;291
2;02. NORORIENTAL;44;VILLA HELENA I Y II;1. Primera Infancia (0-5 años);SI;285
2;02. NORORIENTAL;44;VILLA HELENA I Y II;2. Infancia (6 - 11 años);SI;267
2;02. NORORIENTAL;44;VILLA HELENA I Y II;3. Adolescencia (12 - 18 años);SI;297
2;02. NORORIENTAL;44;VILLA HELENA I Y II;4. Juventud (14 - 26 años);SI;359
2;02. NORORIENTAL;44;VILLA HELENA I Y II;5. Adultez (27- 59 años);SI;954
2;02. NORORIENTAL;44;VILLA HELENA I Y II;6. Persona Mayor 60 o mas;SI;282
2;02. NORORIENTAL;45;LOS ANGELES;1. Primera Infancia (0-5 años);SI;116
2;02. NORORIENTAL;45;LOS ANGELES;2. Infancia (6 - 11 años);SI;81
2;02. NORORIENTAL;45;LOS ANGELES;3. Adolescencia (12 - 18 años);SI;107
2;02. NORORIENTAL;45;LOS ANGELES;4. Juventud (14 - 26 años);SI;132
2;02. NORORIENTAL;45;LOS ANGELES;5. Adultez (27- 59 años);SI;453
2;02. NORORIENTAL;45;LOS ANGELES;6. Persona Mayor 60 o mas;SI;138
2;02. NORORIENTAL;51;LIZCANO I Y II;1. Primera Infancia (0-5 años);SI;64
2;02. NORORIENTAL;51;LIZCANO I Y II;2. Infancia (6 - 11 años);SI;55
2;02. NORORIENTAL;51;LIZCANO I Y II;3. Adolescencia (12 - 18 años);SI;76
2;02. NORORIENTAL;51;LIZCANO I Y II;4. Juventud (14 - 26 años);SI;82
2;02. NORORIENTAL;51;LIZCANO I Y II;5. Adultez (27- 59 años);SI;258
2;02. NORORIENTAL;51;LIZCANO I Y II;6. Persona Mayor 60 o mas;SI;74
2;02. NORORIENTAL;52;ESPERANZA II;1. Primera Infancia (0-5 años);SI;208
2;02. NORORIENTAL;52;ESPERANZA II;2. Infancia (6 - 11 años);SI;187
2;02. NORORIENTAL;52;ESPERANZA II;3. Adolescencia (12 - 18 años);SI;240
2;02. NORORIENTAL;52;ESPERANZA II;4. Juventud (14 - 26 años);SI;290
2;02. NORORIENTAL;52;ESPERANZA II;5. Adultez (27- 59 años);SI;829
2;02. NORORIENTAL;52;ESPERANZA II;6. Persona Mayor 60 o mas;SI;263
2;02. NORORIENTAL;53;ESPERANZA III;1. Primera Infancia (0-5 años);SI;121
2;02. NORORIENTAL;53;ESPERANZA III;2. Infancia (6 - 11 años);SI;104
2;02. NORORIENTAL;53;ESPERANZA III;3. Adolescencia (12 - 18 años);SI;146
2;02. NORORIENTAL;53;ESPERANZA III;4. Juventud (14 - 26 años);SI;143
2;02. NORORIENTAL;53;ESPERANZA III;5. Adultez (27- 59 años);SI;447
2;02. NORORIENTAL;53;ESPERANZA III;6. Persona Mayor 60 o mas;SI;140
2;02. NORORIENTAL;54;MIRADOR NORTE;1. Primera Infancia (0-5 años);SI;143
2;02. NORORIENTAL;54;MIRADOR NORTE;2. Infancia (6 - 11 años);SI;130
2;02. NORORIENTAL;54;MIRADOR NORTE;3. Adolescencia (12 - 18 años);SI;144
2;02. NORORIENTAL;54;MIRADOR NORTE;4. Juventud (14 - 26 años);SI;171
2;02. NORORIENTAL;54;MIRADOR NORTE;5. Adultez (27- 59 años);SI;418
2;02. NORORIENTAL;54;MIRADOR NORTE;6. Persona Mayor 60 o mas;SI;74
2;02. NORORIENTAL;57;BOSCONIA ;1. Primera Infancia (0-5 años);NO;1
2;02. NORORIENTAL;57;BOSCONIA ;2. Infancia (6 - 11 años);NO;2
2;02. NORORIENTAL;57;BOSCONIA ;3. Adolescencia (12 - 18 años);NO;1
2;02. NORORIENTAL;57;BOSCONIA ;5. Adultez (27- 59 años);NO;4
2;02. NORORIENTAL;57;BOSCONIA ;6. Persona Mayor 60 o mas;NO;2
2;02. NORORIENTAL;58;13 DE JUNIO;3. Adolescencia (12 - 18 años);NO;3
2;02. NORORIENTAL;58;13 DE JUNIO;4. Juventud (14 - 26 años);NO;1
2;02. NORORIENTAL;58;13 DE JUNIO;5. Adultez (27- 59 años);NO;1
2;02. NORORIENTAL;59;LA GRANJITA;1. Primera Infancia (0-5 años);NO;32
2;02. NORORIENTAL;59;LA GRANJITA;2. Infancia (6 - 11 años);NO;22
2;02. NORORIENTAL;59;LA GRANJITA;3. Adolescencia (12 - 18 años);NO;35
2;02. NORORIENTAL;59;LA GRANJITA;4. Juventud (14 - 26 años);NO;35
2;02. NORORIENTAL;59;LA GRANJITA;5. Adultez (27- 59 años);NO;87
2;02. NORORIENTAL;59;LA GRANJITA;6. Persona Mayor 60 o mas;NO;18
2;02. NORORIENTAL;61;REGADERO NORTE;1. Primera Infancia (0-5 años);SI;165
2;02. NORORIENTAL;61;REGADERO NORTE;2. Infancia (6 - 11 años);SI;131
2;02. NORORIENTAL;61;REGADERO NORTE;3. Adolescencia (12 - 18 años);SI;167
2;02. NORORIENTAL;61;REGADERO NORTE;4. Juventud (14 - 26 años);SI;217
2;02. NORORIENTAL;61;REGADERO NORTE;5. Adultez (27- 59 años);SI;721
2;02. NORORIENTAL;61;REGADERO NORTE;6. Persona Mayor 60 o mas;SI;222
2;02. NORORIENTAL;62;PRIMAVERAL REGADERO;1. Primera Infancia (0-5 años);SI;7
2;02. NORORIENTAL;62;PRIMAVERAL REGADERO;2. Infancia (6 - 11 años);SI;17
2;02. NORORIENTAL;62;PRIMAVERAL REGADERO;3. Adolescencia (12 - 18 años);SI;12
2;02. NORORIENTAL;62;PRIMAVERAL REGADERO;4. Juventud (14 - 26 años);SI;29
2;02. NORORIENTAL;62;PRIMAVERAL REGADERO;5. Adultez (27- 59 años);SI;76
2;02. NORORIENTAL;62;PRIMAVERAL REGADERO;6. Persona Mayor 60 o mas;SI;19
2;02. NORORIENTAL;64;LA JUVENTUD;1. Primera Infancia (0-5 años);SI;139
2;02. NORORIENTAL;64;LA JUVENTUD;2. Infancia (6 - 11 años);SI;101
2;02. NORORIENTAL;64;LA JUVENTUD;3. Adolescencia (12 - 18 años);SI;162
2;02. NORORIENTAL;64;LA JUVENTUD;4. Juventud (14 - 26 años);SI;203
2;02. NORORIENTAL;64;LA JUVENTUD;5. Adultez (27- 59 años);SI;577
2;02. NORORIENTAL;64;LA JUVENTUD;6. Persona Mayor 60 o mas;SI;189
2;02. NORORIENTAL;65;ESPERANZA I;1. Primera Infancia (0-5 años);SI;164
2;02. NORORIENTAL;65;ESPERANZA I;2. Infancia (6 - 11 años);SI;126
2;02. NORORIENTAL;65;ESPERANZA I;3. Adolescencia (12 - 18 años);SI;162
2;02. NORORIENTAL;65;ESPERANZA I;4. Juventud (14 - 26 años);SI;206
2;02. NORORIENTAL;65;ESPERANZA I;5. Adultez (27- 59 años);SI;586
2;02. NORORIENTAL;65;ESPERANZA I;6. Persona Mayor 60 o mas;SI;178
2;02. NORORIENTAL;66;SAN CRISTOBAL;1. Primera Infancia (0-5 años);SI;78
2;02. NORORIENTAL;66;SAN CRISTOBAL;2. Infancia (6 - 11 años);SI;61
2;02. NORORIENTAL;66;SAN CRISTOBAL;3. Adolescencia (12 - 18 años);SI;87
2;02. NORORIENTAL;66;SAN CRISTOBAL;4. Juventud (14 - 26 años);SI;97
2;02. NORORIENTAL;66;SAN CRISTOBAL;5. Adultez (27- 59 años);SI;370
2;02. NORORIENTAL;66;SAN CRISTOBAL;6. Persona Mayor 60 o mas;SI;134
2;02. NORORIENTAL;67;TRANSICION I AL V;1. Primera Infancia (0-5 años);SI;645
2;02. NORORIENTAL;67;TRANSICION I AL V;2. Infancia (6 - 11 años);SI;562
2;02. NORORIENTAL;67;TRANSICION I AL V;3. Adolescencia (12 - 18 años);SI;654
2;02. NORORIENTAL;67;TRANSICION I AL V;4. Juventud (14 - 26 años);SI;750
2;02. NORORIENTAL;67;TRANSICION I AL V;5. Adultez (27- 59 años);SI;2179
2;02. NORORIENTAL;67;TRANSICION I AL V;6. Persona Mayor 60 o mas;SI;590
2;02. NORORIENTAL;68;NUEVA COLOMBIA;1. Primera Infancia (0-5 años);NO;44
2;02. NORORIENTAL;68;NUEVA COLOMBIA;2. Infancia (6 - 11 años);NO;46
2;02. NORORIENTAL;68;NUEVA COLOMBIA;3. Adolescencia (12 - 18 años);NO;47
2;02. NORORIENTAL;68;NUEVA COLOMBIA;4. Juventud (14 - 26 años);NO;68
2;02. NORORIENTAL;68;NUEVA COLOMBIA;5. Adultez (27- 59 años);NO;166
2;02. NORORIENTAL;68;NUEVA COLOMBIA;6. Persona Mayor 60 o mas;NO;33
2;02. NORORIENTAL;69;VILLA MERCEDES;1. Primera Infancia (0-5 años);SI;271
2;02. NORORIENTAL;69;VILLA MERCEDES;2. Infancia (6 - 11 años);SI;230
2;02. NORORIENTAL;69;VILLA MERCEDES;3. Adolescencia (12 - 18 años);SI;282
2;02. NORORIENTAL;69;VILLA MERCEDES;4. Juventud (14 - 26 años);SI;292
2;02. NORORIENTAL;69;VILLA MERCEDES;5. Adultez (27- 59 años);SI;912
2;02. NORORIENTAL;69;VILLA MERCEDES;6. Persona Mayor 60 o mas;SI;186
2;02. NORORIENTAL;70;OLITAS;1. Primera Infancia (0-5 años);NO;38
2;02. NORORIENTAL;70;OLITAS;2. Infancia (6 - 11 años);NO;27
2;02. NORORIENTAL;70;OLITAS;3. Adolescencia (12 - 18 años);NO;44
2;02. NORORIENTAL;70;OLITAS;4. Juventud (14 - 26 años);NO;46
2;02. NORORIENTAL;70;OLITAS;5. Adultez (27- 59 años);NO;153
2;02. NORORIENTAL;70;OLITAS;6. Persona Mayor 60 o mas;NO;53
2;02. NORORIENTAL;71;BOSQUE NORTE ;1. Primera Infancia (0-5 años);SI;166
2;02. NORORIENTAL;71;BOSQUE NORTE ;2. Infancia (6 - 11 años);SI;127
2;02. NORORIENTAL;71;BOSQUE NORTE ;3. Adolescencia (12 - 18 años);SI;155
2;02. NORORIENTAL;71;BOSQUE NORTE ;4. Juventud (14 - 26 años);SI;198
2;02. NORORIENTAL;71;BOSQUE NORTE ;5. Adultez (27- 59 años);SI;516
2;02. NORORIENTAL;71;BOSQUE NORTE ;6. Persona Mayor 60 o mas;SI;141
2;02. NORORIENTAL;72;LA INDEPENDENCIA;1. Primera Infancia (0-5 años);SI;356
2;02. NORORIENTAL;72;LA INDEPENDENCIA;2. Infancia (6 - 11 años);SI;342
2;02. NORORIENTAL;72;LA INDEPENDENCIA;3. Adolescencia (12 - 18 años);SI;438
2;02. NORORIENTAL;72;LA INDEPENDENCIA;4. Juventud (14 - 26 años);SI;536
2;02. NORORIENTAL;72;LA INDEPENDENCIA;5. Adultez (27- 59 años);SI;1572
2;02. NORORIENTAL;72;LA INDEPENDENCIA;6. Persona Mayor 60 o mas;SI;427
2;02. NORORIENTAL;271;MONEQUE;1. Primera Infancia (0-5 años);NO;4
2;02. NORORIENTAL;271;MONEQUE;2. Infancia (6 - 11 años);NO;7
2;02. NORORIENTAL;271;MONEQUE;3. Adolescencia (12 - 18 años);NO;13
2;02. NORORIENTAL;271;MONEQUE;4. Juventud (14 - 26 años);NO;12
2;02. NORORIENTAL;271;MONEQUE;5. Adultez (27- 59 años);NO;26
2;02. NORORIENTAL;271;MONEQUE;6. Persona Mayor 60 o mas;NO;18
3;03. SAN FRANCISCO;21;MIRADOR DE LA UIS;1. Primera Infancia (0-5 años);NO;1
3;03. SAN FRANCISCO;21;MIRADOR DE LA UIS;4. Juventud (14 - 26 años);NO;1
3;03. SAN FRANCISCO;74;NORTE BAJO;1. Primera Infancia (0-5 años);SI;56
3;03. SAN FRANCISCO;74;NORTE BAJO;2. Infancia (6 - 11 años);SI;40
3;03. SAN FRANCISCO;74;NORTE BAJO;3. Adolescencia (12 - 18 años);SI;56
3;03. SAN FRANCISCO;74;NORTE BAJO;4. Juventud (14 - 26 años);SI;88
3;03. SAN FRANCISCO;74;NORTE BAJO;5. Adultez (27- 59 años);SI;237
3;03. SAN FRANCISCO;74;NORTE BAJO;6. Persona Mayor 60 o mas;SI;109
3;03. SAN FRANCISCO;75;SAN RAFAEL;1. Primera Infancia (0-5 años);SI;173
3;03. SAN FRANCISCO;75;SAN RAFAEL;2. Infancia (6 - 11 años);SI;171
3;03. SAN FRANCISCO;75;SAN RAFAEL;3. Adolescencia (12 - 18 años);SI;221
3;03. SAN FRANCISCO;75;SAN RAFAEL;4. Juventud (14 - 26 años);SI;258
3;03. SAN FRANCISCO;75;SAN RAFAEL;5. Adultez (27- 59 años);SI;945
3;03. SAN FRANCISCO;75;SAN RAFAEL;6. Persona Mayor 60 o mas;SI;336
3;03. SAN FRANCISCO;76;CHAPINERO;1. Primera Infancia (0-5 años);SI;81
3;03. SAN FRANCISCO;76;CHAPINERO;2. Infancia (6 - 11 años);SI;74
3;03. SAN FRANCISCO;76;CHAPINERO;3. Adolescencia (12 - 18 años);SI;94
3;03. SAN FRANCISCO;76;CHAPINERO;4. Juventud (14 - 26 años);SI;112
3;03. SAN FRANCISCO;76;CHAPINERO;5. Adultez (27- 59 años);SI;422
3;03. SAN FRANCISCO;76;CHAPINERO;6. Persona Mayor 60 o mas;SI;149
3;03. SAN FRANCISCO;95;COMUNEROS;1. Primera Infancia (0-5 años);SI;345
3;03. SAN FRANCISCO;95;COMUNEROS;2. Infancia (6 - 11 años);SI;321
3;03. SAN FRANCISCO;95;COMUNEROS;3. Adolescencia (12 - 18 años);SI;479
3;03. SAN FRANCISCO;95;COMUNEROS;4. Juventud (14 - 26 años);SI;634
3;03. SAN FRANCISCO;95;COMUNEROS;5. Adultez (27- 59 años);SI;2079
3;03. SAN FRANCISCO;95;COMUNEROS;6. Persona Mayor 60 o mas;SI;793
3;03. SAN FRANCISCO;96;MODELO;1. Primera Infancia (0-5 años);SI;48
3;03. SAN FRANCISCO;96;MODELO;2. Infancia (6 - 11 años);SI;64
3;03. SAN FRANCISCO;96;MODELO;3. Adolescencia (12 - 18 años);SI;75
3;03. SAN FRANCISCO;96;MODELO;4. Juventud (14 - 26 años);SI;94
3;03. SAN FRANCISCO;96;MODELO;5. Adultez (27- 59 años);SI;337
3;03. SAN FRANCISCO;96;MODELO;6. Persona Mayor 60 o mas;SI;110
3;03. SAN FRANCISCO;97;MUTUALIDAD;1. Primera Infancia (0-5 años);SI;74
3;03. SAN FRANCISCO;97;MUTUALIDAD;2. Infancia (6 - 11 años);SI;84
3;03. SAN FRANCISCO;97;MUTUALIDAD;3. Adolescencia (12 - 18 años);SI;121
3;03. SAN FRANCISCO;97;MUTUALIDAD;4. Juventud (14 - 26 años);SI;166
3;03. SAN FRANCISCO;97;MUTUALIDAD;5. Adultez (27- 59 años);SI;579
3;03. SAN FRANCISCO;97;MUTUALIDAD;6. Persona Mayor 60 o mas;SI;228
3;03. SAN FRANCISCO;98;SAN FRANCISCO;1. Primera Infancia (0-5 años);NO;144
3;03. SAN FRANCISCO;98;SAN FRANCISCO;2. Infancia (6 - 11 años);NO;139
3;03. SAN FRANCISCO;98;SAN FRANCISCO;3. Adolescencia (12 - 18 años);NO;173
3;03. SAN FRANCISCO;98;SAN FRANCISCO;4. Juventud (14 - 26 años);NO;241
3;03. SAN FRANCISCO;98;SAN FRANCISCO;5. Adultez (27- 59 años);NO;900
3;03. SAN FRANCISCO;98;SAN FRANCISCO;6. Persona Mayor 60 o mas;NO;458
3;03. SAN FRANCISCO;99;ALARCON;1. Primera Infancia (0-5 años);SI;18
3;03. SAN FRANCISCO;99;ALARCON;2. Infancia (6 - 11 años);SI;13
3;03. SAN FRANCISCO;99;ALARCON;3. Adolescencia (12 - 18 años);SI;18
3;03. SAN FRANCISCO;99;ALARCON;4. Juventud (14 - 26 años);SI;40
3;03. SAN FRANCISCO;99;ALARCON;5. Adultez (27- 59 años);SI;94
3;03. SAN FRANCISCO;99;ALARCON;6. Persona Mayor 60 o mas;SI;42
3;03. SAN FRANCISCO;101;UNIVERSIDAD;1. Primera Infancia (0-5 años);NO;9
3;03. SAN FRANCISCO;101;UNIVERSIDAD;2. Infancia (6 - 11 años);NO;10
3;03. SAN FRANCISCO;101;UNIVERSIDAD;3. Adolescencia (12 - 18 años);NO;10
3;03. SAN FRANCISCO;101;UNIVERSIDAD;4. Juventud (14 - 26 años);NO;26
3;03. SAN FRANCISCO;101;UNIVERSIDAD;5. Adultez (27- 59 años);NO;54
3;03. SAN FRANCISCO;101;UNIVERSIDAD;6. Persona Mayor 60 o mas;NO;21
3;03. SAN FRANCISCO;113;PUERTO RICO;1. Primera Infancia (0-5 años);SI;20
3;03. SAN FRANCISCO;113;PUERTO RICO;2. Infancia (6 - 11 años);SI;14
3;03. SAN FRANCISCO;113;PUERTO RICO;3. Adolescencia (12 - 18 años);SI;14
3;03. SAN FRANCISCO;113;PUERTO RICO;4. Juventud (14 - 26 años);SI;27
3;03. SAN FRANCISCO;113;PUERTO RICO;5. Adultez (27- 59 años);SI;67
3;03. SAN FRANCISCO;113;PUERTO RICO;6. Persona Mayor 60 o mas;SI;10
4;04. OCCIDENTAL;77;GAITAN;1. Primera Infancia (0-5 años);SI;322
4;04. OCCIDENTAL;77;GAITAN;2. Infancia (6 - 11 años);SI;277
4;04. OCCIDENTAL;77;GAITAN;3. Adolescencia (12 - 18 años);SI;372
4;04. OCCIDENTAL;77;GAITAN;4. Juventud (14 - 26 años);SI;460
4;04. OCCIDENTAL;77;GAITAN;5. Adultez (27- 59 años);SI;1666
4;04. OCCIDENTAL;77;GAITAN;6. Persona Mayor 60 o mas;SI;628
4;04. OCCIDENTAL;78;GRANADA;1. Primera Infancia (0-5 años);SI;58
4;04. OCCIDENTAL;78;GRANADA;2. Infancia (6 - 11 años);SI;55
4;04. OCCIDENTAL;78;GRANADA;3. Adolescencia (12 - 18 años);SI;66
4;04. OCCIDENTAL;78;GRANADA;4. Juventud (14 - 26 años);SI;78
4;04. OCCIDENTAL;78;GRANADA;5. Adultez (27- 59 años);SI;332
4;04. OCCIDENTAL;78;GRANADA;6. Persona Mayor 60 o mas;SI;138
4;04. OCCIDENTAL;79;LA FERIA;1. Primera Infancia (0-5 años);SI;73
4;04. OCCIDENTAL;79;LA FERIA;2. Infancia (6 - 11 años);SI;56
4;04. OCCIDENTAL;79;LA FERIA;3. Adolescencia (12 - 18 años);SI;72
4;04. OCCIDENTAL;79;LA FERIA;4. Juventud (14 - 26 años);SI;100
4;04. OCCIDENTAL;79;LA FERIA;5. Adultez (27- 59 años);SI;277
4;04. OCCIDENTAL;79;LA FERIA;6. Persona Mayor 60 o mas;SI;80
4;04. OCCIDENTAL;80;NAPOLES;1. Primera Infancia (0-5 años);SI;81
4;04. OCCIDENTAL;80;NAPOLES;2. Infancia (6 - 11 años);SI;73
4;04. OCCIDENTAL;80;NAPOLES;3. Adolescencia (12 - 18 años);SI;118
4;04. OCCIDENTAL;80;NAPOLES;4. Juventud (14 - 26 años);SI;121
4;04. OCCIDENTAL;80;NAPOLES;5. Adultez (27- 59 años);SI;399
4;04. OCCIDENTAL;80;NAPOLES;6. Persona Mayor 60 o mas;SI;111
4;04. OCCIDENTAL;82;GIRARDOT;1. Primera Infancia (0-5 años);SI;478
4;04. OCCIDENTAL;82;GIRARDOT;2. Infancia (6 - 11 años);SI;410
4;04. OCCIDENTAL;82;GIRARDOT;3. Adolescencia (12 - 18 años);SI;545
4;04. OCCIDENTAL;82;GIRARDOT;4. Juventud (14 - 26 años);SI;681
4;04. OCCIDENTAL;82;GIRARDOT;5. Adultez (27- 59 años);SI;2285
4;04. OCCIDENTAL;82;GIRARDOT;6. Persona Mayor 60 o mas;SI;791
4;04. OCCIDENTAL;83;ZARABANDA;1. Primera Infancia (0-5 años);SI;65
4;04. OCCIDENTAL;83;ZARABANDA;2. Infancia (6 - 11 años);SI;64
4;04. OCCIDENTAL;83;ZARABANDA;3. Adolescencia (12 - 18 años);SI;54
4;04. OCCIDENTAL;83;ZARABANDA;4. Juventud (14 - 26 años);SI;64
4;04. OCCIDENTAL;83;ZARABANDA;5. Adultez (27- 59 años);SI;215
4;04. OCCIDENTAL;83;ZARABANDA;6. Persona Mayor 60 o mas;SI;35
4;04. OCCIDENTAL;84;CUYANITA;1. Primera Infancia (0-5 años);NO;102
4;04. OCCIDENTAL;84;CUYANITA;2. Infancia (6 - 11 años);NO;76
4;04. OCCIDENTAL;84;CUYANITA;3. Adolescencia (12 - 18 años);NO;116
4;04. OCCIDENTAL;84;CUYANITA;4. Juventud (14 - 26 años);NO;95
4;04. OCCIDENTAL;84;CUYANITA;5. Adultez (27- 59 años);NO;287
4;04. OCCIDENTAL;84;CUYANITA;6. Persona Mayor 60 o mas;NO;48
4;04. OCCIDENTAL;85;CAMILO TORRES;1. Primera Infancia (0-5 años);SI;75
4;04. OCCIDENTAL;85;CAMILO TORRES;2. Infancia (6 - 11 años);SI;67
4;04. OCCIDENTAL;85;CAMILO TORRES;3. Adolescencia (12 - 18 años);SI;72
4;04. OCCIDENTAL;85;CAMILO TORRES;4. Juventud (14 - 26 años);SI;121
4;04. OCCIDENTAL;85;CAMILO TORRES;5. Adultez (27- 59 años);SI;283
4;04. OCCIDENTAL;85;CAMILO TORRES;6. Persona Mayor 60 o mas;SI;59
4;04. OCCIDENTAL;86;SANTANDER;1. Primera Infancia (0-5 años);SI;128
4;04. OCCIDENTAL;86;SANTANDER;2. Infancia (6 - 11 años);SI;133
4;04. OCCIDENTAL;86;SANTANDER;3. Adolescencia (12 - 18 años);SI;192
4;04. OCCIDENTAL;86;SANTANDER;4. Juventud (14 - 26 años);SI;240
4;04. OCCIDENTAL;86;SANTANDER;5. Adultez (27- 59 años);SI;907
4;04. OCCIDENTAL;86;SANTANDER;6. Persona Mayor 60 o mas;SI;399
4;04. OCCIDENTAL;87;DON BOSCO;1. Primera Infancia (0-5 años);SI;79
4;04. OCCIDENTAL;87;DON BOSCO;2. Infancia (6 - 11 años);SI;92
4;04. OCCIDENTAL;87;DON BOSCO;3. Adolescencia (12 - 18 años);SI;99
4;04. OCCIDENTAL;87;DON BOSCO;4. Juventud (14 - 26 años);SI;110
4;04. OCCIDENTAL;87;DON BOSCO;5. Adultez (27- 59 años);SI;450
4;04. OCCIDENTAL;87;DON BOSCO;6. Persona Mayor 60 o mas;SI;155
4;04. OCCIDENTAL;89;NAPOLES CURTIEMBRE;1. Primera Infancia (0-5 años);NO;53
4;04. OCCIDENTAL;89;NAPOLES CURTIEMBRE;2. Infancia (6 - 11 años);NO;45
4;04. OCCIDENTAL;89;NAPOLES CURTIEMBRE;3. Adolescencia (12 - 18 años);NO;71
4;04. OCCIDENTAL;89;NAPOLES CURTIEMBRE;4. Juventud (14 - 26 años);NO;65
4;04. OCCIDENTAL;89;NAPOLES CURTIEMBRE;5. Adultez (27- 59 años);NO;181
4;04. OCCIDENTAL;89;NAPOLES CURTIEMBRE;6. Persona Mayor 60 o mas;NO;17
4;04. OCCIDENTAL;90;LA GLORIA;1. Primera Infancia (0-5 años);SI;102
4;04. OCCIDENTAL;90;LA GLORIA;2. Infancia (6 - 11 años);SI;83
4;04. OCCIDENTAL;90;LA GLORIA;3. Adolescencia (12 - 18 años);SI;95
4;04. OCCIDENTAL;90;LA GLORIA;4. Juventud (14 - 26 años);SI;127
4;04. OCCIDENTAL;90;LA GLORIA;5. Adultez (27- 59 años);SI;373
4;04. OCCIDENTAL;90;LA GLORIA;6. Persona Mayor 60 o mas;SI;108
4;04. OCCIDENTAL;92;NARIÑO;1. Primera Infancia (0-5 años);SI;180
4;04. OCCIDENTAL;92;NARIÑO;2. Infancia (6 - 11 años);SI;167
4;04. OCCIDENTAL;92;NARIÑO;3. Adolescencia (12 - 18 años);SI;184
4;04. OCCIDENTAL;92;NARIÑO;4. Juventud (14 - 26 años);SI;270
4;04. OCCIDENTAL;92;NARIÑO;5. Adultez (27- 59 años);SI;813
4;04. OCCIDENTAL;92;NARIÑO;6. Persona Mayor 60 o mas;SI;283
4;04. OCCIDENTAL;93;PIO XII;1. Primera Infancia (0-5 años);SI;27
4;04. OCCIDENTAL;93;PIO XII;2. Infancia (6 - 11 años);SI;27
4;04. OCCIDENTAL;93;PIO XII;3. Adolescencia (12 - 18 años);SI;25
4;04. OCCIDENTAL;93;PIO XII;4. Juventud (14 - 26 años);SI;38
4;04. OCCIDENTAL;93;PIO XII;5. Adultez (27- 59 años);SI;133
4;04. OCCIDENTAL;93;PIO XII;6. Persona Mayor 60 o mas;SI;49
4;04. OCCIDENTAL;278;12 DE OCTUBRE;1. Primera Infancia (0-5 años);SI;135
4;04. OCCIDENTAL;278;12 DE OCTUBRE;2. Infancia (6 - 11 años);SI;108
4;04. OCCIDENTAL;278;12 DE OCTUBRE;3. Adolescencia (12 - 18 años);SI;135
4;04. OCCIDENTAL;278;12 DE OCTUBRE;4. Juventud (14 - 26 años);SI;157
4;04. OCCIDENTAL;278;12 DE OCTUBRE;5. Adultez (27- 59 años);SI;535
4;04. OCCIDENTAL;278;12 DE OCTUBRE;6. Persona Mayor 60 o mas;SI;160
4;04. OCCIDENTAL;279;DIVINO NIÑO CENTRO ;1. Primera Infancia (0-5 años);SI;61
4;04. OCCIDENTAL;279;DIVINO NIÑO CENTRO ;2. Infancia (6 - 11 años);SI;46
4;04. OCCIDENTAL;279;DIVINO NIÑO CENTRO ;3. Adolescencia (12 - 18 años);SI;76
4;04. OCCIDENTAL;279;DIVINO NIÑO CENTRO ;4. Juventud (14 - 26 años);SI;77
4;04. OCCIDENTAL;279;DIVINO NIÑO CENTRO ;5. Adultez (27- 59 años);SI;181
4;04. OCCIDENTAL;279;DIVINO NIÑO CENTRO ;6. Persona Mayor 60 o mas;SI;42
4;04. OCCIDENTAL;307;MILAGRO DE DIOS;1. Primera Infancia (0-5 años);NO;93
4;04. OCCIDENTAL;307;MILAGRO DE DIOS;2. Infancia (6 - 11 años);NO;81
4;04. OCCIDENTAL;307;MILAGRO DE DIOS;3. Adolescencia (12 - 18 años);NO;98
4;04. OCCIDENTAL;307;MILAGRO DE DIOS;4. Juventud (14 - 26 años);NO;133
4;04. OCCIDENTAL;307;MILAGRO DE DIOS;5. Adultez (27- 59 años);NO;351
4;04. OCCIDENTAL;307;MILAGRO DE DIOS;6. Persona Mayor 60 o mas;NO;52
4;04. OCCIDENTAL;325;MARIA AUXILIADORA;1. Primera Infancia (0-5 años);NO;11
4;04. OCCIDENTAL;325;MARIA AUXILIADORA;2. Infancia (6 - 11 años);NO;11
4;04. OCCIDENTAL;325;MARIA AUXILIADORA;3. Adolescencia (12 - 18 años);NO;10
4;04. OCCIDENTAL;325;MARIA AUXILIADORA;4. Juventud (14 - 26 años);NO;19
4;04. OCCIDENTAL;325;MARIA AUXILIADORA;5. Adultez (27- 59 años);NO;60
4;04. OCCIDENTAL;325;MARIA AUXILIADORA;6. Persona Mayor 60 o mas;NO;14
4;04. OCCIDENTAL;333;23 DE JUNIO;1. Primera Infancia (0-5 años);SI;55
4;04. OCCIDENTAL;333;23 DE JUNIO;2. Infancia (6 - 11 años);SI;37
4;04. OCCIDENTAL;333;23 DE JUNIO;3. Adolescencia (12 - 18 años);SI;55
4;04. OCCIDENTAL;333;23 DE JUNIO;4. Juventud (14 - 26 años);SI;81
4;04. OCCIDENTAL;333;23 DE JUNIO;5. Adultez (27- 59 años);SI;262
4;04. OCCIDENTAL;333;23 DE JUNIO;6. Persona Mayor 60 o mas;SI;106
4;04. OCCIDENTAL;345;PASEO DE LA FERIA;1. Primera Infancia (0-5 años);NO;100
4;04. OCCIDENTAL;345;PASEO DE LA FERIA;2. Infancia (6 - 11 años);NO;118
4;04. OCCIDENTAL;345;PASEO DE LA FERIA;3. Adolescencia (12 - 18 años);NO;166
4;04. OCCIDENTAL;345;PASEO DE LA FERIA;4. Juventud (14 - 26 años);NO;204
4;04. OCCIDENTAL;345;PASEO DE LA FERIA;5. Adultez (27- 59 años);NO;647
4;04. OCCIDENTAL;345;PASEO DE LA FERIA;6. Persona Mayor 60 o mas;NO;117
4;04. OCCIDENTAL;365;VILLAS DE GIRARDOT;1. Primera Infancia (0-5 años);SI;309
4;04. OCCIDENTAL;365;VILLAS DE GIRARDOT;2. Infancia (6 - 11 años);SI;238
4;04. OCCIDENTAL;365;VILLAS DE GIRARDOT;3. Adolescencia (12 - 18 años);SI;269
4;04. OCCIDENTAL;365;VILLAS DE GIRARDOT;4. Juventud (14 - 26 años);SI;288
4;04. OCCIDENTAL;365;VILLAS DE GIRARDOT;5. Adultez (27- 59 años);SI;822
4;04. OCCIDENTAL;365;VILLAS DE GIRARDOT;6. Persona Mayor 60 o mas;SI;123
5;05. GARCIA ROVIRA;17;RINCON DE LA PAZ;1. Primera Infancia (0-5 años);SI;129
5;05. GARCIA ROVIRA;17;RINCON DE LA PAZ;2. Infancia (6 - 11 años);SI;108
5;05. GARCIA ROVIRA;17;RINCON DE LA PAZ;3. Adolescencia (12 - 18 años);SI;117
5;05. GARCIA ROVIRA;17;RINCON DE LA PAZ;4. Juventud (14 - 26 años);SI;157
5;05. GARCIA ROVIRA;17;RINCON DE LA PAZ;5. Adultez (27- 59 años);SI;353
5;05. GARCIA ROVIRA;17;RINCON DE LA PAZ;6. Persona Mayor 60 o mas;SI;82
5;05. GARCIA ROVIRA;142;ALFONSO LOPEZ;1. Primera Infancia (0-5 años);NO;279
5;05. GARCIA ROVIRA;142;ALFONSO LOPEZ;2. Infancia (6 - 11 años);NO;268
5;05. GARCIA ROVIRA;142;ALFONSO LOPEZ;3. Adolescencia (12 - 18 años);NO;321
5;05. GARCIA ROVIRA;142;ALFONSO LOPEZ;4. Juventud (14 - 26 años);NO;430
5;05. GARCIA ROVIRA;142;ALFONSO LOPEZ;5. Adultez (27- 59 años);NO;1457
5;05. GARCIA ROVIRA;142;ALFONSO LOPEZ;6. Persona Mayor 60 o mas;NO;585
5;05. GARCIA ROVIRA;143;LA JOYA;1. Primera Infancia (0-5 años);NO;149
5;05. GARCIA ROVIRA;143;LA JOYA;2. Infancia (6 - 11 años);NO;141
5;05. GARCIA ROVIRA;143;LA JOYA;3. Adolescencia (12 - 18 años);NO;186
5;05. GARCIA ROVIRA;143;LA JOYA;4. Juventud (14 - 26 años);NO;235
5;05. GARCIA ROVIRA;143;LA JOYA;5. Adultez (27- 59 años);NO;910
5;05. GARCIA ROVIRA;143;LA JOYA;6. Persona Mayor 60 o mas;NO;405
5;05. GARCIA ROVIRA;144;CHORRERAS DE DON JUAN;1. Primera Infancia (0-5 años);NO;45
5;05. GARCIA ROVIRA;144;CHORRERAS DE DON JUAN;2. Infancia (6 - 11 años);NO;44
5;05. GARCIA ROVIRA;144;CHORRERAS DE DON JUAN;3. Adolescencia (12 - 18 años);NO;46
5;05. GARCIA ROVIRA;144;CHORRERAS DE DON JUAN;4. Juventud (14 - 26 años);NO;82
5;05. GARCIA ROVIRA;144;CHORRERAS DE DON JUAN;5. Adultez (27- 59 años);NO;298
5;05. GARCIA ROVIRA;144;CHORRERAS DE DON JUAN;6. Persona Mayor 60 o mas;NO;145
5;05. GARCIA ROVIRA;145;CAMPO HERMOSO;1. Primera Infancia (0-5 años);NO;655
5;05. GARCIA ROVIRA;145;CAMPO HERMOSO;2. Infancia (6 - 11 años);NO;545
5;05. GARCIA ROVIRA;145;CAMPO HERMOSO;3. Adolescencia (12 - 18 años);NO;643
5;05. GARCIA ROVIRA;145;CAMPO HERMOSO;4. Juventud (14 - 26 años);NO;873
5;05. GARCIA ROVIRA;145;CAMPO HERMOSO;5. Adultez (27- 59 años);NO;3050
5;05. GARCIA ROVIRA;145;CAMPO HERMOSO;6. Persona Mayor 60 o mas;NO;1110
5;05. GARCIA ROVIRA;146;LA ESMERALDA;1. Primera Infancia (0-5 años);NO;27
5;05. GARCIA ROVIRA;146;LA ESMERALDA;2. Infancia (6 - 11 años);NO;30
5;05. GARCIA ROVIRA;146;LA ESMERALDA;3. Adolescencia (12 - 18 años);NO;46
5;05. GARCIA ROVIRA;146;LA ESMERALDA;4. Juventud (14 - 26 años);NO;31
5;05. GARCIA ROVIRA;146;LA ESMERALDA;5. Adultez (27- 59 años);NO;153
5;05. GARCIA ROVIRA;146;LA ESMERALDA;6. Persona Mayor 60 o mas;NO;47
5;05. GARCIA ROVIRA;150;VILLAS DEL ROMERO;5. Adultez (27- 59 años);NO;1
5;05. GARCIA ROVIRA;151;LA ESTRELLA;4. Juventud (14 - 26 años);NO;2
5;05. GARCIA ROVIRA;151;LA ESTRELLA;6. Persona Mayor 60 o mas;NO;1
5;05. GARCIA ROVIRA;152;QUINTA ESTRELLA;1. Primera Infancia (0-5 años);NO;52
5;05. GARCIA ROVIRA;152;QUINTA ESTRELLA;2. Infancia (6 - 11 años);NO;50
5;05. GARCIA ROVIRA;152;QUINTA ESTRELLA;3. Adolescencia (12 - 18 años);NO;52
5;05. GARCIA ROVIRA;152;QUINTA ESTRELLA;4. Juventud (14 - 26 años);NO;78
5;05. GARCIA ROVIRA;152;QUINTA ESTRELLA;5. Adultez (27- 59 años);NO;236
5;05. GARCIA ROVIRA;152;QUINTA ESTRELLA;6. Persona Mayor 60 o mas;NO;86
5;05. GARCIA ROVIRA;153;EL PANTANO I;1. Primera Infancia (0-5 años);NO;26
5;05. GARCIA ROVIRA;153;EL PANTANO I;2. Infancia (6 - 11 años);NO;32
5;05. GARCIA ROVIRA;153;EL PANTANO I;3. Adolescencia (12 - 18 años);NO;31
5;05. GARCIA ROVIRA;153;EL PANTANO I;4. Juventud (14 - 26 años);NO;42
5;05. GARCIA ROVIRA;153;EL PANTANO I;5. Adultez (27- 59 años);NO;123
5;05. GARCIA ROVIRA;153;EL PANTANO I;6. Persona Mayor 60 o mas;NO;24
5;05. GARCIA ROVIRA;154;EL PANTANO II;1. Primera Infancia (0-5 años);NO;49
5;05. GARCIA ROVIRA;154;EL PANTANO II;2. Infancia (6 - 11 años);NO;51
5;05. GARCIA ROVIRA;154;EL PANTANO II;3. Adolescencia (12 - 18 años);NO;82
5;05. GARCIA ROVIRA;154;EL PANTANO II;4. Juventud (14 - 26 años);NO;93
5;05. GARCIA ROVIRA;154;EL PANTANO II;5. Adultez (27- 59 años);NO;234
5;05. GARCIA ROVIRA;154;EL PANTANO II;6. Persona Mayor 60 o mas;NO;47
5;05. GARCIA ROVIRA;155;EL PANTANO III;1. Primera Infancia (0-5 años);NO;43
5;05. GARCIA ROVIRA;155;EL PANTANO III;2. Infancia (6 - 11 años);NO;46
5;05. GARCIA ROVIRA;155;EL PANTANO III;3. Adolescencia (12 - 18 años);NO;37
5;05. GARCIA ROVIRA;155;EL PANTANO III;4. Juventud (14 - 26 años);NO;40
5;05. GARCIA ROVIRA;155;EL PANTANO III;5. Adultez (27- 59 años);NO;120
5;05. GARCIA ROVIRA;155;EL PANTANO III;6. Persona Mayor 60 o mas;NO;27
5;05. GARCIA ROVIRA;175;PUNTA ESTRELLA;1. Primera Infancia (0-5 años);NO;2
5;05. GARCIA ROVIRA;175;PUNTA ESTRELLA;2. Infancia (6 - 11 años);NO;3
5;05. GARCIA ROVIRA;175;PUNTA ESTRELLA;3. Adolescencia (12 - 18 años);NO;3
5;05. GARCIA ROVIRA;175;PUNTA ESTRELLA;4. Juventud (14 - 26 años);NO;4
5;05. GARCIA ROVIRA;175;PUNTA ESTRELLA;5. Adultez (27- 59 años);NO;6
5;05. GARCIA ROVIRA;175;PUNTA ESTRELLA;6. Persona Mayor 60 o mas;NO;1
5;05. GARCIA ROVIRA;329;VILLA DEL PRADO;1. Primera Infancia (0-5 años);NO;5
5;05. GARCIA ROVIRA;329;VILLA DEL PRADO;2. Infancia (6 - 11 años);NO;17
5;05. GARCIA ROVIRA;329;VILLA DEL PRADO;3. Adolescencia (12 - 18 años);NO;14
5;05. GARCIA ROVIRA;329;VILLA DEL PRADO;4. Juventud (14 - 26 años);NO;15
5;05. GARCIA ROVIRA;329;VILLA DEL PRADO;5. Adultez (27- 59 años);NO;66
5;05. GARCIA ROVIRA;329;VILLA DEL PRADO;6. Persona Mayor 60 o mas;NO;29
6;06. LA CONCORDIA;135;LA CONCORDIA;1. Primera Infancia (0-5 años);NO;61
6;06. LA CONCORDIA;135;LA CONCORDIA;2. Infancia (6 - 11 años);NO;55
6;06. LA CONCORDIA;135;LA CONCORDIA;3. Adolescencia (12 - 18 años);NO;62
6;06. LA CONCORDIA;135;LA CONCORDIA;4. Juventud (14 - 26 años);NO;94
6;06. LA CONCORDIA;135;LA CONCORDIA;5. Adultez (27- 59 años);NO;304
6;06. LA CONCORDIA;135;LA CONCORDIA;6. Persona Mayor 60 o mas;NO;154
6;06. LA CONCORDIA;156;CANDILES;1. Primera Infancia (0-5 años);NO;48
6;06. LA CONCORDIA;156;CANDILES;2. Infancia (6 - 11 años);NO;39
6;06. LA CONCORDIA;156;CANDILES;3. Adolescencia (12 - 18 años);NO;58
6;06. LA CONCORDIA;156;CANDILES;4. Juventud (14 - 26 años);NO;75
6;06. LA CONCORDIA;156;CANDILES;5. Adultez (27- 59 años);NO;274
6;06. LA CONCORDIA;156;CANDILES;6. Persona Mayor 60 o mas;NO;107
6;06. LA CONCORDIA;157;SAN MIGUEL;1. Primera Infancia (0-5 años);NO;83
6;06. LA CONCORDIA;157;SAN MIGUEL;2. Infancia (6 - 11 años);NO;92
6;06. LA CONCORDIA;157;SAN MIGUEL;3. Adolescencia (12 - 18 años);NO;97
6;06. LA CONCORDIA;157;SAN MIGUEL;4. Juventud (14 - 26 años);NO;122
6;06. LA CONCORDIA;157;SAN MIGUEL;5. Adultez (27- 59 años);NO;488
6;06. LA CONCORDIA;157;SAN MIGUEL;6. Persona Mayor 60 o mas;NO;208
6;06. LA CONCORDIA;158;GOMEZ NIÑO;1. Primera Infancia (0-5 años);NO;7
6;06. LA CONCORDIA;158;GOMEZ NIÑO;3. Adolescencia (12 - 18 años);NO;2
6;06. LA CONCORDIA;158;GOMEZ NIÑO;4. Juventud (14 - 26 años);NO;4
6;06. LA CONCORDIA;158;GOMEZ NIÑO;5. Adultez (27- 59 años);NO;13
6;06. LA CONCORDIA;158;GOMEZ NIÑO;6. Persona Mayor 60 o mas;NO;18
6;06. LA CONCORDIA;159;RICAURTE;1. Primera Infancia (0-5 años);NO;47
6;06. LA CONCORDIA;159;RICAURTE;2. Infancia (6 - 11 años);NO;35
6;06. LA CONCORDIA;159;RICAURTE;3. Adolescencia (12 - 18 años);NO;49
6;06. LA CONCORDIA;159;RICAURTE;4. Juventud (14 - 26 años);NO;77
6;06. LA CONCORDIA;159;RICAURTE;5. Adultez (27- 59 años);NO;285
6;06. LA CONCORDIA;159;RICAURTE;6. Persona Mayor 60 o mas;NO;108
6;06. LA CONCORDIA;160;LA CEIBA;3. Adolescencia (12 - 18 años);NO;2
6;06. LA CONCORDIA;160;LA CEIBA;4. Juventud (14 - 26 años);NO;4
6;06. LA CONCORDIA;160;LA CEIBA;5. Adultez (27- 59 años);NO;8
6;06. LA CONCORDIA;160;LA CEIBA;6. Persona Mayor 60 o mas;NO;4
6;06. LA CONCORDIA;191;LA VICTORIA;1. Primera Infancia (0-5 años);NO;8
6;06. LA CONCORDIA;191;LA VICTORIA;2. Infancia (6 - 11 años);NO;3
6;06. LA CONCORDIA;191;LA VICTORIA;3. Adolescencia (12 - 18 años);NO;3
6;06. LA CONCORDIA;191;LA VICTORIA;4. Juventud (14 - 26 años);NO;7
6;06. LA CONCORDIA;191;LA VICTORIA;5. Adultez (27- 59 años);NO;22
6;06. LA CONCORDIA;191;LA VICTORIA;6. Persona Mayor 60 o mas;NO;11
7;07. LA CIUDADELA;162;CIUDADELA REAL DE MINAS ;1. Primera Infancia (0-5 años);NO;6
7;07. LA CIUDADELA;162;CIUDADELA REAL DE MINAS ;2. Infancia (6 - 11 años);NO;4
7;07. LA CIUDADELA;162;CIUDADELA REAL DE MINAS ;3. Adolescencia (12 - 18 años);NO;4
7;07. LA CIUDADELA;162;CIUDADELA REAL DE MINAS ;4. Juventud (14 - 26 años);NO;9
7;07. LA CIUDADELA;162;CIUDADELA REAL DE MINAS ;5. Adultez (27- 59 años);NO;30
7;07. LA CIUDADELA;162;CIUDADELA REAL DE MINAS ;6. Persona Mayor 60 o mas;NO;15
7;07. LA CIUDADELA;177;LOS ALMENDROS;2. Infancia (6 - 11 años);NO;3
7;07. LA CIUDADELA;177;LOS ALMENDROS;3. Adolescencia (12 - 18 años);NO;2
7;07. LA CIUDADELA;177;LOS ALMENDROS;4. Juventud (14 - 26 años);NO;1
7;07. LA CIUDADELA;177;LOS ALMENDROS;5. Adultez (27- 59 años);NO;4
7;07. LA CIUDADELA;177;LOS ALMENDROS;6. Persona Mayor 60 o mas;NO;3
7;07. LA CIUDADELA;187;LOS NARANJOS;4. Juventud (14 - 26 años);NO;2
7;07. LA CIUDADELA;187;LOS NARANJOS;5. Adultez (27- 59 años);NO;5
7;07. LA CIUDADELA;187;LOS NARANJOS;6. Persona Mayor 60 o mas;NO;3
7;07. LA CIUDADELA;189;SAMANES;2. Infancia (6 - 11 años);NO;1
7;07. LA CIUDADELA;189;SAMANES;4. Juventud (14 - 26 años);NO;1
7;07. LA CIUDADELA;189;SAMANES;5. Adultez (27- 59 años);NO;3
7;07. LA CIUDADELA;189;SAMANES;6. Persona Mayor 60 o mas;NO;1
7;07. LA CIUDADELA;286;MACAREGUA;5. Adultez (27- 59 años);NO;1
8;08. SUROCCIDENTE;178;SAN GERARDO I Y II;1. Primera Infancia (0-5 años);NO;195
8;08. SUROCCIDENTE;178;SAN GERARDO I Y II;2. Infancia (6 - 11 años);NO;177
8;08. SUROCCIDENTE;178;SAN GERARDO I Y II;3. Adolescencia (12 - 18 años);NO;191
8;08. SUROCCIDENTE;178;SAN GERARDO I Y II;4. Juventud (14 - 26 años);NO;286
8;08. SUROCCIDENTE;178;SAN GERARDO I Y II;5. Adultez (27- 59 años);NO;889
8;08. SUROCCIDENTE;178;SAN GERARDO I Y II;6. Persona Mayor 60 o mas;NO;267
8;08. SUROCCIDENTE;179;COLOMBIA;1. Primera Infancia (0-5 años);NO;24
8;08. SUROCCIDENTE;179;COLOMBIA;2. Infancia (6 - 11 años);NO;30
8;08. SUROCCIDENTE;179;COLOMBIA;3. Adolescencia (12 - 18 años);NO;38
8;08. SUROCCIDENTE;179;COLOMBIA;4. Juventud (14 - 26 años);NO;36
8;08. SUROCCIDENTE;179;COLOMBIA;5. Adultez (27- 59 años);NO;124
8;08. SUROCCIDENTE;179;COLOMBIA;6. Persona Mayor 60 o mas;NO;35
8;08. SUROCCIDENTE;180;CANELOS;1. Primera Infancia (0-5 años);NO;94
8;08. SUROCCIDENTE;180;CANELOS;2. Infancia (6 - 11 años);NO;93
8;08. SUROCCIDENTE;180;CANELOS;3. Adolescencia (12 - 18 años);NO;114
8;08. SUROCCIDENTE;180;CANELOS;4. Juventud (14 - 26 años);NO;148
8;08. SUROCCIDENTE;180;CANELOS;5. Adultez (27- 59 años);NO;543
8;08. SUROCCIDENTE;180;CANELOS;6. Persona Mayor 60 o mas;NO;216
8;08. SUROCCIDENTE;181;MANZANA 10;1. Primera Infancia (0-5 años);NO;27
8;08. SUROCCIDENTE;181;MANZANA 10;2. Infancia (6 - 11 años);NO;28
8;08. SUROCCIDENTE;181;MANZANA 10;3. Adolescencia (12 - 18 años);NO;23
8;08. SUROCCIDENTE;181;MANZANA 10;4. Juventud (14 - 26 años);NO;43
8;08. SUROCCIDENTE;181;MANZANA 10;5. Adultez (27- 59 años);NO;118
8;08. SUROCCIDENTE;181;MANZANA 10;6. Persona Mayor 60 o mas;NO;38
8;08. SUROCCIDENTE;182;BUCARAMANGA;1. Primera Infancia (0-5 años);NO;333
8;08. SUROCCIDENTE;182;BUCARAMANGA;2. Infancia (6 - 11 años);NO;313
8;08. SUROCCIDENTE;182;BUCARAMANGA;3. Adolescencia (12 - 18 años);NO;397
8;08. SUROCCIDENTE;182;BUCARAMANGA;4. Juventud (14 - 26 años);NO;517
8;08. SUROCCIDENTE;182;BUCARAMANGA;5. Adultez (27- 59 años);NO;1641
8;08. SUROCCIDENTE;182;BUCARAMANGA;6. Persona Mayor 60 o mas;NO;482
8;08. SUROCCIDENTE;183;PEÑON DEL VALLE;4. Juventud (14 - 26 años);NO;2
8;08. SUROCCIDENTE;183;PEÑON DEL VALLE;5. Adultez (27- 59 años);NO;1
8;08. SUROCCIDENTE;183;PEÑON DEL VALLE;6. Persona Mayor 60 o mas;NO;2
8;08. SUROCCIDENTE;184;LAURELES;1. Primera Infancia (0-5 años);NO;59
8;08. SUROCCIDENTE;184;LAURELES;2. Infancia (6 - 11 años);NO;46
8;08. SUROCCIDENTE;184;LAURELES;3. Adolescencia (12 - 18 años);NO;59
8;08. SUROCCIDENTE;184;LAURELES;4. Juventud (14 - 26 años);NO;61
8;08. SUROCCIDENTE;184;LAURELES;5. Adultez (27- 59 años);NO;188
8;08. SUROCCIDENTE;184;LAURELES;6. Persona Mayor 60 o mas;NO;44
8;08. SUROCCIDENTE;185;CORDONCILLO II;1. Primera Infancia (0-5 años);NO;28
8;08. SUROCCIDENTE;185;CORDONCILLO II;2. Infancia (6 - 11 años);NO;34
8;08. SUROCCIDENTE;185;CORDONCILLO II;3. Adolescencia (12 - 18 años);NO;28
8;08. SUROCCIDENTE;185;CORDONCILLO II;4. Juventud (14 - 26 años);NO;44
8;08. SUROCCIDENTE;185;CORDONCILLO II;5. Adultez (27- 59 años);NO;141
8;08. SUROCCIDENTE;185;CORDONCILLO II;6. Persona Mayor 60 o mas;NO;30
8;08. SUROCCIDENTE;194;CORDONCILLO I;1. Primera Infancia (0-5 años);NO;78
8;08. SUROCCIDENTE;194;CORDONCILLO I;2. Infancia (6 - 11 años);NO;70
8;08. SUROCCIDENTE;194;CORDONCILLO I;3. Adolescencia (12 - 18 años);NO;93
8;08. SUROCCIDENTE;194;CORDONCILLO I;4. Juventud (14 - 26 años);NO;124
8;08. SUROCCIDENTE;194;CORDONCILLO I;5. Adultez (27- 59 años);NO;362
8;08. SUROCCIDENTE;194;CORDONCILLO I;6. Persona Mayor 60 o mas;NO;111
8;08. SUROCCIDENTE;195;PABLO VI;1. Primera Infancia (0-5 años);NO;203
8;08. SUROCCIDENTE;195;PABLO VI;2. Infancia (6 - 11 años);NO;183
8;08. SUROCCIDENTE;195;PABLO VI;3. Adolescencia (12 - 18 años);NO;234
8;08. SUROCCIDENTE;195;PABLO VI;4. Juventud (14 - 26 años);NO;286
8;08. SUROCCIDENTE;195;PABLO VI;5. Adultez (27- 59 años);NO;984
8;08. SUROCCIDENTE;195;PABLO VI;6. Persona Mayor 60 o mas;NO;341
8;08. SUROCCIDENTE;196;AFRIKA;1. Primera Infancia (0-5 años);NO;32
8;08. SUROCCIDENTE;196;AFRIKA;2. Infancia (6 - 11 años);NO;16
8;08. SUROCCIDENTE;196;AFRIKA;3. Adolescencia (12 - 18 años);NO;29
8;08. SUROCCIDENTE;196;AFRIKA;4. Juventud (14 - 26 años);NO;42
8;08. SUROCCIDENTE;196;AFRIKA;5. Adultez (27- 59 años);NO;109
8;08. SUROCCIDENTE;196;AFRIKA;6. Persona Mayor 60 o mas;NO;33
8;08. SUROCCIDENTE;197;20 DE JULIO;1. Primera Infancia (0-5 años);NO;13
8;08. SUROCCIDENTE;197;20 DE JULIO;2. Infancia (6 - 11 años);NO;8
8;08. SUROCCIDENTE;197;20 DE JULIO;3. Adolescencia (12 - 18 años);NO;9
8;08. SUROCCIDENTE;197;20 DE JULIO;4. Juventud (14 - 26 años);NO;16
8;08. SUROCCIDENTE;197;20 DE JULIO;5. Adultez (27- 59 años);NO;41
8;08. SUROCCIDENTE;197;20 DE JULIO;6. Persona Mayor 60 o mas;NO;10
8;08. SUROCCIDENTE;198;EL FONCE;1. Primera Infancia (0-5 años);NO;1
8;08. SUROCCIDENTE;198;EL FONCE;2. Infancia (6 - 11 años);NO;1
8;08. SUROCCIDENTE;198;EL FONCE;3. Adolescencia (12 - 18 años);NO;1
8;08. SUROCCIDENTE;198;EL FONCE;4. Juventud (14 - 26 años);NO;2
8;08. SUROCCIDENTE;198;EL FONCE;5. Adultez (27- 59 años);NO;3
8;08. SUROCCIDENTE;199;JUAN XXIII;1. Primera Infancia (0-5 años);NO;127
8;08. SUROCCIDENTE;199;JUAN XXIII;2. Infancia (6 - 11 años);NO;123
8;08. SUROCCIDENTE;199;JUAN XXIII;3. Adolescencia (12 - 18 años);NO;178
8;08. SUROCCIDENTE;199;JUAN XXIII;4. Juventud (14 - 26 años);NO;176
8;08. SUROCCIDENTE;199;JUAN XXIII;5. Adultez (27- 59 años);NO;519
8;08. SUROCCIDENTE;199;JUAN XXIII;6. Persona Mayor 60 o mas;NO;124
8;08. SUROCCIDENTE;349;JUAN XXIII CANCHA LA GUACAMAYA;1. Primera Infancia (0-5 años);NO;11
8;08. SUROCCIDENTE;349;JUAN XXIII CANCHA LA GUACAMAYA;2. Infancia (6 - 11 años);NO;4
8;08. SUROCCIDENTE;349;JUAN XXIII CANCHA LA GUACAMAYA;3. Adolescencia (12 - 18 años);NO;4
8;08. SUROCCIDENTE;349;JUAN XXIII CANCHA LA GUACAMAYA;4. Juventud (14 - 26 años);NO;12
8;08. SUROCCIDENTE;349;JUAN XXIII CANCHA LA GUACAMAYA;5. Adultez (27- 59 años);NO;23
8;08. SUROCCIDENTE;349;JUAN XXIII CANCHA LA GUACAMAYA;6. Persona Mayor 60 o mas;NO;4
9;09. LA PEDREGOSA;193;NUEVA GRANADA;1. Primera Infancia (0-5 años);NO;29
9;09. LA PEDREGOSA;193;NUEVA GRANADA;2. Infancia (6 - 11 años);NO;21
9;09. LA PEDREGOSA;193;NUEVA GRANADA;3. Adolescencia (12 - 18 años);NO;37
9;09. LA PEDREGOSA;193;NUEVA GRANADA;4. Juventud (14 - 26 años);NO;52
9;09. LA PEDREGOSA;193;NUEVA GRANADA;5. Adultez (27- 59 años);NO;162
9;09. LA PEDREGOSA;193;NUEVA GRANADA;6. Persona Mayor 60 o mas;NO;82
9;09. LA PEDREGOSA;200;ANTONIA SANTOS SUR;1. Primera Infancia (0-5 años);NO;3
9;09. LA PEDREGOSA;200;ANTONIA SANTOS SUR;2. Infancia (6 - 11 años);NO;4
9;09. LA PEDREGOSA;200;ANTONIA SANTOS SUR;3. Adolescencia (12 - 18 años);NO;13
9;09. LA PEDREGOSA;200;ANTONIA SANTOS SUR;4. Juventud (14 - 26 años);NO;14
9;09. LA PEDREGOSA;200;ANTONIA SANTOS SUR;5. Adultez (27- 59 años);NO;44
9;09. LA PEDREGOSA;200;ANTONIA SANTOS SUR;6. Persona Mayor 60 o mas;NO;32
9;09. LA PEDREGOSA;201;QUEBRADA LA IGLESIA;1. Primera Infancia (0-5 años);SI;41
9;09. LA PEDREGOSA;201;QUEBRADA LA IGLESIA;2. Infancia (6 - 11 años);SI;22
9;09. LA PEDREGOSA;201;QUEBRADA LA IGLESIA;3. Adolescencia (12 - 18 años);SI;60
9;09. LA PEDREGOSA;201;QUEBRADA LA IGLESIA;4. Juventud (14 - 26 años);SI;65
9;09. LA PEDREGOSA;201;QUEBRADA LA IGLESIA;5. Adultez (27- 59 años);SI;179
9;09. LA PEDREGOSA;201;QUEBRADA LA IGLESIA;6. Persona Mayor 60 o mas;SI;49
9;09. LA PEDREGOSA;203;SAN MARTIN;1. Primera Infancia (0-5 años);SI;146
9;09. LA PEDREGOSA;203;SAN MARTIN;2. Infancia (6 - 11 años);SI;144
9;09. LA PEDREGOSA;203;SAN MARTIN;3. Adolescencia (12 - 18 años);SI;191
9;09. LA PEDREGOSA;203;SAN MARTIN;4. Juventud (14 - 26 años);SI;233
9;09. LA PEDREGOSA;203;SAN MARTIN;5. Adultez (27- 59 años);SI;740
9;09. LA PEDREGOSA;203;SAN MARTIN;6. Persona Mayor 60 o mas;SI;232
9;09. LA PEDREGOSA;204;EL SOL I Y II;1. Primera Infancia (0-5 años);NO;60
9;09. LA PEDREGOSA;204;EL SOL I Y II;2. Infancia (6 - 11 años);NO;57
9;09. LA PEDREGOSA;204;EL SOL I Y II;3. Adolescencia (12 - 18 años);NO;74
9;09. LA PEDREGOSA;204;EL SOL I Y II;4. Juventud (14 - 26 años);NO;104
9;09. LA PEDREGOSA;204;EL SOL I Y II;5. Adultez (27- 59 años);NO;290
9;09. LA PEDREGOSA;204;EL SOL I Y II;6. Persona Mayor 60 o mas;NO;102
9;09. LA PEDREGOSA;205;GUAYACANES;4. Juventud (14 - 26 años);NO;1
9;09. LA PEDREGOSA;205;GUAYACANES;5. Adultez (27- 59 años);NO;3
9;09. LA PEDREGOSA;205;GUAYACANES;6. Persona Mayor 60 o mas;NO;2
9;09. LA PEDREGOSA;207;LA PEDREGOSA;1. Primera Infancia (0-5 años);NO;10
9;09. LA PEDREGOSA;207;LA PEDREGOSA;2. Infancia (6 - 11 años);NO;10
9;09. LA PEDREGOSA;207;LA PEDREGOSA;3. Adolescencia (12 - 18 años);NO;18
9;09. LA PEDREGOSA;207;LA PEDREGOSA;4. Juventud (14 - 26 años);NO;32
9;09. LA PEDREGOSA;207;LA PEDREGOSA;5. Adultez (27- 59 años);NO;81
9;09. LA PEDREGOSA;207;LA PEDREGOSA;6. Persona Mayor 60 o mas;NO;36
9;09. LA PEDREGOSA;208;DIAMANTE I;1. Primera Infancia (0-5 años);NO;4
9;09. LA PEDREGOSA;208;DIAMANTE I;2. Infancia (6 - 11 años);NO;5
9;09. LA PEDREGOSA;208;DIAMANTE I;3. Adolescencia (12 - 18 años);NO;6
9;09. LA PEDREGOSA;208;DIAMANTE I;4. Juventud (14 - 26 años);NO;11
9;09. LA PEDREGOSA;208;DIAMANTE I;5. Adultez (27- 59 años);NO;29
9;09. LA PEDREGOSA;208;DIAMANTE I;6. Persona Mayor 60 o mas;NO;10
9;09. LA PEDREGOSA;209;LAS CASITAS;1. Primera Infancia (0-5 años);NO;25
9;09. LA PEDREGOSA;209;LAS CASITAS;2. Infancia (6 - 11 años);NO;21
9;09. LA PEDREGOSA;209;LAS CASITAS;3. Adolescencia (12 - 18 años);NO;32
9;09. LA PEDREGOSA;209;LAS CASITAS;4. Juventud (14 - 26 años);NO;37
9;09. LA PEDREGOSA;209;LAS CASITAS;5. Adultez (27- 59 años);NO;116
9;09. LA PEDREGOSA;209;LAS CASITAS;6. Persona Mayor 60 o mas;NO;48
9;09. LA PEDREGOSA;210;VILLA INES;1. Primera Infancia (0-5 años);NO;1
9;09. LA PEDREGOSA;210;VILLA INES;4. Juventud (14 - 26 años);NO;4
9;09. LA PEDREGOSA;210;VILLA INES;5. Adultez (27- 59 años);NO;5
9;09. LA PEDREGOSA;210;VILLA INES;6. Persona Mayor 60 o mas;NO;4
9;09. LA PEDREGOSA;211;ASTURIAS;1. Primera Infancia (0-5 años);NO;1
9;09. LA PEDREGOSA;211;ASTURIAS;3. Adolescencia (12 - 18 años);NO;2
9;09. LA PEDREGOSA;211;ASTURIAS;5. Adultez (27- 59 años);NO;1
9;09. LA PEDREGOSA;213;LA LIBERTAD;1. Primera Infancia (0-5 años);NO;7
9;09. LA PEDREGOSA;213;LA LIBERTAD;2. Infancia (6 - 11 años);NO;10
9;09. LA PEDREGOSA;213;LA LIBERTAD;3. Adolescencia (12 - 18 años);NO;27
9;09. LA PEDREGOSA;213;LA LIBERTAD;4. Juventud (14 - 26 años);NO;23
9;09. LA PEDREGOSA;213;LA LIBERTAD;5. Adultez (27- 59 años);NO;82
9;09. LA PEDREGOSA;213;LA LIBERTAD;6. Persona Mayor 60 o mas;NO;32
9;09. LA PEDREGOSA;288;PORTOFINO;6. Persona Mayor 60 o mas;NO;1
9;09. LA PEDREGOSA;316;MIRADOR DE SAN LORENZO;3. Adolescencia (12 - 18 años);NO;2
9;09. LA PEDREGOSA;316;MIRADOR DE SAN LORENZO;5. Adultez (27- 59 años);NO;3
10;10. PROVENZA;220;DIAMANTE II;1. Primera Infancia (0-5 años);NO;4
10;10. PROVENZA;220;DIAMANTE II;3. Adolescencia (12 - 18 años);NO;3
10;10. PROVENZA;220;DIAMANTE II;4. Juventud (14 - 26 años);NO;4
10;10. PROVENZA;220;DIAMANTE II;5. Adultez (27- 59 años);NO;13
10;10. PROVENZA;220;DIAMANTE II;6. Persona Mayor 60 o mas;NO;19
10;10. PROVENZA;221;SAN LUIS;1. Primera Infancia (0-5 años);NO;3
10;10. PROVENZA;221;SAN LUIS;2. Infancia (6 - 11 años);NO;1
10;10. PROVENZA;221;SAN LUIS;3. Adolescencia (12 - 18 años);NO;2
10;10. PROVENZA;221;SAN LUIS;4. Juventud (14 - 26 años);NO;2
10;10. PROVENZA;221;SAN LUIS;5. Adultez (27- 59 años);NO;18
10;10. PROVENZA;221;SAN LUIS;6. Persona Mayor 60 o mas;NO;10
10;10. PROVENZA;222;PROVENZA;1. Primera Infancia (0-5 años);NO;5
10;10. PROVENZA;222;PROVENZA;2. Infancia (6 - 11 años);NO;2
10;10. PROVENZA;222;PROVENZA;3. Adolescencia (12 - 18 años);NO;4
10;10. PROVENZA;222;PROVENZA;4. Juventud (14 - 26 años);NO;6
10;10. PROVENZA;222;PROVENZA;5. Adultez (27- 59 años);NO;25
10;10. PROVENZA;222;PROVENZA;6. Persona Mayor 60 o mas;NO;15
10;10. PROVENZA;225;EL CRISTAL;1. Primera Infancia (0-5 años);NO;402
10;10. PROVENZA;225;EL CRISTAL;2. Infancia (6 - 11 años);NO;363
10;10. PROVENZA;225;EL CRISTAL;3. Adolescencia (12 - 18 años);NO;383
10;10. PROVENZA;225;EL CRISTAL;4. Juventud (14 - 26 años);NO;539
10;10. PROVENZA;225;EL CRISTAL;5. Adultez (27- 59 años);NO;1606
10;10. PROVENZA;225;EL CRISTAL;6. Persona Mayor 60 o mas;NO;314
10;10. PROVENZA;226;GRANJAS DE PROVENZA;1. Primera Infancia (0-5 años);NO;159
10;10. PROVENZA;226;GRANJAS DE PROVENZA;2. Infancia (6 - 11 años);NO;101
10;10. PROVENZA;226;GRANJAS DE PROVENZA;3. Adolescencia (12 - 18 años);NO;163
10;10. PROVENZA;226;GRANJAS DE PROVENZA;4. Juventud (14 - 26 años);NO;179
10;10. PROVENZA;226;GRANJAS DE PROVENZA;5. Adultez (27- 59 años);NO;525
10;10. PROVENZA;226;GRANJAS DE PROVENZA;6. Persona Mayor 60 o mas;NO;104
10;10. PROVENZA;284;FONTANA;1. Primera Infancia (0-5 años);NO;2
10;10. PROVENZA;284;FONTANA;2. Infancia (6 - 11 años);NO;1
10;10. PROVENZA;284;FONTANA;3. Adolescencia (12 - 18 años);NO;1
10;10. PROVENZA;284;FONTANA;4. Juventud (14 - 26 años);NO;2
10;10. PROVENZA;284;FONTANA;5. Adultez (27- 59 años);NO;4
10;10. PROVENZA;284;FONTANA;6. Persona Mayor 60 o mas;NO;2
10;10. PROVENZA;317;NUEVA FONTANA;2. Infancia (6 - 11 años);NO;2
10;10. PROVENZA;317;NUEVA FONTANA;3. Adolescencia (12 - 18 años);NO;2
10;10. PROVENZA;317;NUEVA FONTANA;4. Juventud (14 - 26 años);NO;1
10;10. PROVENZA;317;NUEVA FONTANA;5. Adultez (27- 59 años);NO;3
10;10. PROVENZA;326;VIVEROS DE PROVENZA;1. Primera Infancia (0-5 años);NO;47
10;10. PROVENZA;326;VIVEROS DE PROVENZA;2. Infancia (6 - 11 años);NO;41
10;10. PROVENZA;326;VIVEROS DE PROVENZA;3. Adolescencia (12 - 18 años);NO;57
10;10. PROVENZA;326;VIVEROS DE PROVENZA;4. Juventud (14 - 26 años);NO;68
10;10. PROVENZA;326;VIVEROS DE PROVENZA;5. Adultez (27- 59 años);NO;206
10;10. PROVENZA;326;VIVEROS DE PROVENZA;6. Persona Mayor 60 o mas;NO;44
10;10. PROVENZA;331;BRISAS DE PROVENZA ;1. Primera Infancia (0-5 años);NO;169
10;10. PROVENZA;331;BRISAS DE PROVENZA ;2. Infancia (6 - 11 años);NO;144
10;10. PROVENZA;331;BRISAS DE PROVENZA ;3. Adolescencia (12 - 18 años);NO;175
10;10. PROVENZA;331;BRISAS DE PROVENZA ;4. Juventud (14 - 26 años);NO;236
10;10. PROVENZA;331;BRISAS DE PROVENZA ;5. Adultez (27- 59 años);NO;546
10;10. PROVENZA;331;BRISAS DE PROVENZA ;6. Persona Mayor 60 o mas;NO;91
11;11. SUR;223;PORVENIR BAJO;1. Primera Infancia (0-5 años);NO;2
11;11. SUR;223;PORVENIR BAJO;2. Infancia (6 - 11 años);NO;2
11;11. SUR;223;PORVENIR BAJO;3. Adolescencia (12 - 18 años);NO;2
11;11. SUR;223;PORVENIR BAJO;4. Juventud (14 - 26 años);NO;6
11;11. SUR;223;PORVENIR BAJO;5. Adultez (27- 59 años);NO;9
11;11. SUR;223;PORVENIR BAJO;6. Persona Mayor 60 o mas;NO;12
11;11. SUR;227;GRANJAS DE JULIO RINCON;1. Primera Infancia (0-5 años);NO;62
11;11. SUR;227;GRANJAS DE JULIO RINCON;2. Infancia (6 - 11 años);NO;73
11;11. SUR;227;GRANJAS DE JULIO RINCON;3. Adolescencia (12 - 18 años);NO;76
11;11. SUR;227;GRANJAS DE JULIO RINCON;4. Juventud (14 - 26 años);NO;83
11;11. SUR;227;GRANJAS DE JULIO RINCON;5. Adultez (27- 59 años);NO;328
11;11. SUR;227;GRANJAS DE JULIO RINCON;6. Persona Mayor 60 o mas;NO;93
11;11. SUR;228;EL ROCIO;1. Primera Infancia (0-5 años);NO;45
11;11. SUR;228;EL ROCIO;2. Infancia (6 - 11 años);NO;65
11;11. SUR;228;EL ROCIO;3. Adolescencia (12 - 18 años);NO;85
11;11. SUR;228;EL ROCIO;4. Juventud (14 - 26 años);NO;89
11;11. SUR;228;EL ROCIO;5. Adultez (27- 59 años);NO;376
11;11. SUR;228;EL ROCIO;6. Persona Mayor 60 o mas;NO;153
11;11. SUR;229;VILLA SARA;1. Primera Infancia (0-5 años);NO;4
11;11. SUR;229;VILLA SARA;2. Infancia (6 - 11 años);NO;3
11;11. SUR;229;VILLA SARA;3. Adolescencia (12 - 18 años);NO;1
11;11. SUR;229;VILLA SARA;4. Juventud (14 - 26 años);NO;3
11;11. SUR;229;VILLA SARA;5. Adultez (27- 59 años);NO;9
11;11. SUR;229;VILLA SARA;6. Persona Mayor 60 o mas;NO;1
11;11. SUR;231;TOLEDO PLATA ;1. Primera Infancia (0-5 años);NO;47
11;11. SUR;231;TOLEDO PLATA ;2. Infancia (6 - 11 años);NO;41
11;11. SUR;231;TOLEDO PLATA ;3. Adolescencia (12 - 18 años);NO;57
11;11. SUR;231;TOLEDO PLATA ;4. Juventud (14 - 26 años);NO;81
11;11. SUR;231;TOLEDO PLATA ;5. Adultez (27- 59 años);NO;289
11;11. SUR;231;TOLEDO PLATA ;6. Persona Mayor 60 o mas;NO;157
11;11. SUR;232;DANGOND;1. Primera Infancia (0-5 años);NO;37
11;11. SUR;232;DANGOND;2. Infancia (6 - 11 años);NO;39
11;11. SUR;232;DANGOND;3. Adolescencia (12 - 18 años);NO;55
11;11. SUR;232;DANGOND;4. Juventud (14 - 26 años);NO;55
11;11. SUR;232;DANGOND;5. Adultez (27- 59 años);NO;219
11;11. SUR;232;DANGOND;6. Persona Mayor 60 o mas;NO;99
11;11. SUR;234;DELICIAS ALTAS Y BAJAS SUR;1. Primera Infancia (0-5 años);NO;10
11;11. SUR;234;DELICIAS ALTAS Y BAJAS SUR;2. Infancia (6 - 11 años);NO;12
11;11. SUR;234;DELICIAS ALTAS Y BAJAS SUR;3. Adolescencia (12 - 18 años);NO;15
11;11. SUR;234;DELICIAS ALTAS Y BAJAS SUR;4. Juventud (14 - 26 años);NO;14
11;11. SUR;234;DELICIAS ALTAS Y BAJAS SUR;5. Adultez (27- 59 años);NO;57
11;11. SUR;234;DELICIAS ALTAS Y BAJAS SUR;6. Persona Mayor 60 o mas;NO;25
11;11. SUR;236;VILLA CANDADO;1. Primera Infancia (0-5 años);NO;3
11;11. SUR;236;VILLA CANDADO;2. Infancia (6 - 11 años);NO;7
11;11. SUR;236;VILLA CANDADO;3. Adolescencia (12 - 18 años);NO;6
11;11. SUR;236;VILLA CANDADO;4. Juventud (14 - 26 años);NO;8
11;11. SUR;236;VILLA CANDADO;5. Adultez (27- 59 años);NO;28
11;11. SUR;236;VILLA CANDADO;6. Persona Mayor 60 o mas;NO;11
11;11. SUR;237;MALPASO;1. Primera Infancia (0-5 años);NO;31
11;11. SUR;237;MALPASO;2. Infancia (6 - 11 años);NO;29
11;11. SUR;237;MALPASO;3. Adolescencia (12 - 18 años);NO;28
11;11. SUR;237;MALPASO;4. Juventud (14 - 26 años);NO;50
11;11. SUR;237;MALPASO;5. Adultez (27- 59 años);NO;166
11;11. SUR;237;MALPASO;6. Persona Mayor 60 o mas;NO;53
11;11. SUR;238;EL PORVENIR;1. Primera Infancia (0-5 años);NO;22
11;11. SUR;238;EL PORVENIR;2. Infancia (6 - 11 años);NO;18
11;11. SUR;238;EL PORVENIR;3. Adolescencia (12 - 18 años);NO;24
11;11. SUR;238;EL PORVENIR;4. Juventud (14 - 26 años);NO;38
11;11. SUR;238;EL PORVENIR;5. Adultez (27- 59 años);NO;134
11;11. SUR;238;EL PORVENIR;6. Persona Mayor 60 o mas;NO;63
11;11. SUR;239;MANUELA BELTRAN ;1. Primera Infancia (0-5 años);NO;116
11;11. SUR;239;MANUELA BELTRAN ;2. Infancia (6 - 11 años);NO;96
11;11. SUR;239;MANUELA BELTRAN ;3. Adolescencia (12 - 18 años);NO;140
11;11. SUR;239;MANUELA BELTRAN ;4. Juventud (14 - 26 años);NO;187
11;11. SUR;239;MANUELA BELTRAN ;5. Adultez (27- 59 años);NO;622
11;11. SUR;239;MANUELA BELTRAN ;6. Persona Mayor 60 o mas;NO;249
11;11. SUR;240;IGSABELAR;1. Primera Infancia (0-5 años);NO;13
11;11. SUR;240;IGSABELAR;2. Infancia (6 - 11 años);NO;17
11;11. SUR;240;IGSABELAR;3. Adolescencia (12 - 18 años);NO;18
11;11. SUR;240;IGSABELAR;4. Juventud (14 - 26 años);NO;22
11;11. SUR;240;IGSABELAR;5. Adultez (27- 59 años);NO;85
11;11. SUR;240;IGSABELAR;6. Persona Mayor 60 o mas;NO;31
11;11. SUR;241;SANTAMARIA;1. Primera Infancia (0-5 años);NO;85
11;11. SUR;241;SANTAMARIA;2. Infancia (6 - 11 años);NO;82
11;11. SUR;241;SANTAMARIA;3. Adolescencia (12 - 18 años);NO;102
11;11. SUR;241;SANTAMARIA;4. Juventud (14 - 26 años);NO;116
11;11. SUR;241;SANTAMARIA;5. Adultez (27- 59 años);NO;464
11;11. SUR;241;SANTAMARIA;6. Persona Mayor 60 o mas;NO;143
11;11. SUR;242;COAVICONSA;1. Primera Infancia (0-5 años);NO;3
11;11. SUR;242;COAVICONSA;2. Infancia (6 - 11 años);NO;2
11;11. SUR;242;COAVICONSA;3. Adolescencia (12 - 18 años);NO;6
11;11. SUR;242;COAVICONSA;4. Juventud (14 - 26 años);NO;10
11;11. SUR;242;COAVICONSA;5. Adultez (27- 59 años);NO;29
11;11. SUR;242;COAVICONSA;6. Persona Mayor 60 o mas;NO;14
11;11. SUR;243;CIUDAD VENECIA ;1. Primera Infancia (0-5 años);NO;34
11;11. SUR;243;CIUDAD VENECIA ;2. Infancia (6 - 11 años);NO;27
11;11. SUR;243;CIUDAD VENECIA ;3. Adolescencia (12 - 18 años);NO;52
11;11. SUR;243;CIUDAD VENECIA ;4. Juventud (14 - 26 años);NO;50
11;11. SUR;243;CIUDAD VENECIA ;5. Adultez (27- 59 años);NO;207
11;11. SUR;243;CIUDAD VENECIA ;6. Persona Mayor 60 o mas;NO;75
11;11. SUR;244;VILLA FLOR;1. Primera Infancia (0-5 años);NO;1
11;11. SUR;244;VILLA FLOR;2. Infancia (6 - 11 años);NO;3
11;11. SUR;244;VILLA FLOR;3. Adolescencia (12 - 18 años);NO;5
11;11. SUR;244;VILLA FLOR;4. Juventud (14 - 26 años);NO;2
11;11. SUR;244;VILLA FLOR;5. Adultez (27- 59 años);NO;15
11;11. SUR;244;VILLA FLOR;6. Persona Mayor 60 o mas;NO;12
11;11. SUR;290;LOS CONQUISTADORES;1. Primera Infancia (0-5 años);NO;110
11;11. SUR;290;LOS CONQUISTADORES;2. Infancia (6 - 11 años);NO;77
11;11. SUR;290;LOS CONQUISTADORES;3. Adolescencia (12 - 18 años);NO;102
11;11. SUR;290;LOS CONQUISTADORES;4. Juventud (14 - 26 años);NO;143
11;11. SUR;290;LOS CONQUISTADORES;5. Adultez (27- 59 años);NO;395
11;11. SUR;290;LOS CONQUISTADORES;6. Persona Mayor 60 o mas;NO;72
11;11. SUR;340;GRANJAS REAGAN;1. Primera Infancia (0-5 años);NO;92
11;11. SUR;340;GRANJAS REAGAN;2. Infancia (6 - 11 años);NO;68
11;11. SUR;340;GRANJAS REAGAN;3. Adolescencia (12 - 18 años);NO;69
11;11. SUR;340;GRANJAS REAGAN;4. Juventud (14 - 26 años);NO;107
11;11. SUR;340;GRANJAS REAGAN;5. Adultez (27- 59 años);NO;306
11;11. SUR;340;GRANJAS REAGAN;6. Persona Mayor 60 o mas;NO;58
11;11. SUR;344;BALCONES DEL SUR;1. Primera Infancia (0-5 años);NO;102
11;11. SUR;344;BALCONES DEL SUR;2. Infancia (6 - 11 años);NO;76
11;11. SUR;344;BALCONES DEL SUR;3. Adolescencia (12 - 18 años);NO;100
11;11. SUR;344;BALCONES DEL SUR;4. Juventud (14 - 26 años);NO;139
11;11. SUR;344;BALCONES DEL SUR;5. Adultez (27- 59 años);NO;315
11;11. SUR;344;BALCONES DEL SUR;6. Persona Mayor 60 o mas;NO;39
11;11. SUR;347;BRISAS DEL PARAISO ;1. Primera Infancia (0-5 años);NO;109
11;11. SUR;347;BRISAS DEL PARAISO ;2. Infancia (6 - 11 años);NO;75
11;11. SUR;347;BRISAS DEL PARAISO ;3. Adolescencia (12 - 18 años);NO;103
11;11. SUR;347;BRISAS DEL PARAISO ;4. Juventud (14 - 26 años);NO;145
11;11. SUR;347;BRISAS DEL PARAISO ;5. Adultez (27- 59 años);NO;421
11;11. SUR;347;BRISAS DEL PARAISO ;6. Persona Mayor 60 o mas;NO;64
11;11. SUR;352;VILLAREAL;1. Primera Infancia (0-5 años);NO;95
11;11. SUR;352;VILLAREAL;2. Infancia (6 - 11 años);NO;84
11;11. SUR;352;VILLAREAL;3. Adolescencia (12 - 18 años);NO;99
11;11. SUR;352;VILLAREAL;4. Juventud (14 - 26 años);NO;114
11;11. SUR;352;VILLAREAL;5. Adultez (27- 59 años);NO;348
11;11. SUR;352;VILLAREAL;6. Persona Mayor 60 o mas;NO;66
11;11. SUR;361;VILLAS DEL NOGAL;1. Primera Infancia (0-5 años);NO;135
11;11. SUR;361;VILLAS DEL NOGAL;2. Infancia (6 - 11 años);NO;94
11;11. SUR;361;VILLAS DEL NOGAL;3. Adolescencia (12 - 18 años);NO;92
11;11. SUR;361;VILLAS DEL NOGAL;4. Juventud (14 - 26 años);NO;152
11;11. SUR;361;VILLAS DEL NOGAL;5. Adultez (27- 59 años);NO;433
11;11. SUR;361;VILLAS DEL NOGAL;6. Persona Mayor 60 o mas;NO;72
11;11. SUR;362;PUNTA PARAISO;1. Primera Infancia (0-5 años);NO;109
11;11. SUR;362;PUNTA PARAISO;2. Infancia (6 - 11 años);NO;80
11;11. SUR;362;PUNTA PARAISO;3. Adolescencia (12 - 18 años);NO;111
11;11. SUR;362;PUNTA PARAISO;4. Juventud (14 - 26 años);NO;153
11;11. SUR;362;PUNTA PARAISO;5. Adultez (27- 59 años);NO;385
11;11. SUR;362;PUNTA PARAISO;6. Persona Mayor 60 o mas;NO;67
11;11. SUR;367;BRISAS DEL PALMAR;1. Primera Infancia (0-5 años);NO;24
11;11. SUR;367;BRISAS DEL PALMAR;2. Infancia (6 - 11 años);NO;19
11;11. SUR;367;BRISAS DEL PALMAR;3. Adolescencia (12 - 18 años);NO;20
11;11. SUR;367;BRISAS DEL PALMAR;4. Juventud (14 - 26 años);NO;34
11;11. SUR;367;BRISAS DEL PALMAR;5. Adultez (27- 59 años);NO;113
11;11. SUR;367;BRISAS DEL PALMAR;6. Persona Mayor 60 o mas;NO;29
12;12. CABECERA DEL LLANO;121;QUEBRADA PAN DE AZUCAR;1. Primera Infancia (0-5 años);NO;1
12;12. CABECERA DEL LLANO;121;QUEBRADA PAN DE AZUCAR;2. Infancia (6 - 11 años);NO;1
12;12. CABECERA DEL LLANO;121;QUEBRADA PAN DE AZUCAR;3. Adolescencia (12 - 18 años);NO;1
12;12. CABECERA DEL LLANO;121;QUEBRADA PAN DE AZUCAR;4. Juventud (14 - 26 años);NO;2
12;12. CABECERA DEL LLANO;121;QUEBRADA PAN DE AZUCAR;5. Adultez (27- 59 años);NO;7
12;12. CABECERA DEL LLANO;121;QUEBRADA PAN DE AZUCAR;6. Persona Mayor 60 o mas;NO;2
12;12. CABECERA DEL LLANO;123;CABECERA DEL LLANO;4. Juventud (14 - 26 años);NO;1
12;12. CABECERA DEL LLANO;123;CABECERA DEL LLANO;5. Adultez (27- 59 años);NO;2
12;12. CABECERA DEL LLANO;126;PAN DE AZUCAR;1. Primera Infancia (0-5 años);NO;1
12;12. CABECERA DEL LLANO;126;PAN DE AZUCAR;4. Juventud (14 - 26 años);NO;1
12;12. CABECERA DEL LLANO;126;PAN DE AZUCAR;5. Adultez (27- 59 años);NO;3
12;12. CABECERA DEL LLANO;126;PAN DE AZUCAR;6. Persona Mayor 60 o mas;NO;2
12;12. CABECERA DEL LLANO;136;SOTOMAYOR;1. Primera Infancia (0-5 años);NO;1
12;12. CABECERA DEL LLANO;136;SOTOMAYOR;5. Adultez (27- 59 años);NO;8
12;12. CABECERA DEL LLANO;136;SOTOMAYOR;6. Persona Mayor 60 o mas;NO;6
12;12. CABECERA DEL LLANO;138;BOLARQUI;5. Adultez (27- 59 años);NO;1
12;12. CABECERA DEL LLANO;138;BOLARQUI;6. Persona Mayor 60 o mas;NO;3
12;12. CABECERA DEL LLANO;139;MERCEDES;1. Primera Infancia (0-5 años);NO;2
12;12. CABECERA DEL LLANO;139;MERCEDES;4. Juventud (14 - 26 años);NO;2
12;12. CABECERA DEL LLANO;139;MERCEDES;5. Adultez (27- 59 años);NO;4
12;12. CABECERA DEL LLANO;140;CONUCOS;4. Juventud (14 - 26 años);NO;1
12;12. CABECERA DEL LLANO;140;CONUCOS;5. Adultez (27- 59 años);NO;2
12;12. CABECERA DEL LLANO;140;CONUCOS;6. Persona Mayor 60 o mas;NO;1
12;12. CABECERA DEL LLANO;161;PUERTA DEL SOL;1. Primera Infancia (0-5 años);NO;1
12;12. CABECERA DEL LLANO;161;PUERTA DEL SOL;5. Adultez (27- 59 años);NO;1
13;13. ORIENTAL;100;SAN ALONSO;1. Primera Infancia (0-5 años);NO;11
13;13. ORIENTAL;100;SAN ALONSO;2. Infancia (6 - 11 años);NO;7
13;13. ORIENTAL;100;SAN ALONSO;3. Adolescencia (12 - 18 años);NO;14
13;13. ORIENTAL;100;SAN ALONSO;4. Juventud (14 - 26 años);NO;22
13;13. ORIENTAL;100;SAN ALONSO;5. Adultez (27- 59 años);NO;69
13;13. ORIENTAL;100;SAN ALONSO;6. Persona Mayor 60 o mas;NO;34
13;13. ORIENTAL;102;LOS PINOS;1. Primera Infancia (0-5 años);NO;1
13;13. ORIENTAL;102;LOS PINOS;5. Adultez (27- 59 años);NO;2
13;13. ORIENTAL;102;LOS PINOS;6. Persona Mayor 60 o mas;NO;1
13;13. ORIENTAL;118;LAS AMERICAS;5. Adultez (27- 59 años);NO;1
13;13. ORIENTAL;118;LAS AMERICAS;6. Persona Mayor 60 o mas;NO;1
13;13. ORIENTAL;120;ALVAREZ;1. Primera Infancia (0-5 años);NO;7
13;13. ORIENTAL;120;ALVAREZ;2. Infancia (6 - 11 años);NO;6
13;13. ORIENTAL;120;ALVAREZ;3. Adolescencia (12 - 18 años);NO;4
13;13. ORIENTAL;120;ALVAREZ;4. Juventud (14 - 26 años);NO;10
13;13. ORIENTAL;120;ALVAREZ;5. Adultez (27- 59 años);NO;46
13;13. ORIENTAL;120;ALVAREZ;6. Persona Mayor 60 o mas;NO;35
13;13. ORIENTAL;122;EL PRADO;1. Primera Infancia (0-5 años);NO;1
13;13. ORIENTAL;122;EL PRADO;3. Adolescencia (12 - 18 años);NO;1
13;13. ORIENTAL;122;EL PRADO;4. Juventud (14 - 26 años);NO;1
13;13. ORIENTAL;122;EL PRADO;5. Adultez (27- 59 años);NO;6
13;13. ORIENTAL;122;EL PRADO;6. Persona Mayor 60 o mas;NO;5
13;13. ORIENTAL;131;ANTONIA SANTOS CENTRO;1. Primera Infancia (0-5 años);NO;25
13;13. ORIENTAL;131;ANTONIA SANTOS CENTRO;2. Infancia (6 - 11 años);NO;16
13;13. ORIENTAL;131;ANTONIA SANTOS CENTRO;3. Adolescencia (12 - 18 años);NO;29
13;13. ORIENTAL;131;ANTONIA SANTOS CENTRO;4. Juventud (14 - 26 años);NO;27
13;13. ORIENTAL;131;ANTONIA SANTOS CENTRO;5. Adultez (27- 59 años);NO;120
13;13. ORIENTAL;131;ANTONIA SANTOS CENTRO;6. Persona Mayor 60 o mas;NO;53
13;13. ORIENTAL;132;MEJORAS PUBLICAS;4. Juventud (14 - 26 años);NO;1
13;13. ORIENTAL;132;MEJORAS PUBLICAS;5. Adultez (27- 59 años);NO;2
13;13. ORIENTAL;132;MEJORAS PUBLICAS;6. Persona Mayor 60 o mas;NO;3
13;13. ORIENTAL;133;LA AURORA;1. Primera Infancia (0-5 años);NO;3
13;13. ORIENTAL;133;LA AURORA;3. Adolescencia (12 - 18 años);NO;3
13;13. ORIENTAL;133;LA AURORA;5. Adultez (27- 59 años);NO;7
13;13. ORIENTAL;274;BOLIVAR;2. Infancia (6 - 11 años);NO;2
13;13. ORIENTAL;274;BOLIVAR;3. Adolescencia (12 - 18 años);NO;2
13;13. ORIENTAL;274;BOLIVAR;4. Juventud (14 - 26 años);NO;7
13;13. ORIENTAL;274;BOLIVAR;5. Adultez (27- 59 años);NO;24
13;13. ORIENTAL;274;BOLIVAR;6. Persona Mayor 60 o mas;NO;10
13;13. ORIENTAL;322;QUINTA BRIGADA;1. Primera Infancia (0-5 años);NO;2
13;13. ORIENTAL;322;QUINTA BRIGADA;2. Infancia (6 - 11 años);NO;5
13;13. ORIENTAL;322;QUINTA BRIGADA;3. Adolescencia (12 - 18 años);NO;10
13;13. ORIENTAL;322;QUINTA BRIGADA;4. Juventud (14 - 26 años);NO;19
13;13. ORIENTAL;322;QUINTA BRIGADA;5. Adultez (27- 59 años);NO;48
13;13. ORIENTAL;322;QUINTA BRIGADA;6. Persona Mayor 60 o mas;NO;15
14;14. MORRORRICO;103;LA FLORA MORRORRICO;5. Adultez (27- 59 años);NO;1
14;14. MORRORRICO;103;LA FLORA MORRORRICO;6. Persona Mayor 60 o mas;NO;1
14;14. MORRORRICO;104;EL VENADO DE ORO MORRORRICO;1. Primera Infancia (0-5 años);NO;43
14;14. MORRORRICO;104;EL VENADO DE ORO MORRORRICO;2. Infancia (6 - 11 años);NO;40
14;14. MORRORRICO;104;EL VENADO DE ORO MORRORRICO;3. Adolescencia (12 - 18 años);NO;60
14;14. MORRORRICO;104;EL VENADO DE ORO MORRORRICO;4. Juventud (14 - 26 años);NO;48
14;14. MORRORRICO;104;EL VENADO DE ORO MORRORRICO;5. Adultez (27- 59 años);NO;165
14;14. MORRORRICO;104;EL VENADO DE ORO MORRORRICO;6. Persona Mayor 60 o mas;NO;34
14;14. MORRORRICO;107;LOS SAUCES;1. Primera Infancia (0-5 años);NO;7
14;14. MORRORRICO;107;LOS SAUCES;2. Infancia (6 - 11 años);NO;3
14;14. MORRORRICO;107;LOS SAUCES;3. Adolescencia (12 - 18 años);NO;1
14;14. MORRORRICO;107;LOS SAUCES;4. Juventud (14 - 26 años);NO;8
14;14. MORRORRICO;107;LOS SAUCES;5. Adultez (27- 59 años);NO;20
14;14. MORRORRICO;107;LOS SAUCES;6. Persona Mayor 60 o mas;NO;5
14;14. MORRORRICO;108;LIMONCITO MORRORRICO;1. Primera Infancia (0-5 años);NO;154
14;14. MORRORRICO;108;LIMONCITO MORRORRICO;2. Infancia (6 - 11 años);NO;112
14;14. MORRORRICO;108;LIMONCITO MORRORRICO;3. Adolescencia (12 - 18 años);NO;128
14;14. MORRORRICO;108;LIMONCITO MORRORRICO;4. Juventud (14 - 26 años);NO;175
14;14. MORRORRICO;108;LIMONCITO MORRORRICO;5. Adultez (27- 59 años);NO;549
14;14. MORRORRICO;108;LIMONCITO MORRORRICO;6. Persona Mayor 60 o mas;NO;144
14;14. MORRORRICO;109;VEGAS DE MORRORRICO;1. Primera Infancia (0-5 años);NO;71
14;14. MORRORRICO;109;VEGAS DE MORRORRICO;2. Infancia (6 - 11 años);NO;69
14;14. MORRORRICO;109;VEGAS DE MORRORRICO;3. Adolescencia (12 - 18 años);NO;93
14;14. MORRORRICO;109;VEGAS DE MORRORRICO;4. Juventud (14 - 26 años);NO;108
14;14. MORRORRICO;109;VEGAS DE MORRORRICO;5. Adultez (27- 59 años);NO;325
14;14. MORRORRICO;109;VEGAS DE MORRORRICO;6. Persona Mayor 60 o mas;NO;100
14;14. MORRORRICO;110;MORRORRICO;1. Primera Infancia (0-5 años);NO;47
14;14. MORRORRICO;110;MORRORRICO;2. Infancia (6 - 11 años);NO;39
14;14. MORRORRICO;110;MORRORRICO;3. Adolescencia (12 - 18 años);NO;43
14;14. MORRORRICO;110;MORRORRICO;4. Juventud (14 - 26 años);NO;60
14;14. MORRORRICO;110;MORRORRICO;5. Adultez (27- 59 años);NO;183
14;14. MORRORRICO;110;MORRORRICO;6. Persona Mayor 60 o mas;NO;49
14;14. MORRORRICO;112;EL DIVISO;1. Primera Infancia (0-5 años);NO;136
14;14. MORRORRICO;112;EL DIVISO;2. Infancia (6 - 11 años);NO;104
14;14. MORRORRICO;112;EL DIVISO;3. Adolescencia (12 - 18 años);NO;121
14;14. MORRORRICO;112;EL DIVISO;4. Juventud (14 - 26 años);NO;170
14;14. MORRORRICO;112;EL DIVISO;5. Adultez (27- 59 años);NO;503
14;14. MORRORRICO;112;EL DIVISO;6. Persona Mayor 60 o mas;NO;146
14;14. MORRORRICO;114;BUENOS AIRES;1. Primera Infancia (0-5 años);SI;398
14;14. MORRORRICO;114;BUENOS AIRES;2. Infancia (6 - 11 años);SI;336
14;14. MORRORRICO;114;BUENOS AIRES;3. Adolescencia (12 - 18 años);SI;367
14;14. MORRORRICO;114;BUENOS AIRES;4. Juventud (14 - 26 años);SI;508
14;14. MORRORRICO;114;BUENOS AIRES;5. Adultez (27- 59 años);SI;1463
14;14. MORRORRICO;114;BUENOS AIRES;6. Persona Mayor 60 o mas;SI;404
14;14. MORRORRICO;115;BUENAVISTA;1. Primera Infancia (0-5 años);NO;183
14;14. MORRORRICO;115;BUENAVISTA;2. Infancia (6 - 11 años);NO;130
14;14. MORRORRICO;115;BUENAVISTA;3. Adolescencia (12 - 18 años);NO;141
14;14. MORRORRICO;115;BUENAVISTA;4. Juventud (14 - 26 años);NO;227
14;14. MORRORRICO;115;BUENAVISTA;5. Adultez (27- 59 años);NO;665
14;14. MORRORRICO;115;BUENAVISTA;6. Persona Mayor 60 o mas;NO;168
14;14. MORRORRICO;116;MIRAFLORES;1. Primera Infancia (0-5 años);SI;381
14;14. MORRORRICO;116;MIRAFLORES;2. Infancia (6 - 11 años);SI;299
14;14. MORRORRICO;116;MIRAFLORES;3. Adolescencia (12 - 18 años);SI;378
14;14. MORRORRICO;116;MIRAFLORES;4. Juventud (14 - 26 años);SI;506
14;14. MORRORRICO;116;MIRAFLORES;5. Adultez (27- 59 años);SI;1458
14;14. MORRORRICO;116;MIRAFLORES;6. Persona Mayor 60 o mas;SI;437
14;14. MORRORRICO;117;ALBANIA;1. Primera Infancia (0-5 años);NO;274
14;14. MORRORRICO;117;ALBANIA;2. Infancia (6 - 11 años);NO;225
14;14. MORRORRICO;117;ALBANIA;3. Adolescencia (12 - 18 años);NO;270
14;14. MORRORRICO;117;ALBANIA;4. Juventud (14 - 26 años);NO;395
14;14. MORRORRICO;117;ALBANIA;5. Adultez (27- 59 años);NO;1174
14;14. MORRORRICO;117;ALBANIA;6. Persona Mayor 60 o mas;NO;347
14;14. MORRORRICO;360;EL RETIRO MORRORRICO;1. Primera Infancia (0-5 años);NO;147
14;14. MORRORRICO;360;EL RETIRO MORRORRICO;2. Infancia (6 - 11 años);NO;129
14;14. MORRORRICO;360;EL RETIRO MORRORRICO;3. Adolescencia (12 - 18 años);NO;145
14;14. MORRORRICO;360;EL RETIRO MORRORRICO;4. Juventud (14 - 26 años);NO;185
14;14. MORRORRICO;360;EL RETIRO MORRORRICO;5. Adultez (27- 59 años);NO;536
14;14. MORRORRICO;360;EL RETIRO MORRORRICO;6. Persona Mayor 60 o mas;NO;165
14;14. MORRORRICO;369;MIRAMANGA;1. Primera Infancia (0-5 años);NO;64
14;14. MORRORRICO;369;MIRAMANGA;2. Infancia (6 - 11 años);NO;62
14;14. MORRORRICO;369;MIRAMANGA;3. Adolescencia (12 - 18 años);NO;88
14;14. MORRORRICO;369;MIRAMANGA;4. Juventud (14 - 26 años);NO;77
14;14. MORRORRICO;369;MIRAMANGA;5. Adultez (27- 59 años);NO;228
14;14. MORRORRICO;369;MIRAMANGA;6. Persona Mayor 60 o mas;NO;44
15;15. CENTRO;130;CENTRO;1. Primera Infancia (0-5 años);NO;20
15;15. CENTRO;130;CENTRO;2. Infancia (6 - 11 años);NO;24
15;15. CENTRO;130;CENTRO;3. Adolescencia (12 - 18 años);NO;22
15;15. CENTRO;130;CENTRO;4. Juventud (14 - 26 años);NO;27
15;15. CENTRO;130;CENTRO;5. Adultez (27- 59 años);NO;105
15;15. CENTRO;130;CENTRO;6. Persona Mayor 60 o mas;NO;60
15;15. CENTRO;141;GARCIA ROVIRA;1. Primera Infancia (0-5 años);NO;19
15;15. CENTRO;141;GARCIA ROVIRA;2. Infancia (6 - 11 años);NO;10
15;15. CENTRO;141;GARCIA ROVIRA;3. Adolescencia (12 - 18 años);NO;10
15;15. CENTRO;141;GARCIA ROVIRA;4. Juventud (14 - 26 años);NO;12
15;15. CENTRO;141;GARCIA ROVIRA;5. Adultez (27- 59 años);NO;55
15;15. CENTRO;141;GARCIA ROVIRA;6. Persona Mayor 60 o mas;NO;19
16;16. LAGOS DEL CACIQUE;215;PORTON DEL TEJAR;4. Juventud (14 - 26 años);NO;1
16;16. LAGOS DEL CACIQUE;215;PORTON DEL TEJAR;5. Adultez (27- 59 años);NO;2
16;16. LAGOS DEL CACIQUE;215;PORTON DEL TEJAR;6. Persona Mayor 60 o mas;NO;1
16;16. LAGOS DEL CACIQUE;216;ALTOS DEL CACIQUE;2. Infancia (6 - 11 años);NO;2
16;16. LAGOS DEL CACIQUE;216;ALTOS DEL CACIQUE;3. Adolescencia (12 - 18 años);NO;1
16;16. LAGOS DEL CACIQUE;216;ALTOS DEL CACIQUE;4. Juventud (14 - 26 años);NO;1
16;16. LAGOS DEL CACIQUE;216;ALTOS DEL CACIQUE;5. Adultez (27- 59 años);NO;5
16;16. LAGOS DEL CACIQUE;216;ALTOS DEL CACIQUE;6. Persona Mayor 60 o mas;NO;1
16;16. LAGOS DEL CACIQUE;217;HACIENDA SAN JUAN;1. Primera Infancia (0-5 años);NO;1
16;16. LAGOS DEL CACIQUE;217;HACIENDA SAN JUAN;2. Infancia (6 - 11 años);NO;1
16;16. LAGOS DEL CACIQUE;217;HACIENDA SAN JUAN;3. Adolescencia (12 - 18 años);NO;1
16;16. LAGOS DEL CACIQUE;217;HACIENDA SAN JUAN;4. Juventud (14 - 26 años);NO;2
16;16. LAGOS DEL CACIQUE;217;HACIENDA SAN JUAN;5. Adultez (27- 59 años);NO;2
16;16. LAGOS DEL CACIQUE;217;HACIENDA SAN JUAN;6. Persona Mayor 60 o mas;NO;1
16;16. LAGOS DEL CACIQUE;218;SAN EXPEDITO;1. Primera Infancia (0-5 años);NO;31
16;16. LAGOS DEL CACIQUE;218;SAN EXPEDITO;2. Infancia (6 - 11 años);NO;31
16;16. LAGOS DEL CACIQUE;218;SAN EXPEDITO;3. Adolescencia (12 - 18 años);NO;41
16;16. LAGOS DEL CACIQUE;218;SAN EXPEDITO;4. Juventud (14 - 26 años);NO;33
16;16. LAGOS DEL CACIQUE;218;SAN EXPEDITO;5. Adultez (27- 59 años);NO;137
16;16. LAGOS DEL CACIQUE;218;SAN EXPEDITO;6. Persona Mayor 60 o mas;NO;44
16;16. LAGOS DEL CACIQUE;219;SANTA BARBARA CASAS;1. Primera Infancia (0-5 años);NO;2
16;16. LAGOS DEL CACIQUE;219;SANTA BARBARA CASAS;2. Infancia (6 - 11 años);NO;1
16;16. LAGOS DEL CACIQUE;219;SANTA BARBARA CASAS;3. Adolescencia (12 - 18 años);NO;4
16;16. LAGOS DEL CACIQUE;219;SANTA BARBARA CASAS;4. Juventud (14 - 26 años);NO;4
16;16. LAGOS DEL CACIQUE;219;SANTA BARBARA CASAS;5. Adultez (27- 59 años);NO;14
16;16. LAGOS DEL CACIQUE;219;SANTA BARBARA CASAS;6. Persona Mayor 60 o mas;NO;3
16;16. LAGOS DEL CACIQUE;315;LAGOS DEL CACIQUE;4. Juventud (14 - 26 años);NO;3
16;16. LAGOS DEL CACIQUE;315;LAGOS DEL CACIQUE;5. Adultez (27- 59 años);NO;4
16;16. LAGOS DEL CACIQUE;341;BOSQUE DEL CACIQUE;1. Primera Infancia (0-5 años);NO;5
16;16. LAGOS DEL CACIQUE;341;BOSQUE DEL CACIQUE;2. Infancia (6 - 11 años);NO;1
16;16. LAGOS DEL CACIQUE;341;BOSQUE DEL CACIQUE;3. Adolescencia (12 - 18 años);NO;2
16;16. LAGOS DEL CACIQUE;341;BOSQUE DEL CACIQUE;4. Juventud (14 - 26 años);NO;6
16;16. LAGOS DEL CACIQUE;341;BOSQUE DEL CACIQUE;5. Adultez (27- 59 años);NO;19
16;16. LAGOS DEL CACIQUE;341;BOSQUE DEL CACIQUE;6. Persona Mayor 60 o mas;NO;3
17;17. MUTIS;164;MUTIS;1. Primera Infancia (0-5 años);NO;53
17;17. MUTIS;164;MUTIS;2. Infancia (6 - 11 años);NO;44
17;17. MUTIS;164;MUTIS;3. Adolescencia (12 - 18 años);NO;55
17;17. MUTIS;164;MUTIS;4. Juventud (14 - 26 años);NO;97
17;17. MUTIS;164;MUTIS;5. Adultez (27- 59 años);NO;269
17;17. MUTIS;164;MUTIS;6. Persona Mayor 60 o mas;NO;135
17;17. MUTIS;165;BRISAS DEL MUTIS;1. Primera Infancia (0-5 años);NO;4
17;17. MUTIS;165;BRISAS DEL MUTIS;2. Infancia (6 - 11 años);NO;3
17;17. MUTIS;165;BRISAS DEL MUTIS;3. Adolescencia (12 - 18 años);NO;6
17;17. MUTIS;165;BRISAS DEL MUTIS;4. Juventud (14 - 26 años);NO;9
17;17. MUTIS;165;BRISAS DEL MUTIS;5. Adultez (27- 59 años);NO;28
17;17. MUTIS;165;BRISAS DEL MUTIS;6. Persona Mayor 60 o mas;NO;8
17;17. MUTIS;166;MONTERREDONDO;1. Primera Infancia (0-5 años);NO;121
17;17. MUTIS;166;MONTERREDONDO;2. Infancia (6 - 11 años);NO;97
17;17. MUTIS;166;MONTERREDONDO;3. Adolescencia (12 - 18 años);NO;118
17;17. MUTIS;166;MONTERREDONDO;4. Juventud (14 - 26 años);NO;142
17;17. MUTIS;166;MONTERREDONDO;5. Adultez (27- 59 años);NO;529
17;17. MUTIS;166;MONTERREDONDO;6. Persona Mayor 60 o mas;NO;179
17;17. MUTIS;168;FUNDADORES I Y II;1. Primera Infancia (0-5 años);NO;1
17;17. MUTIS;168;FUNDADORES I Y II;2. Infancia (6 - 11 años);NO;2
17;17. MUTIS;168;FUNDADORES I Y II;3. Adolescencia (12 - 18 años);NO;1
17;17. MUTIS;168;FUNDADORES I Y II;4. Juventud (14 - 26 años);NO;2
17;17. MUTIS;168;FUNDADORES I Y II;5. Adultez (27- 59 años);NO;3
17;17. MUTIS;168;FUNDADORES I Y II;6. Persona Mayor 60 o mas;NO;3
17;17. MUTIS;170;MANZANARES;1. Primera Infancia (0-5 años);NO;4
17;17. MUTIS;170;MANZANARES;2. Infancia (6 - 11 años);NO;1
17;17. MUTIS;170;MANZANARES;3. Adolescencia (12 - 18 años);NO;2
17;17. MUTIS;170;MANZANARES;4. Juventud (14 - 26 años);NO;7
17;17. MUTIS;170;MANZANARES;5. Adultez (27- 59 años);NO;13
17;17. MUTIS;170;MANZANARES;6. Persona Mayor 60 o mas;NO;5
17;17. MUTIS;172;PRADOS DEL MUTIS;1. Primera Infancia (0-5 años);NO;3
17;17. MUTIS;172;PRADOS DEL MUTIS;2. Infancia (6 - 11 años);NO;3
17;17. MUTIS;172;PRADOS DEL MUTIS;3. Adolescencia (12 - 18 años);NO;7
17;17. MUTIS;172;PRADOS DEL MUTIS;4. Juventud (14 - 26 años);NO;19
17;17. MUTIS;172;PRADOS DEL MUTIS;5. Adultez (27- 59 años);NO;36
17;17. MUTIS;172;PRADOS DEL MUTIS;6. Persona Mayor 60 o mas;NO;14
17;17. MUTIS;173;ESTORAQUES;1. Primera Infancia (0-5 años);SI;326
17;17. MUTIS;173;ESTORAQUES;2. Infancia (6 - 11 años);SI;300
17;17. MUTIS;173;ESTORAQUES;3. Adolescencia (12 - 18 años);SI;367
17;17. MUTIS;173;ESTORAQUES;4. Juventud (14 - 26 años);SI;435
17;17. MUTIS;173;ESTORAQUES;5. Adultez (27- 59 años);SI;1461
17;17. MUTIS;173;ESTORAQUES;6. Persona Mayor 60 o mas;SI;370
17;17. MUTIS;176;LOS HEROES;1. Primera Infancia (0-5 años);NO;8
17;17. MUTIS;176;LOS HEROES;2. Infancia (6 - 11 años);NO;5
17;17. MUTIS;176;LOS HEROES;3. Adolescencia (12 - 18 años);NO;6
17;17. MUTIS;176;LOS HEROES;4. Juventud (14 - 26 años);NO;16
17;17. MUTIS;176;LOS HEROES;5. Adultez (27- 59 años);NO;41
17;17. MUTIS;176;LOS HEROES;6. Persona Mayor 60 o mas;NO;14
17;17. MUTIS;363;LA GRAN LADERA;1. Primera Infancia (0-5 años);NO;72
17;17. MUTIS;363;LA GRAN LADERA;2. Infancia (6 - 11 años);NO;64
17;17. MUTIS;363;LA GRAN LADERA;3. Adolescencia (12 - 18 años);NO;67
17;17. MUTIS;363;LA GRAN LADERA;4. Juventud (14 - 26 años);NO;81
17;17. MUTIS;363;LA GRAN LADERA;5. Adultez (27- 59 años);NO;266
17;17. MUTIS;363;LA GRAN LADERA;6. Persona Mayor 60 o mas;NO;44
