Cod_comuna_x;Cod_corregimiento;NOM_CORREGIMIENTO;Cod_vereda;NOM_VEREDA;Cod_barrio;NOM_BARRIO;sexo_persona;personas
1;0;SIN CORREGIMIENTO;0;SIN VEREDA;1;EL PAULON VILLA PATRICIA;1;205
1;0;SIN CORREGIMIENTO;0;SIN VEREDA;1;EL PAULON VILLA PATRICIA;2;216
1;0;SIN CORREGIMIENTO;0;SIN VEREDA;2;EL PAULON VILLA LINA;1;472
1;0;SIN CORREGIMIENTO;0;SIN VEREDA;2;EL PAULON VILLA LINA;2;490
1;0;SIN CORREGIMIENTO;0;SIN VEREDA;3;COLORADOS;1;1293
1;0;SIN CORREGIMIENTO;0;SIN VEREDA;3;COLORADOS;2;1543
1;0;SIN CORREGIMIENTO;0;SIN VEREDA;4;EL PAULON;1;548
1;0;SIN CORREGIMIENTO;0;SIN VEREDA;4;EL PAULON;2;585
1;0;SIN CORREGIMIENTO;0;SIN VEREDA;5;ROSALTA COLORADOS;1;168
1;0;SIN CORREGIMIENTO;0;SIN VEREDA;5;ROSALTA COLORADOS;2;182
1;0;SIN CORREGIMIENTO;0;SIN VEREDA;6;COLORADOS PATIO BONITO;1;171
1;0;SIN CORREGIMIENTO;0;SIN VEREDA;6;COLORADOS PATIO BONITO;2;180
1;0;SIN CORREGIMIENTO;0;SIN VEREDA;7;CAFê MADRID VILLA ALICIA;1;94
1;0;SIN CORREGIMIENTO;0;SIN VEREDA;7;CAFê MADRID VILLA ALICIA;2;96
1;0;SIN CORREGIMIENTO;0;SIN VEREDA;8;EL ROSAL COLORADOS;1;312
1;0;SIN CORREGIMIENTO;0;SIN VEREDA;8;EL ROSAL COLORADOS;2;369
1;0;SIN CORREGIMIENTO;0;SIN VEREDA;9;LAS DELICIAS;1;11
1;0;SIN CORREGIMIENTO;0;SIN VEREDA;9;LAS DELICIAS;2;12
1;0;SIN CORREGIMIENTO;0;SIN VEREDA;10;ASENTAMIENTO BARRIO NUEVO;1;8
1;0;SIN CORREGIMIENTO;0;SIN VEREDA;10;ASENTAMIENTO BARRIO NUEVO;2;13
1;0;SIN CORREGIMIENTO;0;SIN VEREDA;11;DIVINO NI•O NORTE;1;130
1;0;SIN CORREGIMIENTO;0;SIN VEREDA;11;DIVINO NI•O NORTE;2;145
1;0;SIN CORREGIMIENTO;0;SIN VEREDA;12;CAFê MADRID EL TÈNEL;1;340
1;0;SIN CORREGIMIENTO;0;SIN VEREDA;12;CAFê MADRID EL TÈNEL;2;374
1;0;SIN CORREGIMIENTO;0;SIN VEREDA;13;CAFê MADRID LA UNI‡N;1;57
1;0;SIN CORREGIMIENTO;0;SIN VEREDA;13;CAFê MADRID LA UNI‡N;2;53
1;0;SIN CORREGIMIENTO;0;SIN VEREDA;14;CAFê MADRID;1;319
1;0;SIN CORREGIMIENTO;0;SIN VEREDA;14;CAFê MADRID;2;354
1;0;SIN CORREGIMIENTO;0;SIN VEREDA;15;CAFê MADRID LA PLAYA;1;310
1;0;SIN CORREGIMIENTO;0;SIN VEREDA;15;CAFê MADRID LA PLAYA;2;336
1;0;SIN CORREGIMIENTO;0;SIN VEREDA;19;CAFê MADRID LA LOMA;1;90
1;0;SIN CORREGIMIENTO;0;SIN VEREDA;19;CAFê MADRID LA LOMA;2;114
1;0;SIN CORREGIMIENTO;0;SIN VEREDA;24;CIUDADELA CAFê MADRID ;1;919
1;0;SIN CORREGIMIENTO;0;SIN VEREDA;24;CIUDADELA CAFê MADRID ;2;1068
1;0;SIN CORREGIMIENTO;0;SIN VEREDA;25;CAFê MADRID EL PLAN;1;332
1;0;SIN CORREGIMIENTO;0;SIN VEREDA;25;CAFê MADRID EL PLAN;2;375
1;0;SIN CORREGIMIENTO;0;SIN VEREDA;26;CAFê MADRID LA VIRGEN;1;77
1;0;SIN CORREGIMIENTO;0;SIN VEREDA;26;CAFê MADRID LA VIRGEN;2;81
1;0;SIN CORREGIMIENTO;0;SIN VEREDA;27;CAFê MADRID EL SUICHE;1;24
1;0;SIN CORREGIMIENTO;0;SIN VEREDA;27;CAFê MADRID EL SUICHE;2;33
1;0;SIN CORREGIMIENTO;0;SIN VEREDA;28;CAFê MADRID EL CABLE;1;200
1;0;SIN CORREGIMIENTO;0;SIN VEREDA;28;CAFê MADRID EL CABLE;2;217
1;0;SIN CORREGIMIENTO;0;SIN VEREDA;29;KENNEDY;1;1276
1;0;SIN CORREGIMIENTO;0;SIN VEREDA;29;KENNEDY;2;1622
1;0;SIN CORREGIMIENTO;0;SIN VEREDA;30;VILLA ALEGRIA;1;446
1;0;SIN CORREGIMIENTO;0;SIN VEREDA;30;VILLA ALEGRIA;2;453
1;0;SIN CORREGIMIENTO;0;SIN VEREDA;31;LAS HAMACAS;1;351
1;0;SIN CORREGIMIENTO;0;SIN VEREDA;31;LAS HAMACAS;2;380
1;0;SIN CORREGIMIENTO;0;SIN VEREDA;32;MAR÷A PAZ;1;1780
1;0;SIN CORREGIMIENTO;0;SIN VEREDA;32;MAR÷A PAZ;2;2000
1;0;SIN CORREGIMIENTO;0;SIN VEREDA;33;ALTOS DEL KENNEDY;1;223
1;0;SIN CORREGIMIENTO;0;SIN VEREDA;33;ALTOS DEL KENNEDY;2;265
1;0;SIN CORREGIMIENTO;0;SIN VEREDA;35;MINUTO DE DIOS;1;418
1;0;SIN CORREGIMIENTO;0;SIN VEREDA;35;MINUTO DE DIOS;2;499
1;0;SIN CORREGIMIENTO;0;SIN VEREDA;36;MIRADOR DEL KENNEDY;1;77
1;0;SIN CORREGIMIENTO;0;SIN VEREDA;36;MIRADOR DEL KENNEDY;2;96
1;0;SIN CORREGIMIENTO;0;SIN VEREDA;38;COLSEGUROS NORTE;1;419
1;0;SIN CORREGIMIENTO;0;SIN VEREDA;38;COLSEGUROS NORTE;2;536
1;0;SIN CORREGIMIENTO;0;SIN VEREDA;39;OMAGA I ;1;92
1;0;SIN CORREGIMIENTO;0;SIN VEREDA;39;OMAGA I ;2;102
1;0;SIN CORREGIMIENTO;0;SIN VEREDA;40;MIRAMAR;1;218
1;0;SIN CORREGIMIENTO;0;SIN VEREDA;40;MIRAMAR;2;245
1;0;SIN CORREGIMIENTO;0;SIN VEREDA;41;BALCONES DEL KENNEDY;1;532
1;0;SIN CORREGIMIENTO;0;SIN VEREDA;41;BALCONES DEL KENNEDY;2;589
1;0;SIN CORREGIMIENTO;0;SIN VEREDA;42;VILLA MAR÷A;1;172
1;0;SIN CORREGIMIENTO;0;SIN VEREDA;42;VILLA MAR÷A;2;202
1;0;SIN CORREGIMIENTO;0;SIN VEREDA;43;ASENTAMIENTO VILLA MAR÷A;1;1
1;0;SIN CORREGIMIENTO;0;SIN VEREDA;43;ASENTAMIENTO VILLA MAR÷A;2;2
1;0;SIN CORREGIMIENTO;0;SIN VEREDA;45;LOS µNGELES;1;1
1;0;SIN CORREGIMIENTO;0;SIN VEREDA;45;LOS µNGELES;2;1
1;0;SIN CORREGIMIENTO;0;SIN VEREDA;47;OLAS ALTAS Y BAJAS;1;512
1;0;SIN CORREGIMIENTO;0;SIN VEREDA;47;OLAS ALTAS Y BAJAS;2;549
1;0;SIN CORREGIMIENTO;0;SIN VEREDA;49;PAISAJES DEL NORTE;1;351
1;0;SIN CORREGIMIENTO;0;SIN VEREDA;49;PAISAJES DEL NORTE;2;366
1;0;SIN CORREGIMIENTO;0;SIN VEREDA;50;VILLA ROSA;1;2680
1;0;SIN CORREGIMIENTO;0;SIN VEREDA;50;VILLA ROSA;2;2935
1;0;SIN CORREGIMIENTO;0;SIN VEREDA;54;MIRADOR NORTE;1;1
1;0;SIN CORREGIMIENTO;0;SIN VEREDA;54;MIRADOR NORTE;2;1
1;0;SIN CORREGIMIENTO;0;SIN VEREDA;55;CLAVERIANO;1;633
1;0;SIN CORREGIMIENTO;0;SIN VEREDA;55;CLAVERIANO;2;745
1;0;SIN CORREGIMIENTO;0;SIN VEREDA;56;ALTOS DEL PROGRESO;1;607
1;0;SIN CORREGIMIENTO;0;SIN VEREDA;56;ALTOS DEL PROGRESO;2;629
1;0;SIN CORREGIMIENTO;0;SIN VEREDA;58;13 DE JUNIO;1;102
1;0;SIN CORREGIMIENTO;0;SIN VEREDA;58;13 DE JUNIO;2;107
1;0;SIN CORREGIMIENTO;0;SIN VEREDA;69;VILLA MERCEDES;1;1
1;0;SIN CORREGIMIENTO;0;SIN VEREDA;88;CAFê MADRID LA 40;1;46
1;0;SIN CORREGIMIENTO;0;SIN VEREDA;88;CAFê MADRID LA 40;2;51
1;0;SIN CORREGIMIENTO;0;SIN VEREDA;91;TEJADITOS;1;9
1;0;SIN CORREGIMIENTO;0;SIN VEREDA;91;TEJADITOS;2;16
1;0;SIN CORREGIMIENTO;0;SIN VEREDA;94;EL NOGAL 2;1;318
1;0;SIN CORREGIMIENTO;0;SIN VEREDA;94;EL NOGAL 2;2;332
1;0;SIN CORREGIMIENTO;0;SIN VEREDA;108;LIMONCITO MORRORRICO;1;1
1;0;SIN CORREGIMIENTO;0;SIN VEREDA;108;LIMONCITO MORRORRICO;2;2
1;0;SIN CORREGIMIENTO;0;SIN VEREDA;229;VILLA SARA;1;1
1;0;SIN CORREGIMIENTO;0;SIN VEREDA;229;VILLA SARA;2;3
1;0;SIN CORREGIMIENTO;0;SIN VEREDA;230;VILLA ALICIA;1;89
1;0;SIN CORREGIMIENTO;0;SIN VEREDA;230;VILLA ALICIA;2;79
1;0;SIN CORREGIMIENTO;0;SIN VEREDA;235;DELICIAS NORTE;1;58
1;0;SIN CORREGIMIENTO;0;SIN VEREDA;235;DELICIAS NORTE;2;56
1;0;SIN CORREGIMIENTO;0;SIN VEREDA;244;VILLA FLOR;1;3
1;0;SIN CORREGIMIENTO;0;SIN VEREDA;244;VILLA FLOR;2;1
1;0;SIN CORREGIMIENTO;0;SIN VEREDA;247;LA FORTUNA;1;236
1;0;SIN CORREGIMIENTO;0;SIN VEREDA;247;LA FORTUNA;2;265
1;0;SIN CORREGIMIENTO;0;SIN VEREDA;281;SAN IGNACIO REAL;1;204
1;0;SIN CORREGIMIENTO;0;SIN VEREDA;281;SAN IGNACIO REAL;2;219
1;0;SIN CORREGIMIENTO;0;SIN VEREDA;291;CAMINOS DE PAZ;1;71
1;0;SIN CORREGIMIENTO;0;SIN VEREDA;291;CAMINOS DE PAZ;2;78
1;0;SIN CORREGIMIENTO;0;SIN VEREDA;292;LAS TUNAS;1;1
1;0;SIN CORREGIMIENTO;0;SIN VEREDA;292;LAS TUNAS;2;1
1;0;SIN CORREGIMIENTO;0;SIN VEREDA;297;TEJAR II;1;397
1;0;SIN CORREGIMIENTO;0;SIN VEREDA;297;TEJAR II;2;456
1;0;SIN CORREGIMIENTO;0;SIN VEREDA;298;TEJAR I;1;290
1;0;SIN CORREGIMIENTO;0;SIN VEREDA;298;TEJAR I;2;312
1;0;SIN CORREGIMIENTO;0;SIN VEREDA;299;OMAGA II;1;301
1;0;SIN CORREGIMIENTO;0;SIN VEREDA;299;OMAGA II;2;299
1;0;SIN CORREGIMIENTO;0;SIN VEREDA;301;CERVUNION;1;173
1;0;SIN CORREGIMIENTO;0;SIN VEREDA;301;CERVUNION;2;220
1;0;SIN CORREGIMIENTO;0;SIN VEREDA;302;ASENTAMIENTO LUZ DE ESPERANZA;1;14
1;0;SIN CORREGIMIENTO;0;SIN VEREDA;302;ASENTAMIENTO LUZ DE ESPERANZA;2;14
1;0;SIN CORREGIMIENTO;0;SIN VEREDA;305;SAN VALENT÷N;1;294
1;0;SIN CORREGIMIENTO;0;SIN VEREDA;305;SAN VALENT÷N;2;304
1;0;SIN CORREGIMIENTO;0;SIN VEREDA;311;ALTOS DE BETANIA;1;604
1;0;SIN CORREGIMIENTO;0;SIN VEREDA;311;ALTOS DE BETANIA;2;635
1;0;SIN CORREGIMIENTO;0;SIN VEREDA;328;CAMPESTRE NORTE ;1;1236
1;0;SIN CORREGIMIENTO;0;SIN VEREDA;328;CAMPESTRE NORTE ;2;1371
1;0;SIN CORREGIMIENTO;0;SIN VEREDA;332;BONANZA CAMPESTRE;1;244
1;0;SIN CORREGIMIENTO;0;SIN VEREDA;332;BONANZA CAMPESTRE;2;258
1;0;SIN CORREGIMIENTO;0;SIN VEREDA;335;PUENTE NARI•O;1;509
1;0;SIN CORREGIMIENTO;0;SIN VEREDA;335;PUENTE NARI•O;2;534
1;0;SIN CORREGIMIENTO;0;SIN VEREDA;338;CAFE MADRID LA SEXTA;1;49
1;0;SIN CORREGIMIENTO;0;SIN VEREDA;338;CAFE MADRID LA SEXTA;2;53
1;0;SIN CORREGIMIENTO;0;SIN VEREDA;342;VILLAS DE SAN IGNACIO;1;361
1;0;SIN CORREGIMIENTO;0;SIN VEREDA;342;VILLAS DE SAN IGNACIO;2;396
1;0;SIN CORREGIMIENTO;0;SIN VEREDA;346;JARDINES DE ALTAGRACIA;1;66
1;0;SIN CORREGIMIENTO;0;SIN VEREDA;346;JARDINES DE ALTAGRACIA;2;70
1;0;SIN CORREGIMIENTO;0;SIN VEREDA;348;PORTAL DE LOS µNGELES;1;333
1;0;SIN CORREGIMIENTO;0;SIN VEREDA;348;PORTAL DE LOS µNGELES;2;369
1;0;SIN CORREGIMIENTO;0;SIN VEREDA;350;BETANIA ;1;1491
1;0;SIN CORREGIMIENTO;0;SIN VEREDA;350;BETANIA ;2;1663
1;0;SIN CORREGIMIENTO;0;SIN VEREDA;351;CAFê MADRID LA ESTACI‡N;1;392
1;0;SIN CORREGIMIENTO;0;SIN VEREDA;351;CAFê MADRID LA ESTACI‡N;2;437
1;0;SIN CORREGIMIENTO;0;SIN VEREDA;354;MIRADOR DE COLORADOS;1;81
1;0;SIN CORREGIMIENTO;0;SIN VEREDA;354;MIRADOR DE COLORADOS;2;82
1;0;SIN CORREGIMIENTO;0;SIN VEREDA;356;BAVARIA;1;1343
1;0;SIN CORREGIMIENTO;0;SIN VEREDA;356;BAVARIA;2;1394
1;0;SIN CORREGIMIENTO;0;SIN VEREDA;357;CAFê MADRID CORRALES;1;26
1;0;SIN CORREGIMIENTO;0;SIN VEREDA;357;CAFê MADRID CORRALES;2;23
1;0;SIN CORREGIMIENTO;0;SIN VEREDA;359;GETSEMANI;1;241
1;0;SIN CORREGIMIENTO;0;SIN VEREDA;359;GETSEMANI;2;244
1;0;SIN CORREGIMIENTO;0;SIN VEREDA;361;VILLAS DEL NOGAL;1;2
1;0;SIN CORREGIMIENTO;0;SIN VEREDA;361;VILLAS DEL NOGAL;2;2
1;0;SIN CORREGIMIENTO;0;SIN VEREDA;366;LOS CEDROS NORTE;1;33
1;0;SIN CORREGIMIENTO;0;SIN VEREDA;366;LOS CEDROS NORTE;2;45
1;0;SIN CORREGIMIENTO;0;SIN VEREDA;370;CAMPO MADRID;1;1863
1;0;SIN CORREGIMIENTO;0;SIN VEREDA;370;CAMPO MADRID;2;2173
2;0;SIN CORREGIMIENTO;0;SIN VEREDA;0;BARRIO_S4;1;238
2;0;SIN CORREGIMIENTO;0;SIN VEREDA;0;BARRIO_S4;2;254
2;0;SIN CORREGIMIENTO;0;SIN VEREDA;8;EL ROSAL COLORADOS;2;2
2;0;SIN CORREGIMIENTO;0;SIN VEREDA;21;MIRADOR DE LA UIS;1;405
2;0;SIN CORREGIMIENTO;0;SIN VEREDA;21;MIRADOR DE LA UIS;2;428
2;0;SIN CORREGIMIENTO;0;SIN VEREDA;37;LOS CUADROS;1;442
2;0;SIN CORREGIMIENTO;0;SIN VEREDA;37;LOS CUADROS;2;474
2;0;SIN CORREGIMIENTO;0;SIN VEREDA;44;VILLA HELENA I Y II;1;1153
2;0;SIN CORREGIMIENTO;0;SIN VEREDA;44;VILLA HELENA I Y II;2;1291
2;0;SIN CORREGIMIENTO;0;SIN VEREDA;45;LOS µNGELES;1;501
2;0;SIN CORREGIMIENTO;0;SIN VEREDA;45;LOS µNGELES;2;526
2;0;SIN CORREGIMIENTO;0;SIN VEREDA;46;JOSE MAR÷A C‡RDOBA;1;357
2;0;SIN CORREGIMIENTO;0;SIN VEREDA;46;JOSE MAR÷A C‡RDOBA;2;421
2;0;SIN CORREGIMIENTO;0;SIN VEREDA;47;OLAS ALTAS Y BAJAS;1;36
2;0;SIN CORREGIMIENTO;0;SIN VEREDA;47;OLAS ALTAS Y BAJAS;2;43
2;0;SIN CORREGIMIENTO;0;SIN VEREDA;50;VILLA ROSA;1;135
2;0;SIN CORREGIMIENTO;0;SIN VEREDA;50;VILLA ROSA;2;141
2;0;SIN CORREGIMIENTO;0;SIN VEREDA;51;LIZCANO I Y II;1;304
2;0;SIN CORREGIMIENTO;0;SIN VEREDA;51;LIZCANO I Y II;2;305
2;0;SIN CORREGIMIENTO;0;SIN VEREDA;52;ESPERANZA II;1;966
2;0;SIN CORREGIMIENTO;0;SIN VEREDA;52;ESPERANZA II;2;1051
2;0;SIN CORREGIMIENTO;0;SIN VEREDA;53;ESPERANZA III;1;534
2;0;SIN CORREGIMIENTO;0;SIN VEREDA;53;ESPERANZA III;2;567
2;0;SIN CORREGIMIENTO;0;SIN VEREDA;54;MIRADOR NORTE;1;534
2;0;SIN CORREGIMIENTO;0;SIN VEREDA;54;MIRADOR NORTE;2;546
2;0;SIN CORREGIMIENTO;0;SIN VEREDA;57;BOSCONIA ;1;6
2;0;SIN CORREGIMIENTO;0;SIN VEREDA;57;BOSCONIA ;2;4
2;0;SIN CORREGIMIENTO;0;SIN VEREDA;58;13 DE JUNIO;1;1
2;0;SIN CORREGIMIENTO;0;SIN VEREDA;58;13 DE JUNIO;2;4
2;0;SIN CORREGIMIENTO;0;SIN VEREDA;59;LA GRANJITA;1;119
2;0;SIN CORREGIMIENTO;0;SIN VEREDA;59;LA GRANJITA;2;110
2;0;SIN CORREGIMIENTO;0;SIN VEREDA;61;REGADERO NORTE;1;754
2;0;SIN CORREGIMIENTO;0;SIN VEREDA;61;REGADERO NORTE;2;869
2;0;SIN CORREGIMIENTO;0;SIN VEREDA;62;PRIMAVERAL REGADERO;1;77
2;0;SIN CORREGIMIENTO;0;SIN VEREDA;62;PRIMAVERAL REGADERO;2;83
2;0;SIN CORREGIMIENTO;0;SIN VEREDA;64;LA JUVENTUD;1;671
2;0;SIN CORREGIMIENTO;0;SIN VEREDA;64;LA JUVENTUD;2;700
2;0;SIN CORREGIMIENTO;0;SIN VEREDA;65;ESPERANZA I;1;669
2;0;SIN CORREGIMIENTO;0;SIN VEREDA;65;ESPERANZA I;2;753
2;0;SIN CORREGIMIENTO;0;SIN VEREDA;66;SAN CRISTOBAL;1;397
2;0;SIN CORREGIMIENTO;0;SIN VEREDA;66;SAN CRISTOBAL;2;430
2;0;SIN CORREGIMIENTO;0;SIN VEREDA;67;TRANSICI‡N I AL V;1;2589
2;0;SIN CORREGIMIENTO;0;SIN VEREDA;67;TRANSICI‡N I AL V;2;2791
2;0;SIN CORREGIMIENTO;0;SIN VEREDA;68;NUEVA COLOMBIA;1;198
2;0;SIN CORREGIMIENTO;0;SIN VEREDA;68;NUEVA COLOMBIA;2;206
2;0;SIN CORREGIMIENTO;0;SIN VEREDA;69;VILLA MERCEDES;1;1017
2;0;SIN CORREGIMIENTO;0;SIN VEREDA;69;VILLA MERCEDES;2;1156
2;0;SIN CORREGIMIENTO;0;SIN VEREDA;70;OLITAS;1;163
2;0;SIN CORREGIMIENTO;0;SIN VEREDA;70;OLITAS;2;198
2;0;SIN CORREGIMIENTO;0;SIN VEREDA;71;BOSQUE NORTE ;1;618
2;0;SIN CORREGIMIENTO;0;SIN VEREDA;71;BOSQUE NORTE ;2;685
2;0;SIN CORREGIMIENTO;0;SIN VEREDA;72;LA INDEPENDENCIA;1;1784
2;0;SIN CORREGIMIENTO;0;SIN VEREDA;72;LA INDEPENDENCIA;2;1887
2;0;SIN CORREGIMIENTO;0;SIN VEREDA;74;NORTE BAJO;1;70
2;0;SIN CORREGIMIENTO;0;SIN VEREDA;74;NORTE BAJO;2;77
2;0;SIN CORREGIMIENTO;0;SIN VEREDA;75;SAN RAFAEL;1;2
2;0;SIN CORREGIMIENTO;0;SIN VEREDA;75;SAN RAFAEL;2;3
2;0;SIN CORREGIMIENTO;0;SIN VEREDA;76;CHAPINERO;1;2
2;0;SIN CORREGIMIENTO;0;SIN VEREDA;76;CHAPINERO;2;3
2;0;SIN CORREGIMIENTO;0;SIN VEREDA;87;DON BOSCO;1;1
2;0;SIN CORREGIMIENTO;0;SIN VEREDA;87;DON BOSCO;2;1
2;0;SIN CORREGIMIENTO;0;SIN VEREDA;95;COMUNEROS;1;95
2;0;SIN CORREGIMIENTO;0;SIN VEREDA;95;COMUNEROS;2;97
2;0;SIN CORREGIMIENTO;0;SIN VEREDA;101;UNIVERSIDAD;1;3
2;0;SIN CORREGIMIENTO;0;SIN VEREDA;101;UNIVERSIDAD;2;5
2;0;SIN CORREGIMIENTO;0;SIN VEREDA;110;MORRORRICO;1;11
2;0;SIN CORREGIMIENTO;0;SIN VEREDA;110;MORRORRICO;2;19
2;0;SIN CORREGIMIENTO;0;SIN VEREDA;113;PUERTO RICO;1;1
2;0;SIN CORREGIMIENTO;0;SIN VEREDA;113;PUERTO RICO;2;1
2;0;SIN CORREGIMIENTO;0;SIN VEREDA;116;MIRAFLORES;1;1
2;0;SIN CORREGIMIENTO;0;SIN VEREDA;116;MIRAFLORES;2;3
2;0;SIN CORREGIMIENTO;0;SIN VEREDA;153;EL PANTANO I;1;6
2;0;SIN CORREGIMIENTO;0;SIN VEREDA;153;EL PANTANO I;2;5
2;0;SIN CORREGIMIENTO;0;SIN VEREDA;179;COLOMBIA;1;3
2;0;SIN CORREGIMIENTO;0;SIN VEREDA;223;PORVENIR BAJO;1;9
2;0;SIN CORREGIMIENTO;0;SIN VEREDA;223;PORVENIR BAJO;2;3
2;0;SIN CORREGIMIENTO;0;SIN VEREDA;271;MONEQUE;1;36
2;0;SIN CORREGIMIENTO;0;SIN VEREDA;271;MONEQUE;2;44
2;0;SIN CORREGIMIENTO;0;SIN VEREDA;337;CIUDADELA CLUB COMFENALCO;1;179
2;0;SIN CORREGIMIENTO;0;SIN VEREDA;337;CIUDADELA CLUB COMFENALCO;2;242
3;0;SIN CORREGIMIENTO;0;SIN VEREDA;21;MIRADOR DE LA UIS;2;2
3;0;SIN CORREGIMIENTO;0;SIN VEREDA;72;LA INDEPENDENCIA;1;17
3;0;SIN CORREGIMIENTO;0;SIN VEREDA;72;LA INDEPENDENCIA;2;12
3;0;SIN CORREGIMIENTO;0;SIN VEREDA;74;NORTE BAJO;1;271
3;0;SIN CORREGIMIENTO;0;SIN VEREDA;74;NORTE BAJO;2;315
3;0;SIN CORREGIMIENTO;0;SIN VEREDA;75;SAN RAFAEL;1;985
3;0;SIN CORREGIMIENTO;0;SIN VEREDA;75;SAN RAFAEL;2;1119
3;0;SIN CORREGIMIENTO;0;SIN VEREDA;76;CHAPINERO;1;439
3;0;SIN CORREGIMIENTO;0;SIN VEREDA;76;CHAPINERO;2;493
3;0;SIN CORREGIMIENTO;0;SIN VEREDA;95;COMUNEROS;1;2155
3;0;SIN CORREGIMIENTO;0;SIN VEREDA;95;COMUNEROS;2;2496
3;0;SIN CORREGIMIENTO;0;SIN VEREDA;96;MODELO;1;315
3;0;SIN CORREGIMIENTO;0;SIN VEREDA;96;MODELO;2;413
3;0;SIN CORREGIMIENTO;0;SIN VEREDA;97;MUTUALIDAD;1;582
3;0;SIN CORREGIMIENTO;0;SIN VEREDA;97;MUTUALIDAD;2;670
3;0;SIN CORREGIMIENTO;0;SIN VEREDA;98;SAN FRANCISCO;1;964
3;0;SIN CORREGIMIENTO;0;SIN VEREDA;98;SAN FRANCISCO;2;1091
3;0;SIN CORREGIMIENTO;0;SIN VEREDA;99;ALARC‡N;1;108
3;0;SIN CORREGIMIENTO;0;SIN VEREDA;99;ALARC‡N;2;117
3;0;SIN CORREGIMIENTO;0;SIN VEREDA;100;SAN ALONSO;1;7
3;0;SIN CORREGIMIENTO;0;SIN VEREDA;100;SAN ALONSO;2;6
3;0;SIN CORREGIMIENTO;0;SIN VEREDA;101;UNIVERSIDAD;1;61
3;0;SIN CORREGIMIENTO;0;SIN VEREDA;101;UNIVERSIDAD;2;69
3;0;SIN CORREGIMIENTO;0;SIN VEREDA;113;PUERTO RICO;1;62
3;0;SIN CORREGIMIENTO;0;SIN VEREDA;113;PUERTO RICO;2;90
3;0;SIN CORREGIMIENTO;0;SIN VEREDA;130;CENTRO;1;1
3;0;SIN CORREGIMIENTO;0;SIN VEREDA;130;CENTRO;2;3
3;0;SIN CORREGIMIENTO;0;SIN VEREDA;131;ANTONIA SANTOS CENTRO;1;3
3;0;SIN CORREGIMIENTO;0;SIN VEREDA;131;ANTONIA SANTOS CENTRO;2;2
3;0;SIN CORREGIMIENTO;0;SIN VEREDA;195;PABLO VI;1;27
3;0;SIN CORREGIMIENTO;0;SIN VEREDA;195;PABLO VI;2;24
3;0;SIN CORREGIMIENTO;0;SIN VEREDA;218;SAN EXPEDITO;1;3
3;0;SIN CORREGIMIENTO;0;SIN VEREDA;218;SAN EXPEDITO;2;2
3;0;SIN CORREGIMIENTO;0;SIN VEREDA;305;SAN VALENT÷N;1;1
4;0;SIN CORREGIMIENTO;0;SIN VEREDA;0;BARRIO_S4;1;1
4;0;SIN CORREGIMIENTO;0;SIN VEREDA;0;BARRIO_S4;2;1
4;0;SIN CORREGIMIENTO;0;SIN VEREDA;3;COLORADOS;1;1
4;0;SIN CORREGIMIENTO;0;SIN VEREDA;3;COLORADOS;2;1
4;0;SIN CORREGIMIENTO;0;SIN VEREDA;11;DIVINO NI•O NORTE;1;2
4;0;SIN CORREGIMIENTO;0;SIN VEREDA;11;DIVINO NI•O NORTE;2;4
4;0;SIN CORREGIMIENTO;0;SIN VEREDA;14;CAFê MADRID;1;1
4;0;SIN CORREGIMIENTO;0;SIN VEREDA;14;CAFê MADRID;2;1
4;0;SIN CORREGIMIENTO;0;SIN VEREDA;16;GALLINERAL;1;216
4;0;SIN CORREGIMIENTO;0;SIN VEREDA;16;GALLINERAL;2;232
4;0;SIN CORREGIMIENTO;0;SIN VEREDA;18;5 DE ENERO;1;193
4;0;SIN CORREGIMIENTO;0;SIN VEREDA;18;5 DE ENERO;2;198
4;0;SIN CORREGIMIENTO;0;SIN VEREDA;20;CARLOS PIZARRO;1;65
4;0;SIN CORREGIMIENTO;0;SIN VEREDA;20;CARLOS PIZARRO;2;72
4;0;SIN CORREGIMIENTO;0;SIN VEREDA;22;JOSE ANTONIO GALµN;1;820
4;0;SIN CORREGIMIENTO;0;SIN VEREDA;22;JOSE ANTONIO GALµN;2;851
4;0;SIN CORREGIMIENTO;0;SIN VEREDA;35;MINUTO DE DIOS;1;1
4;0;SIN CORREGIMIENTO;0;SIN VEREDA;46;JOSE MAR÷A C‡RDOBA;2;1
4;0;SIN CORREGIMIENTO;0;SIN VEREDA;73;CINAL I II Y III;1;269
4;0;SIN CORREGIMIENTO;0;SIN VEREDA;73;CINAL I II Y III;2;273
4;0;SIN CORREGIMIENTO;0;SIN VEREDA;74;NORTE BAJO;1;11
4;0;SIN CORREGIMIENTO;0;SIN VEREDA;74;NORTE BAJO;2;15
4;0;SIN CORREGIMIENTO;0;SIN VEREDA;75;SAN RAFAEL;1;1
4;0;SIN CORREGIMIENTO;0;SIN VEREDA;75;SAN RAFAEL;2;3
4;0;SIN CORREGIMIENTO;0;SIN VEREDA;77;GAITµN;1;1750
4;0;SIN CORREGIMIENTO;0;SIN VEREDA;77;GAITµN;2;1975
4;0;SIN CORREGIMIENTO;0;SIN VEREDA;78;GRANADA;1;382
4;0;SIN CORREGIMIENTO;0;SIN VEREDA;78;GRANADA;2;345
4;0;SIN CORREGIMIENTO;0;SIN VEREDA;79;LA FERIA;1;289
4;0;SIN CORREGIMIENTO;0;SIN VEREDA;79;LA FERIA;2;369
4;0;SIN CORREGIMIENTO;0;SIN VEREDA;80;NAPOLES;1;442
4;0;SIN CORREGIMIENTO;0;SIN VEREDA;80;NAPOLES;2;461
4;0;SIN CORREGIMIENTO;0;SIN VEREDA;82;GIRARDOT;1;2445
4;0;SIN CORREGIMIENTO;0;SIN VEREDA;82;GIRARDOT;2;2745
4;0;SIN CORREGIMIENTO;0;SIN VEREDA;83;ZARABANDA;1;235
4;0;SIN CORREGIMIENTO;0;SIN VEREDA;83;ZARABANDA;2;262
4;0;SIN CORREGIMIENTO;0;SIN VEREDA;84;CUYANITA;1;365
4;0;SIN CORREGIMIENTO;0;SIN VEREDA;84;CUYANITA;2;359
4;0;SIN CORREGIMIENTO;0;SIN VEREDA;85;CAMILO TORRES;1;307
4;0;SIN CORREGIMIENTO;0;SIN VEREDA;85;CAMILO TORRES;2;370
4;0;SIN CORREGIMIENTO;0;SIN VEREDA;86;SANTANDER;1;915
4;0;SIN CORREGIMIENTO;0;SIN VEREDA;86;SANTANDER;2;1084
4;0;SIN CORREGIMIENTO;0;SIN VEREDA;87;DON BOSCO;1;457
4;0;SIN CORREGIMIENTO;0;SIN VEREDA;87;DON BOSCO;2;528
4;0;SIN CORREGIMIENTO;0;SIN VEREDA;89;NAPOLES CURTIEMBRE;1;222
4;0;SIN CORREGIMIENTO;0;SIN VEREDA;89;NAPOLES CURTIEMBRE;2;210
4;0;SIN CORREGIMIENTO;0;SIN VEREDA;90;LA GLORIA;1;436
4;0;SIN CORREGIMIENTO;0;SIN VEREDA;90;LA GLORIA;2;452
4;0;SIN CORREGIMIENTO;0;SIN VEREDA;92;NARI•O;1;949
4;0;SIN CORREGIMIENTO;0;SIN VEREDA;92;NARI•O;2;948
4;0;SIN CORREGIMIENTO;0;SIN VEREDA;93;PIO XII;1;142
4;0;SIN CORREGIMIENTO;0;SIN VEREDA;93;PIO XII;2;157
4;0;SIN CORREGIMIENTO;0;SIN VEREDA;98;SAN FRANCISCO;1;1
4;0;SIN CORREGIMIENTO;0;SIN VEREDA;99;ALARC‡N;1;14
4;0;SIN CORREGIMIENTO;0;SIN VEREDA;99;ALARC‡N;2;8
4;0;SIN CORREGIMIENTO;0;SIN VEREDA;119;GALµN;1;16
4;0;SIN CORREGIMIENTO;0;SIN VEREDA;119;GALµN;2;16
4;0;SIN CORREGIMIENTO;0;SIN VEREDA;130;CENTRO;2;1
4;0;SIN CORREGIMIENTO;0;SIN VEREDA;131;ANTONIA SANTOS CENTRO;1;1
4;0;SIN CORREGIMIENTO;0;SIN VEREDA;136;SOTOMAYOR;1;1
4;0;SIN CORREGIMIENTO;0;SIN VEREDA;141;GARC÷A ROVIRA;1;12
4;0;SIN CORREGIMIENTO;0;SIN VEREDA;141;GARC÷A ROVIRA;2;14
4;0;SIN CORREGIMIENTO;0;SIN VEREDA;142;ALFONSO L‡PEZ;1;2
4;0;SIN CORREGIMIENTO;0;SIN VEREDA;142;ALFONSO L‡PEZ;2;2
4;0;SIN CORREGIMIENTO;0;SIN VEREDA;145;CAMPO HERMOSO;1;1
4;0;SIN CORREGIMIENTO;0;SIN VEREDA;154;EL PANTANO II;1;26
4;0;SIN CORREGIMIENTO;0;SIN VEREDA;154;EL PANTANO II;2;23
4;0;SIN CORREGIMIENTO;0;SIN VEREDA;193;NUEVA GRANADA;1;34
4;0;SIN CORREGIMIENTO;0;SIN VEREDA;193;NUEVA GRANADA;2;33
4;0;SIN CORREGIMIENTO;0;SIN VEREDA;232;DANGOND;1;13
4;0;SIN CORREGIMIENTO;0;SIN VEREDA;232;DANGOND;2;14
4;0;SIN CORREGIMIENTO;0;SIN VEREDA;240;IGSABELAR;1;6
4;0;SIN CORREGIMIENTO;0;SIN VEREDA;240;IGSABELAR;2;11
4;0;SIN CORREGIMIENTO;0;SIN VEREDA;278;12 DE OCTUBRE;1;606
4;0;SIN CORREGIMIENTO;0;SIN VEREDA;278;12 DE OCTUBRE;2;624
4;0;SIN CORREGIMIENTO;0;SIN VEREDA;279;DIVINO NI•O CENTRO ;1;220
4;0;SIN CORREGIMIENTO;0;SIN VEREDA;279;DIVINO NI•O CENTRO ;2;263
4;0;SIN CORREGIMIENTO;0;SIN VEREDA;280;RESERVA DE LA INMACULADA;1;664
4;0;SIN CORREGIMIENTO;0;SIN VEREDA;280;RESERVA DE LA INMACULADA;2;853
4;0;SIN CORREGIMIENTO;0;SIN VEREDA;307;MILAGRO DE DIOS;1;395
4;0;SIN CORREGIMIENTO;0;SIN VEREDA;307;MILAGRO DE DIOS;2;413
4;0;SIN CORREGIMIENTO;0;SIN VEREDA;325;MAR÷A AUXILIADORA;1;65
4;0;SIN CORREGIMIENTO;0;SIN VEREDA;325;MAR÷A AUXILIADORA;2;60
4;0;SIN CORREGIMIENTO;0;SIN VEREDA;333;23 DE JUNIO;1;279
4;0;SIN CORREGIMIENTO;0;SIN VEREDA;333;23 DE JUNIO;2;317
4;0;SIN CORREGIMIENTO;0;SIN VEREDA;345;PASEO DE LA FERIA;1;637
4;0;SIN CORREGIMIENTO;0;SIN VEREDA;345;PASEO DE LA FERIA;2;715
4;0;SIN CORREGIMIENTO;0;SIN VEREDA;356;BAVARIA;1;4
4;0;SIN CORREGIMIENTO;0;SIN VEREDA;356;BAVARIA;2;2
4;0;SIN CORREGIMIENTO;0;SIN VEREDA;359;GETSEMANI;1;1
4;0;SIN CORREGIMIENTO;0;SIN VEREDA;365;VILLAS DE GIRARDOT;1;952
4;0;SIN CORREGIMIENTO;0;SIN VEREDA;365;VILLAS DE GIRARDOT;2;1097
4;0;SIN CORREGIMIENTO;0;SIN VEREDA;368;URBANIZACI‡N LA INMACULADA;1;1106
4;0;SIN CORREGIMIENTO;0;SIN VEREDA;368;URBANIZACI‡N LA INMACULADA;2;1310
4;0;SIN CORREGIMIENTO;0;SIN VEREDA;999999;BARRIO_S4;1;1
5;0;SIN CORREGIMIENTO;0;SIN VEREDA;17;RINC‡N DE LA PAZ;1;465
5;0;SIN CORREGIMIENTO;0;SIN VEREDA;17;RINC‡N DE LA PAZ;2;481
5;0;SIN CORREGIMIENTO;0;SIN VEREDA;82;GIRARDOT;1;1
5;0;SIN CORREGIMIENTO;0;SIN VEREDA;82;GIRARDOT;2;1
5;0;SIN CORREGIMIENTO;0;SIN VEREDA;141;GARC÷A ROVIRA;1;32
5;0;SIN CORREGIMIENTO;0;SIN VEREDA;141;GARC÷A ROVIRA;2;32
5;0;SIN CORREGIMIENTO;0;SIN VEREDA;142;ALFONSO L‡PEZ;1;1512
5;0;SIN CORREGIMIENTO;0;SIN VEREDA;142;ALFONSO L‡PEZ;2;1828
5;0;SIN CORREGIMIENTO;0;SIN VEREDA;143;LA JOYA;1;917
5;0;SIN CORREGIMIENTO;0;SIN VEREDA;143;LA JOYA;2;1109
5;0;SIN CORREGIMIENTO;0;SIN VEREDA;144;CHORRERAS DE DON JUAN;1;307
5;0;SIN CORREGIMIENTO;0;SIN VEREDA;144;CHORRERAS DE DON JUAN;2;353
5;0;SIN CORREGIMIENTO;0;SIN VEREDA;145;CAMPO HERMOSO;1;3156
5;0;SIN CORREGIMIENTO;0;SIN VEREDA;145;CAMPO HERMOSO;2;3720
5;0;SIN CORREGIMIENTO;0;SIN VEREDA;146;LA ESMERALDA;1;150
5;0;SIN CORREGIMIENTO;0;SIN VEREDA;146;LA ESMERALDA;2;184
5;0;SIN CORREGIMIENTO;0;SIN VEREDA;149;PRIMERO DE MAYO;1;430
5;0;SIN CORREGIMIENTO;0;SIN VEREDA;149;PRIMERO DE MAYO;2;467
5;0;SIN CORREGIMIENTO;0;SIN VEREDA;150;VILLAS DEL ROMERO;2;1
5;0;SIN CORREGIMIENTO;0;SIN VEREDA;151;LA ESTRELLA;1;2
5;0;SIN CORREGIMIENTO;0;SIN VEREDA;151;LA ESTRELLA;2;1
5;0;SIN CORREGIMIENTO;0;SIN VEREDA;152;QUINTA ESTRELLA;1;241
5;0;SIN CORREGIMIENTO;0;SIN VEREDA;152;QUINTA ESTRELLA;2;313
5;0;SIN CORREGIMIENTO;0;SIN VEREDA;153;EL PANTANO I;1;126
5;0;SIN CORREGIMIENTO;0;SIN VEREDA;153;EL PANTANO I;2;152
5;0;SIN CORREGIMIENTO;0;SIN VEREDA;154;EL PANTANO II;1;272
5;0;SIN CORREGIMIENTO;0;SIN VEREDA;154;EL PANTANO II;2;284
5;0;SIN CORREGIMIENTO;0;SIN VEREDA;155;EL PANTANO III;1;158
5;0;SIN CORREGIMIENTO;0;SIN VEREDA;155;EL PANTANO III;2;155
5;0;SIN CORREGIMIENTO;0;SIN VEREDA;168;FUNDADORES I Y II;1;1
5;0;SIN CORREGIMIENTO;0;SIN VEREDA;173;ESTORAQUES;1;771
5;0;SIN CORREGIMIENTO;0;SIN VEREDA;173;ESTORAQUES;2;883
5;0;SIN CORREGIMIENTO;0;SIN VEREDA;175;PUNTA ESTRELLA;1;10
5;0;SIN CORREGIMIENTO;0;SIN VEREDA;175;PUNTA ESTRELLA;2;9
5;0;SIN CORREGIMIENTO;0;SIN VEREDA;192;LA SALLE;1;2
5;0;SIN CORREGIMIENTO;0;SIN VEREDA;192;LA SALLE;2;3
5;0;SIN CORREGIMIENTO;0;SIN VEREDA;285;URBANIZACI‡N LOS BUCAROS;1;20
5;0;SIN CORREGIMIENTO;0;SIN VEREDA;285;URBANIZACI‡N LOS BUCAROS;2;18
5;0;SIN CORREGIMIENTO;0;SIN VEREDA;296;LA PARCELA;1;1
5;0;SIN CORREGIMIENTO;0;SIN VEREDA;301;CERVUNION;2;1
5;0;SIN CORREGIMIENTO;0;SIN VEREDA;328;CAMPESTRE NORTE ;1;1
5;0;SIN CORREGIMIENTO;0;SIN VEREDA;328;CAMPESTRE NORTE ;2;1
5;0;SIN CORREGIMIENTO;0;SIN VEREDA;329;VILLA DEL PRADO;1;57
5;0;SIN CORREGIMIENTO;0;SIN VEREDA;329;VILLA DEL PRADO;2;89
5;0;SIN CORREGIMIENTO;0;SIN VEREDA;336;12 DE FEBRERO;1;5
5;0;SIN CORREGIMIENTO;0;SIN VEREDA;336;12 DE FEBRERO;2;9
5;0;SIN CORREGIMIENTO;0;SIN VEREDA;370;CAMPO MADRID;1;1
5;0;SIN CORREGIMIENTO;0;SIN VEREDA;370;CAMPO MADRID;2;2
6;0;SIN CORREGIMIENTO;0;SIN VEREDA;99;ALARC‡N;2;3
6;0;SIN CORREGIMIENTO;0;SIN VEREDA;130;CENTRO;1;2
6;0;SIN CORREGIMIENTO;0;SIN VEREDA;130;CENTRO;2;4
6;0;SIN CORREGIMIENTO;0;SIN VEREDA;135;LA CONCORDIA;1;323
6;0;SIN CORREGIMIENTO;0;SIN VEREDA;135;LA CONCORDIA;2;407
6;0;SIN CORREGIMIENTO;0;SIN VEREDA;137;NUEVO SOTOMAYOR;1;1
6;0;SIN CORREGIMIENTO;0;SIN VEREDA;137;NUEVO SOTOMAYOR;2;4
6;0;SIN CORREGIMIENTO;0;SIN VEREDA;144;CHORRERAS DE DON JUAN;1;53
6;0;SIN CORREGIMIENTO;0;SIN VEREDA;144;CHORRERAS DE DON JUAN;2;70
6;0;SIN CORREGIMIENTO;0;SIN VEREDA;145;CAMPO HERMOSO;1;4
6;0;SIN CORREGIMIENTO;0;SIN VEREDA;145;CAMPO HERMOSO;2;1
6;0;SIN CORREGIMIENTO;0;SIN VEREDA;156;CANDILES;1;265
6;0;SIN CORREGIMIENTO;0;SIN VEREDA;156;CANDILES;2;336
6;0;SIN CORREGIMIENTO;0;SIN VEREDA;157;SAN MIGUEL;1;477
6;0;SIN CORREGIMIENTO;0;SIN VEREDA;157;SAN MIGUEL;2;613
6;0;SIN CORREGIMIENTO;0;SIN VEREDA;158;GOMEZ NI•O;1;18
6;0;SIN CORREGIMIENTO;0;SIN VEREDA;158;GOMEZ NI•O;2;26
6;0;SIN CORREGIMIENTO;0;SIN VEREDA;159;RICAURTE;1;273
6;0;SIN CORREGIMIENTO;0;SIN VEREDA;159;RICAURTE;2;328
6;0;SIN CORREGIMIENTO;0;SIN VEREDA;160;LA CEIBA;1;7
6;0;SIN CORREGIMIENTO;0;SIN VEREDA;160;LA CEIBA;2;11
6;0;SIN CORREGIMIENTO;0;SIN VEREDA;162;CIUDADELA REAL DE MINAS ;1;1
6;0;SIN CORREGIMIENTO;0;SIN VEREDA;180;CANELOS;1;2
6;0;SIN CORREGIMIENTO;0;SIN VEREDA;180;CANELOS;2;4
6;0;SIN CORREGIMIENTO;0;SIN VEREDA;191;LA VICTORIA;1;20
6;0;SIN CORREGIMIENTO;0;SIN VEREDA;191;LA VICTORIA;2;34
6;0;SIN CORREGIMIENTO;0;SIN VEREDA;194;CORDONCILLO I;1;3
6;0;SIN CORREGIMIENTO;0;SIN VEREDA;194;CORDONCILLO I;2;6
6;0;SIN CORREGIMIENTO;0;SIN VEREDA;195;PABLO VI;1;5
6;0;SIN CORREGIMIENTO;0;SIN VEREDA;195;PABLO VI;2;7
6;0;SIN CORREGIMIENTO;0;SIN VEREDA;274;BOL÷VAR;2;1
6;0;SIN CORREGIMIENTO;0;SIN VEREDA;286;MACAREGUA;2;2
6;0;SIN CORREGIMIENTO;0;SIN VEREDA;308;LA CU•ITA;2;1
7;0;SIN CORREGIMIENTO;0;SIN VEREDA;131;ANTONIA SANTOS CENTRO;1;1
7;0;SIN CORREGIMIENTO;0;SIN VEREDA;131;ANTONIA SANTOS CENTRO;2;1
7;0;SIN CORREGIMIENTO;0;SIN VEREDA;158;GOMEZ NI•O;1;4
7;0;SIN CORREGIMIENTO;0;SIN VEREDA;158;GOMEZ NI•O;2;1
7;0;SIN CORREGIMIENTO;0;SIN VEREDA;159;RICAURTE;2;2
7;0;SIN CORREGIMIENTO;0;SIN VEREDA;162;CIUDADELA REAL DE MINAS ;1;19
7;0;SIN CORREGIMIENTO;0;SIN VEREDA;162;CIUDADELA REAL DE MINAS ;2;49
7;0;SIN CORREGIMIENTO;0;SIN VEREDA;163;BALCONCITOS;1;205
7;0;SIN CORREGIMIENTO;0;SIN VEREDA;163;BALCONCITOS;2;276
7;0;SIN CORREGIMIENTO;0;SIN VEREDA;164;MUTIS;1;2
7;0;SIN CORREGIMIENTO;0;SIN VEREDA;164;MUTIS;2;5
7;0;SIN CORREGIMIENTO;0;SIN VEREDA;171;CIUDAD BOLIVAR;1;44
7;0;SIN CORREGIMIENTO;0;SIN VEREDA;171;CIUDAD BOLIVAR;2;55
7;0;SIN CORREGIMIENTO;0;SIN VEREDA;177;LOS ALMENDROS;1;7
7;0;SIN CORREGIMIENTO;0;SIN VEREDA;177;LOS ALMENDROS;2;6
7;0;SIN CORREGIMIENTO;0;SIN VEREDA;178;SAN GERARDO I Y II;1;18
7;0;SIN CORREGIMIENTO;0;SIN VEREDA;178;SAN GERARDO I Y II;2;30
7;0;SIN CORREGIMIENTO;0;SIN VEREDA;180;CANELOS;1;2
7;0;SIN CORREGIMIENTO;0;SIN VEREDA;182;BUCARAMANGA;1;7
7;0;SIN CORREGIMIENTO;0;SIN VEREDA;182;BUCARAMANGA;2;11
7;0;SIN CORREGIMIENTO;0;SIN VEREDA;184;LAURELES;1;1
7;0;SIN CORREGIMIENTO;0;SIN VEREDA;187;LOS NARANJOS;1;4
7;0;SIN CORREGIMIENTO;0;SIN VEREDA;187;LOS NARANJOS;2;6
7;0;SIN CORREGIMIENTO;0;SIN VEREDA;189;SAMANES;1;3
7;0;SIN CORREGIMIENTO;0;SIN VEREDA;189;SAMANES;2;3
7;0;SIN CORREGIMIENTO;0;SIN VEREDA;273;BALCONES DE GRATAMIRA;1;2
7;0;SIN CORREGIMIENTO;0;SIN VEREDA;273;BALCONES DE GRATAMIRA;2;6
7;0;SIN CORREGIMIENTO;0;SIN VEREDA;286;MACAREGUA;1;1
8;0;SIN CORREGIMIENTO;0;SIN VEREDA;12;CAFê MADRID EL TÈNEL;1;1
8;0;SIN CORREGIMIENTO;0;SIN VEREDA;12;CAFê MADRID EL TÈNEL;2;1
8;0;SIN CORREGIMIENTO;0;SIN VEREDA;18;5 DE ENERO;1;1
8;0;SIN CORREGIMIENTO;0;SIN VEREDA;18;5 DE ENERO;2;1
8;0;SIN CORREGIMIENTO;0;SIN VEREDA;35;MINUTO DE DIOS;1;2
8;0;SIN CORREGIMIENTO;0;SIN VEREDA;35;MINUTO DE DIOS;2;1
8;0;SIN CORREGIMIENTO;0;SIN VEREDA;115;BUENAVISTA;1;2
8;0;SIN CORREGIMIENTO;0;SIN VEREDA;115;BUENAVISTA;2;1
8;0;SIN CORREGIMIENTO;0;SIN VEREDA;160;LA CEIBA;1;3
8;0;SIN CORREGIMIENTO;0;SIN VEREDA;160;LA CEIBA;2;1
8;0;SIN CORREGIMIENTO;0;SIN VEREDA;178;SAN GERARDO I Y II;1;944
8;0;SIN CORREGIMIENTO;0;SIN VEREDA;178;SAN GERARDO I Y II;2;1061
8;0;SIN CORREGIMIENTO;0;SIN VEREDA;179;COLOMBIA;1;137
8;0;SIN CORREGIMIENTO;0;SIN VEREDA;179;COLOMBIA;2;150
8;0;SIN CORREGIMIENTO;0;SIN VEREDA;180;CANELOS;1;509
8;0;SIN CORREGIMIENTO;0;SIN VEREDA;180;CANELOS;2;699
8;0;SIN CORREGIMIENTO;0;SIN VEREDA;181;MANZANA 10;1;129
8;0;SIN CORREGIMIENTO;0;SIN VEREDA;181;MANZANA 10;2;148
8;0;SIN CORREGIMIENTO;0;SIN VEREDA;182;BUCARAMANGA;1;1748
8;0;SIN CORREGIMIENTO;0;SIN VEREDA;182;BUCARAMANGA;2;1935
8;0;SIN CORREGIMIENTO;0;SIN VEREDA;183;PE•‡N DEL VALLE;1;2
8;0;SIN CORREGIMIENTO;0;SIN VEREDA;183;PE•‡N DEL VALLE;2;3
8;0;SIN CORREGIMIENTO;0;SIN VEREDA;184;LAURELES;1;219
8;0;SIN CORREGIMIENTO;0;SIN VEREDA;184;LAURELES;2;238
8;0;SIN CORREGIMIENTO;0;SIN VEREDA;185;CORDONCILLO II;1;145
8;0;SIN CORREGIMIENTO;0;SIN VEREDA;185;CORDONCILLO II;2;160
8;0;SIN CORREGIMIENTO;0;SIN VEREDA;191;LA VICTORIA;1;2
8;0;SIN CORREGIMIENTO;0;SIN VEREDA;191;LA VICTORIA;2;5
8;0;SIN CORREGIMIENTO;0;SIN VEREDA;194;CORDONCILLO I;1;394
8;0;SIN CORREGIMIENTO;0;SIN VEREDA;194;CORDONCILLO I;2;444
8;0;SIN CORREGIMIENTO;0;SIN VEREDA;195;PABLO VI;1;1025
8;0;SIN CORREGIMIENTO;0;SIN VEREDA;195;PABLO VI;2;1206
8;0;SIN CORREGIMIENTO;0;SIN VEREDA;196;AFRIKA;1;134
8;0;SIN CORREGIMIENTO;0;SIN VEREDA;196;AFRIKA;2;127
8;0;SIN CORREGIMIENTO;0;SIN VEREDA;197;20 DE JULIO;1;51
8;0;SIN CORREGIMIENTO;0;SIN VEREDA;197;20 DE JULIO;2;46
8;0;SIN CORREGIMIENTO;0;SIN VEREDA;198;EL FONCE;1;4
8;0;SIN CORREGIMIENTO;0;SIN VEREDA;198;EL FONCE;2;4
8;0;SIN CORREGIMIENTO;0;SIN VEREDA;199;JUAN XXIII;1;621
8;0;SIN CORREGIMIENTO;0;SIN VEREDA;199;JUAN XXIII;2;626
8;0;SIN CORREGIMIENTO;0;SIN VEREDA;281;SAN IGNACIO REAL;1;3
8;0;SIN CORREGIMIENTO;0;SIN VEREDA;281;SAN IGNACIO REAL;2;1
8;0;SIN CORREGIMIENTO;0;SIN VEREDA;333;23 DE JUNIO;1;2
8;0;SIN CORREGIMIENTO;0;SIN VEREDA;333;23 DE JUNIO;2;1
8;0;SIN CORREGIMIENTO;0;SIN VEREDA;349;JUAN XXIII CANCHA LA GUACAMAYA;1;27
8;0;SIN CORREGIMIENTO;0;SIN VEREDA;349;JUAN XXIII CANCHA LA GUACAMAYA;2;31
9;0;SIN CORREGIMIENTO;0;SIN VEREDA;192;LA SALLE;1;6
9;0;SIN CORREGIMIENTO;0;SIN VEREDA;192;LA SALLE;2;5
9;0;SIN CORREGIMIENTO;0;SIN VEREDA;193;NUEVA GRANADA;1;164
9;0;SIN CORREGIMIENTO;0;SIN VEREDA;193;NUEVA GRANADA;2;219
9;0;SIN CORREGIMIENTO;0;SIN VEREDA;200;ANTONIA SANTOS SUR;1;45
9;0;SIN CORREGIMIENTO;0;SIN VEREDA;200;ANTONIA SANTOS SUR;2;65
9;0;SIN CORREGIMIENTO;0;SIN VEREDA;201;QUEBRADA LA IGLESIA;1;200
9;0;SIN CORREGIMIENTO;0;SIN VEREDA;201;QUEBRADA LA IGLESIA;2;216
9;0;SIN CORREGIMIENTO;0;SIN VEREDA;202;SAN PEDRO;1;346
9;0;SIN CORREGIMIENTO;0;SIN VEREDA;202;SAN PEDRO;2;360
9;0;SIN CORREGIMIENTO;0;SIN VEREDA;203;SAN MART÷N;1;824
9;0;SIN CORREGIMIENTO;0;SIN VEREDA;203;SAN MART÷N;2;862
9;0;SIN CORREGIMIENTO;0;SIN VEREDA;204;EL SOL I Y II;1;329
9;0;SIN CORREGIMIENTO;0;SIN VEREDA;204;EL SOL I Y II;2;358
9;0;SIN CORREGIMIENTO;0;SIN VEREDA;205;GUAYACANES;1;3
9;0;SIN CORREGIMIENTO;0;SIN VEREDA;205;GUAYACANES;2;3
9;0;SIN CORREGIMIENTO;0;SIN VEREDA;207;LA PEDREGOSA;1;88
9;0;SIN CORREGIMIENTO;0;SIN VEREDA;207;LA PEDREGOSA;2;99
9;0;SIN CORREGIMIENTO;0;SIN VEREDA;208;DIAMANTE I;1;26
9;0;SIN CORREGIMIENTO;0;SIN VEREDA;208;DIAMANTE I;2;39
9;0;SIN CORREGIMIENTO;0;SIN VEREDA;209;LAS CASITAS;1;123
9;0;SIN CORREGIMIENTO;0;SIN VEREDA;209;LAS CASITAS;2;156
9;0;SIN CORREGIMIENTO;0;SIN VEREDA;210;VILLA INES;1;5
9;0;SIN CORREGIMIENTO;0;SIN VEREDA;210;VILLA INES;2;9
9;0;SIN CORREGIMIENTO;0;SIN VEREDA;211;ASTURIAS;1;2
9;0;SIN CORREGIMIENTO;0;SIN VEREDA;211;ASTURIAS;2;2
9;0;SIN CORREGIMIENTO;0;SIN VEREDA;213;LA LIBERTAD;1;72
9;0;SIN CORREGIMIENTO;0;SIN VEREDA;213;LA LIBERTAD;2;109
9;0;SIN CORREGIMIENTO;0;SIN VEREDA;239;MANUELA BELTRµN ;1;2
9;0;SIN CORREGIMIENTO;0;SIN VEREDA;239;MANUELA BELTRµN ;2;2
9;0;SIN CORREGIMIENTO;0;SIN VEREDA;288;PORTOFINO;2;1
9;0;SIN CORREGIMIENTO;0;SIN VEREDA;316;MIRADOR DE SAN LORENZO;1;3
9;0;SIN CORREGIMIENTO;0;SIN VEREDA;316;MIRADOR DE SAN LORENZO;2;2
10;0;SIN CORREGIMIENTO;0;SIN VEREDA;0;BARRIO_S4;1;2
10;0;SIN CORREGIMIENTO;0;SIN VEREDA;0;BARRIO_S4;2;1
10;0;SIN CORREGIMIENTO;0;SIN VEREDA;182;BUCARAMANGA;1;2
10;0;SIN CORREGIMIENTO;0;SIN VEREDA;182;BUCARAMANGA;2;1
10;0;SIN CORREGIMIENTO;0;SIN VEREDA;220;DIAMANTE II;1;19
10;0;SIN CORREGIMIENTO;0;SIN VEREDA;220;DIAMANTE II;2;24
10;0;SIN CORREGIMIENTO;0;SIN VEREDA;221;SAN LUIS;1;14
10;0;SIN CORREGIMIENTO;0;SIN VEREDA;221;SAN LUIS;2;22
10;0;SIN CORREGIMIENTO;0;SIN VEREDA;222;PROVENZA;1;22
10;0;SIN CORREGIMIENTO;0;SIN VEREDA;222;PROVENZA;2;35
10;0;SIN CORREGIMIENTO;0;SIN VEREDA;225;EL CRISTAL;1;1679
10;0;SIN CORREGIMIENTO;0;SIN VEREDA;225;EL CRISTAL;2;1928
10;0;SIN CORREGIMIENTO;0;SIN VEREDA;226;GRANJAS DE PROVENZA;1;584
10;0;SIN CORREGIMIENTO;0;SIN VEREDA;226;GRANJAS DE PROVENZA;2;647
10;0;SIN CORREGIMIENTO;0;SIN VEREDA;227;GRANJAS DE JULIO RINC‡N;2;1
10;0;SIN CORREGIMIENTO;0;SIN VEREDA;228;EL ROCIO;2;1
10;0;SIN CORREGIMIENTO;0;SIN VEREDA;233;"LUZ DE SALVACI‡N BAJO		";1;63
10;0;SIN CORREGIMIENTO;0;SIN VEREDA;233;"LUZ DE SALVACI‡N BAJO		";2;57
10;0;SIN CORREGIMIENTO;0;SIN VEREDA;234;DELICIAS ALTAS Y BAJAS SUR;1;2
10;0;SIN CORREGIMIENTO;0;SIN VEREDA;234;DELICIAS ALTAS Y BAJAS SUR;2;2
10;0;SIN CORREGIMIENTO;0;SIN VEREDA;243;CIUDAD VENECIA ;1;3
10;0;SIN CORREGIMIENTO;0;SIN VEREDA;243;CIUDAD VENECIA ;2;2
10;0;SIN CORREGIMIENTO;0;SIN VEREDA;284;FONTANA;1;4
10;0;SIN CORREGIMIENTO;0;SIN VEREDA;284;FONTANA;2;8
10;0;SIN CORREGIMIENTO;0;SIN VEREDA;317;NUEVA FONTANA;1;3
10;0;SIN CORREGIMIENTO;0;SIN VEREDA;317;NUEVA FONTANA;2;5
10;0;SIN CORREGIMIENTO;0;SIN VEREDA;326;VIVEROS DE PROVENZA;1;224
10;0;SIN CORREGIMIENTO;0;SIN VEREDA;326;VIVEROS DE PROVENZA;2;239
10;0;SIN CORREGIMIENTO;0;SIN VEREDA;327;LUZ DE SALVACI‡N ALTO;1;1048
10;0;SIN CORREGIMIENTO;0;SIN VEREDA;327;LUZ DE SALVACI‡N ALTO;2;1068
10;0;SIN CORREGIMIENTO;0;SIN VEREDA;331;BRISAS DE PROVENZA ;1;635
10;0;SIN CORREGIMIENTO;0;SIN VEREDA;331;BRISAS DE PROVENZA ;2;726
11;0;SIN CORREGIMIENTO;0;SIN VEREDA;9;LAS DELICIAS;1;1
11;0;SIN CORREGIMIENTO;0;SIN VEREDA;9;LAS DELICIAS;2;2
11;0;SIN CORREGIMIENTO;0;SIN VEREDA;12;CAFê MADRID EL TÈNEL;1;3
11;0;SIN CORREGIMIENTO;0;SIN VEREDA;12;CAFê MADRID EL TÈNEL;2;2
11;0;SIN CORREGIMIENTO;0;SIN VEREDA;142;ALFONSO L‡PEZ;1;1
11;0;SIN CORREGIMIENTO;0;SIN VEREDA;174;EL BUENO;1;5
11;0;SIN CORREGIMIENTO;0;SIN VEREDA;174;EL BUENO;2;2
11;0;SIN CORREGIMIENTO;0;SIN VEREDA;194;CORDONCILLO I;2;1
11;0;SIN CORREGIMIENTO;0;SIN VEREDA;222;PROVENZA;1;2
11;0;SIN CORREGIMIENTO;0;SIN VEREDA;222;PROVENZA;2;2
11;0;SIN CORREGIMIENTO;0;SIN VEREDA;223;PORVENIR BAJO;1;17
11;0;SIN CORREGIMIENTO;0;SIN VEREDA;223;PORVENIR BAJO;2;16
11;0;SIN CORREGIMIENTO;0;SIN VEREDA;225;EL CRISTAL;1;1
11;0;SIN CORREGIMIENTO;0;SIN VEREDA;225;EL CRISTAL;2;1
11;0;SIN CORREGIMIENTO;0;SIN VEREDA;226;GRANJAS DE PROVENZA;1;11
11;0;SIN CORREGIMIENTO;0;SIN VEREDA;226;GRANJAS DE PROVENZA;2;11
11;0;SIN CORREGIMIENTO;0;SIN VEREDA;227;GRANJAS DE JULIO RINC‡N;1;321
11;0;SIN CORREGIMIENTO;0;SIN VEREDA;227;GRANJAS DE JULIO RINC‡N;2;394
11;0;SIN CORREGIMIENTO;0;SIN VEREDA;228;EL ROCIO;1;347
11;0;SIN CORREGIMIENTO;0;SIN VEREDA;228;EL ROCIO;2;466
11;0;SIN CORREGIMIENTO;0;SIN VEREDA;229;VILLA SARA;1;10
11;0;SIN CORREGIMIENTO;0;SIN VEREDA;229;VILLA SARA;2;11
11;0;SIN CORREGIMIENTO;0;SIN VEREDA;230;VILLA ALICIA;1;11
11;0;SIN CORREGIMIENTO;0;SIN VEREDA;230;VILLA ALICIA;2;13
11;0;SIN CORREGIMIENTO;0;SIN VEREDA;231;TOLEDO PLATA ;1;307
11;0;SIN CORREGIMIENTO;0;SIN VEREDA;231;TOLEDO PLATA ;2;365
11;0;SIN CORREGIMIENTO;0;SIN VEREDA;232;DANGOND;1;230
11;0;SIN CORREGIMIENTO;0;SIN VEREDA;232;DANGOND;2;274
11;0;SIN CORREGIMIENTO;0;SIN VEREDA;233;"LUZ DE SALVACI‡N BAJO		";1;360
11;0;SIN CORREGIMIENTO;0;SIN VEREDA;233;"LUZ DE SALVACI‡N BAJO		";2;396
11;0;SIN CORREGIMIENTO;0;SIN VEREDA;234;DELICIAS ALTAS Y BAJAS SUR;1;58
11;0;SIN CORREGIMIENTO;0;SIN VEREDA;234;DELICIAS ALTAS Y BAJAS SUR;2;75
11;0;SIN CORREGIMIENTO;0;SIN VEREDA;236;VILLA CANDADO;1;26
11;0;SIN CORREGIMIENTO;0;SIN VEREDA;236;VILLA CANDADO;2;37
11;0;SIN CORREGIMIENTO;0;SIN VEREDA;237;MALPASO;1;167
11;0;SIN CORREGIMIENTO;0;SIN VEREDA;237;MALPASO;2;190
11;0;SIN CORREGIMIENTO;0;SIN VEREDA;238;EL PORVENIR;1;127
11;0;SIN CORREGIMIENTO;0;SIN VEREDA;238;EL PORVENIR;2;172
11;0;SIN CORREGIMIENTO;0;SIN VEREDA;239;MANUELA BELTRµN ;1;620
11;0;SIN CORREGIMIENTO;0;SIN VEREDA;239;MANUELA BELTRµN ;2;790
11;0;SIN CORREGIMIENTO;0;SIN VEREDA;240;IGSABELAR;1;79
11;0;SIN CORREGIMIENTO;0;SIN VEREDA;240;IGSABELAR;2;107
11;0;SIN CORREGIMIENTO;0;SIN VEREDA;241;SANTAMAR÷A;1;445
11;0;SIN CORREGIMIENTO;0;SIN VEREDA;241;SANTAMAR÷A;2;547
11;0;SIN CORREGIMIENTO;0;SIN VEREDA;242;COAVICONSA;1;25
11;0;SIN CORREGIMIENTO;0;SIN VEREDA;242;COAVICONSA;2;39
11;0;SIN CORREGIMIENTO;0;SIN VEREDA;243;CIUDAD VENECIA ;1;195
11;0;SIN CORREGIMIENTO;0;SIN VEREDA;243;CIUDAD VENECIA ;2;250
11;0;SIN CORREGIMIENTO;0;SIN VEREDA;244;VILLA FLOR;1;15
11;0;SIN CORREGIMIENTO;0;SIN VEREDA;244;VILLA FLOR;2;23
11;0;SIN CORREGIMIENTO;0;SIN VEREDA;290;LOS CONQUISTADORES;1;397
11;0;SIN CORREGIMIENTO;0;SIN VEREDA;290;LOS CONQUISTADORES;2;502
11;0;SIN CORREGIMIENTO;0;SIN VEREDA;326;VIVEROS DE PROVENZA;1;6
11;0;SIN CORREGIMIENTO;0;SIN VEREDA;326;VIVEROS DE PROVENZA;2;5
11;0;SIN CORREGIMIENTO;0;SIN VEREDA;331;BRISAS DE PROVENZA ;1;10
11;0;SIN CORREGIMIENTO;0;SIN VEREDA;331;BRISAS DE PROVENZA ;2;9
11;0;SIN CORREGIMIENTO;0;SIN VEREDA;340;GRANJAS REAGAN;1;320
11;0;SIN CORREGIMIENTO;0;SIN VEREDA;340;GRANJAS REAGAN;2;380
11;0;SIN CORREGIMIENTO;0;SIN VEREDA;344;BALCONES DEL SUR;1;368
11;0;SIN CORREGIMIENTO;0;SIN VEREDA;344;BALCONES DEL SUR;2;403
11;0;SIN CORREGIMIENTO;0;SIN VEREDA;346;JARDINES DE ALTAGRACIA;1;1
11;0;SIN CORREGIMIENTO;0;SIN VEREDA;347;BRISAS DEL PARA÷SO ;1;420
11;0;SIN CORREGIMIENTO;0;SIN VEREDA;347;BRISAS DEL PARA÷SO ;2;497
11;0;SIN CORREGIMIENTO;0;SIN VEREDA;352;VILLAREAL;1;353
11;0;SIN CORREGIMIENTO;0;SIN VEREDA;352;VILLAREAL;2;453
11;0;SIN CORREGIMIENTO;0;SIN VEREDA;361;VILLAS DEL NOGAL;1;458
11;0;SIN CORREGIMIENTO;0;SIN VEREDA;361;VILLAS DEL NOGAL;2;520
11;0;SIN CORREGIMIENTO;0;SIN VEREDA;362;PUNTA PARAISO;1;391
11;0;SIN CORREGIMIENTO;0;SIN VEREDA;362;PUNTA PARAISO;2;514
11;0;SIN CORREGIMIENTO;0;SIN VEREDA;367;BRISAS DEL PALMAR;1;103
11;0;SIN CORREGIMIENTO;0;SIN VEREDA;367;BRISAS DEL PALMAR;2;136
11;0;SIN CORREGIMIENTO;0;SIN VEREDA;999999;BARRIO_S4;1;4
11;0;SIN CORREGIMIENTO;0;SIN VEREDA;999999;BARRIO_S4;2;7
12;0;SIN CORREGIMIENTO;0;SIN VEREDA;121;QUEBRADA PAN DE AZÈCAR;1;8
12;0;SIN CORREGIMIENTO;0;SIN VEREDA;121;QUEBRADA PAN DE AZÈCAR;2;6
12;0;SIN CORREGIMIENTO;0;SIN VEREDA;123;CABECERA DEL LLANO;1;2
12;0;SIN CORREGIMIENTO;0;SIN VEREDA;123;CABECERA DEL LLANO;2;1
12;0;SIN CORREGIMIENTO;0;SIN VEREDA;126;PAN DE AZUCAR;1;1
12;0;SIN CORREGIMIENTO;0;SIN VEREDA;126;PAN DE AZUCAR;2;6
12;0;SIN CORREGIMIENTO;0;SIN VEREDA;135;LA CONCORDIA;1;8
12;0;SIN CORREGIMIENTO;0;SIN VEREDA;135;LA CONCORDIA;2;7
12;0;SIN CORREGIMIENTO;0;SIN VEREDA;136;SOTOMAYOR;1;5
12;0;SIN CORREGIMIENTO;0;SIN VEREDA;136;SOTOMAYOR;2;10
12;0;SIN CORREGIMIENTO;0;SIN VEREDA;138;BOLARQUI;1;1
12;0;SIN CORREGIMIENTO;0;SIN VEREDA;138;BOLARQUI;2;3
12;0;SIN CORREGIMIENTO;0;SIN VEREDA;139;MERCEDES;1;3
12;0;SIN CORREGIMIENTO;0;SIN VEREDA;139;MERCEDES;2;5
12;0;SIN CORREGIMIENTO;0;SIN VEREDA;140;CONUCOS;1;2
12;0;SIN CORREGIMIENTO;0;SIN VEREDA;140;CONUCOS;2;2
12;0;SIN CORREGIMIENTO;0;SIN VEREDA;161;PUERTA DEL SOL;2;2
12;0;SIN CORREGIMIENTO;0;SIN VEREDA;201;QUEBRADA LA IGLESIA;1;2
12;0;SIN CORREGIMIENTO;0;SIN VEREDA;201;QUEBRADA LA IGLESIA;2;3
13;0;SIN CORREGIMIENTO;0;SIN VEREDA;2;EL PAULON VILLA LINA;1;2
13;0;SIN CORREGIMIENTO;0;SIN VEREDA;2;EL PAULON VILLA LINA;2;1
13;0;SIN CORREGIMIENTO;0;SIN VEREDA;3;COLORADOS;1;3
13;0;SIN CORREGIMIENTO;0;SIN VEREDA;3;COLORADOS;2;5
13;0;SIN CORREGIMIENTO;0;SIN VEREDA;32;MAR÷A PAZ;2;5
13;0;SIN CORREGIMIENTO;0;SIN VEREDA;51;LIZCANO I Y II;1;4
13;0;SIN CORREGIMIENTO;0;SIN VEREDA;51;LIZCANO I Y II;2;9
13;0;SIN CORREGIMIENTO;0;SIN VEREDA;67;TRANSICI‡N I AL V;1;2
13;0;SIN CORREGIMIENTO;0;SIN VEREDA;67;TRANSICI‡N I AL V;2;3
13;0;SIN CORREGIMIENTO;0;SIN VEREDA;75;SAN RAFAEL;1;1
13;0;SIN CORREGIMIENTO;0;SIN VEREDA;76;CHAPINERO;1;1
13;0;SIN CORREGIMIENTO;0;SIN VEREDA;79;LA FERIA;1;2
13;0;SIN CORREGIMIENTO;0;SIN VEREDA;79;LA FERIA;2;1
13;0;SIN CORREGIMIENTO;0;SIN VEREDA;95;COMUNEROS;2;1
13;0;SIN CORREGIMIENTO;0;SIN VEREDA;98;SAN FRANCISCO;2;1
13;0;SIN CORREGIMIENTO;0;SIN VEREDA;99;ALARC‡N;2;1
13;0;SIN CORREGIMIENTO;0;SIN VEREDA;100;SAN ALONSO;1;70
13;0;SIN CORREGIMIENTO;0;SIN VEREDA;100;SAN ALONSO;2;87
13;0;SIN CORREGIMIENTO;0;SIN VEREDA;102;LOS PINOS;1;2
13;0;SIN CORREGIMIENTO;0;SIN VEREDA;102;LOS PINOS;2;2
13;0;SIN CORREGIMIENTO;0;SIN VEREDA;104;EL VENADO DE ORO MORRORRICO;2;1
13;0;SIN CORREGIMIENTO;0;SIN VEREDA;107;LOS SAUCES;1;104
13;0;SIN CORREGIMIENTO;0;SIN VEREDA;107;LOS SAUCES;2;142
13;0;SIN CORREGIMIENTO;0;SIN VEREDA;110;MORRORRICO;1;1
13;0;SIN CORREGIMIENTO;0;SIN VEREDA;110;MORRORRICO;2;2
13;0;SIN CORREGIMIENTO;0;SIN VEREDA;112;EL DIVISO;1;2
13;0;SIN CORREGIMIENTO;0;SIN VEREDA;112;EL DIVISO;2;1
13;0;SIN CORREGIMIENTO;0;SIN VEREDA;113;PUERTO RICO;1;149
13;0;SIN CORREGIMIENTO;0;SIN VEREDA;113;PUERTO RICO;2;157
13;0;SIN CORREGIMIENTO;0;SIN VEREDA;116;MIRAFLORES;1;4
13;0;SIN CORREGIMIENTO;0;SIN VEREDA;116;MIRAFLORES;2;4
13;0;SIN CORREGIMIENTO;0;SIN VEREDA;117;ALBANIA;1;13
13;0;SIN CORREGIMIENTO;0;SIN VEREDA;117;ALBANIA;2;15
13;0;SIN CORREGIMIENTO;0;SIN VEREDA;118;LAS AMêRICAS;1;1
13;0;SIN CORREGIMIENTO;0;SIN VEREDA;118;LAS AMêRICAS;2;1
13;0;SIN CORREGIMIENTO;0;SIN VEREDA;119;GALµN;1;3
13;0;SIN CORREGIMIENTO;0;SIN VEREDA;119;GALµN;2;8
13;0;SIN CORREGIMIENTO;0;SIN VEREDA;120;µLVAREZ;1;51
13;0;SIN CORREGIMIENTO;0;SIN VEREDA;120;µLVAREZ;2;57
13;0;SIN CORREGIMIENTO;0;SIN VEREDA;122;EL PRADO;1;9
13;0;SIN CORREGIMIENTO;0;SIN VEREDA;122;EL PRADO;2;5
13;0;SIN CORREGIMIENTO;0;SIN VEREDA;130;CENTRO;1;25
13;0;SIN CORREGIMIENTO;0;SIN VEREDA;130;CENTRO;2;34
13;0;SIN CORREGIMIENTO;0;SIN VEREDA;131;ANTONIA SANTOS CENTRO;1;144
13;0;SIN CORREGIMIENTO;0;SIN VEREDA;131;ANTONIA SANTOS CENTRO;2;126
13;0;SIN CORREGIMIENTO;0;SIN VEREDA;132;MEJORAS PUBLICAS;1;3
13;0;SIN CORREGIMIENTO;0;SIN VEREDA;132;MEJORAS PUBLICAS;2;3
13;0;SIN CORREGIMIENTO;0;SIN VEREDA;133;LA AURORA;1;6
13;0;SIN CORREGIMIENTO;0;SIN VEREDA;133;LA AURORA;2;7
13;0;SIN CORREGIMIENTO;0;SIN VEREDA;136;SOTOMAYOR;2;3
13;0;SIN CORREGIMIENTO;0;SIN VEREDA;142;ALFONSO L‡PEZ;1;2
13;0;SIN CORREGIMIENTO;0;SIN VEREDA;142;ALFONSO L‡PEZ;2;1
13;0;SIN CORREGIMIENTO;0;SIN VEREDA;143;LA JOYA;2;2
13;0;SIN CORREGIMIENTO;0;SIN VEREDA;145;CAMPO HERMOSO;1;4
13;0;SIN CORREGIMIENTO;0;SIN VEREDA;145;CAMPO HERMOSO;2;6
13;0;SIN CORREGIMIENTO;0;SIN VEREDA;154;EL PANTANO II;1;3
13;0;SIN CORREGIMIENTO;0;SIN VEREDA;154;EL PANTANO II;2;2
13;0;SIN CORREGIMIENTO;0;SIN VEREDA;164;MUTIS;1;1
13;0;SIN CORREGIMIENTO;0;SIN VEREDA;173;ESTORAQUES;1;7
13;0;SIN CORREGIMIENTO;0;SIN VEREDA;173;ESTORAQUES;2;5
13;0;SIN CORREGIMIENTO;0;SIN VEREDA;178;SAN GERARDO I Y II;1;2
13;0;SIN CORREGIMIENTO;0;SIN VEREDA;178;SAN GERARDO I Y II;2;2
13;0;SIN CORREGIMIENTO;0;SIN VEREDA;179;COLOMBIA;1;3
13;0;SIN CORREGIMIENTO;0;SIN VEREDA;179;COLOMBIA;2;2
13;0;SIN CORREGIMIENTO;0;SIN VEREDA;182;BUCARAMANGA;1;2
13;0;SIN CORREGIMIENTO;0;SIN VEREDA;182;BUCARAMANGA;2;2
13;0;SIN CORREGIMIENTO;0;SIN VEREDA;184;LAURELES;1;5
13;0;SIN CORREGIMIENTO;0;SIN VEREDA;184;LAURELES;2;7
13;0;SIN CORREGIMIENTO;0;SIN VEREDA;196;AFRIKA;2;2
13;0;SIN CORREGIMIENTO;0;SIN VEREDA;200;ANTONIA SANTOS SUR;1;4
13;0;SIN CORREGIMIENTO;0;SIN VEREDA;200;ANTONIA SANTOS SUR;2;5
13;0;SIN CORREGIMIENTO;0;SIN VEREDA;202;SAN PEDRO;1;3
13;0;SIN CORREGIMIENTO;0;SIN VEREDA;202;SAN PEDRO;2;2
13;0;SIN CORREGIMIENTO;0;SIN VEREDA;222;PROVENZA;1;1
13;0;SIN CORREGIMIENTO;0;SIN VEREDA;222;PROVENZA;2;1
13;0;SIN CORREGIMIENTO;0;SIN VEREDA;233;"LUZ DE SALVACI‡N BAJO		";1;3
13;0;SIN CORREGIMIENTO;0;SIN VEREDA;233;"LUZ DE SALVACI‡N BAJO		";2;2
13;0;SIN CORREGIMIENTO;0;SIN VEREDA;239;MANUELA BELTRµN ;1;1
13;0;SIN CORREGIMIENTO;0;SIN VEREDA;239;MANUELA BELTRµN ;2;1
13;0;SIN CORREGIMIENTO;0;SIN VEREDA;274;BOL÷VAR;1;25
13;0;SIN CORREGIMIENTO;0;SIN VEREDA;274;BOL÷VAR;2;20
13;0;SIN CORREGIMIENTO;0;SIN VEREDA;278;12 DE OCTUBRE;1;6
13;0;SIN CORREGIMIENTO;0;SIN VEREDA;278;12 DE OCTUBRE;2;4
13;0;SIN CORREGIMIENTO;0;SIN VEREDA;322;QUINTA BRIGADA;1;50
13;0;SIN CORREGIMIENTO;0;SIN VEREDA;322;QUINTA BRIGADA;2;49
13;0;SIN CORREGIMIENTO;0;SIN VEREDA;327;LUZ DE SALVACI‡N ALTO;1;1
13;0;SIN CORREGIMIENTO;0;SIN VEREDA;327;LUZ DE SALVACI‡N ALTO;2;2
13;0;SIN CORREGIMIENTO;0;SIN VEREDA;328;CAMPESTRE NORTE ;1;1
13;0;SIN CORREGIMIENTO;0;SIN VEREDA;328;CAMPESTRE NORTE ;2;2
13;0;SIN CORREGIMIENTO;0;SIN VEREDA;331;BRISAS DE PROVENZA ;1;1
13;0;SIN CORREGIMIENTO;0;SIN VEREDA;331;BRISAS DE PROVENZA ;2;2
13;0;SIN CORREGIMIENTO;0;SIN VEREDA;340;GRANJAS REAGAN;1;1
13;0;SIN CORREGIMIENTO;0;SIN VEREDA;345;PASEO DE LA FERIA;1;1
13;0;SIN CORREGIMIENTO;0;SIN VEREDA;368;URBANIZACI‡N LA INMACULADA;1;6
13;0;SIN CORREGIMIENTO;0;SIN VEREDA;368;URBANIZACI‡N LA INMACULADA;2;9
13;0;SIN CORREGIMIENTO;0;SIN VEREDA;999999;BARRIO_S4;1;2
13;0;SIN CORREGIMIENTO;0;SIN VEREDA;999999;BARRIO_S4;2;1
14;0;SIN CORREGIMIENTO;0;SIN VEREDA;0;BARRIO_S4;1;2
14;0;SIN CORREGIMIENTO;0;SIN VEREDA;0;BARRIO_S4;2;1
14;0;SIN CORREGIMIENTO;0;SIN VEREDA;40;MIRAMAR;2;2
14;0;SIN CORREGIMIENTO;0;SIN VEREDA;102;LOS PINOS;2;3
14;0;SIN CORREGIMIENTO;0;SIN VEREDA;103;LA FLORA MORRORRICO;1;2
14;0;SIN CORREGIMIENTO;0;SIN VEREDA;104;EL VENADO DE ORO MORRORRICO;1;173
14;0;SIN CORREGIMIENTO;0;SIN VEREDA;104;EL VENADO DE ORO MORRORRICO;2;217
14;0;SIN CORREGIMIENTO;0;SIN VEREDA;105;LA MALA•A;1;169
14;0;SIN CORREGIMIENTO;0;SIN VEREDA;105;LA MALA•A;2;171
14;0;SIN CORREGIMIENTO;0;SIN VEREDA;107;LOS SAUCES;1;21
14;0;SIN CORREGIMIENTO;0;SIN VEREDA;107;LOS SAUCES;2;23
14;0;SIN CORREGIMIENTO;0;SIN VEREDA;108;LIMONCITO MORRORRICO;1;611
14;0;SIN CORREGIMIENTO;0;SIN VEREDA;108;LIMONCITO MORRORRICO;2;651
14;0;SIN CORREGIMIENTO;0;SIN VEREDA;109;VEGAS DE MORRORRICO;1;338
14;0;SIN CORREGIMIENTO;0;SIN VEREDA;109;VEGAS DE MORRORRICO;2;428
14;0;SIN CORREGIMIENTO;0;SIN VEREDA;110;MORRORRICO;1;195
14;0;SIN CORREGIMIENTO;0;SIN VEREDA;110;MORRORRICO;2;226
14;0;SIN CORREGIMIENTO;0;SIN VEREDA;112;EL DIVISO;1;515
14;0;SIN CORREGIMIENTO;0;SIN VEREDA;112;EL DIVISO;2;665
14;0;SIN CORREGIMIENTO;0;SIN VEREDA;114;BUENOS AIRES;1;1621
14;0;SIN CORREGIMIENTO;0;SIN VEREDA;114;BUENOS AIRES;2;1855
14;0;SIN CORREGIMIENTO;0;SIN VEREDA;115;BUENAVISTA;1;727
14;0;SIN CORREGIMIENTO;0;SIN VEREDA;115;BUENAVISTA;2;787
14;0;SIN CORREGIMIENTO;0;SIN VEREDA;116;MIRAFLORES;1;1587
14;0;SIN CORREGIMIENTO;0;SIN VEREDA;116;MIRAFLORES;2;1872
14;0;SIN CORREGIMIENTO;0;SIN VEREDA;117;ALBANIA;1;1231
14;0;SIN CORREGIMIENTO;0;SIN VEREDA;117;ALBANIA;2;1454
14;0;SIN CORREGIMIENTO;0;SIN VEREDA;142;ALFONSO L‡PEZ;2;1
14;0;SIN CORREGIMIENTO;0;SIN VEREDA;360;EL RETIRO MORRORRICO;1;629
14;0;SIN CORREGIMIENTO;0;SIN VEREDA;360;EL RETIRO MORRORRICO;2;678
14;0;SIN CORREGIMIENTO;0;SIN VEREDA;369;MIRAMANGA;1;251
14;0;SIN CORREGIMIENTO;0;SIN VEREDA;369;MIRAMANGA;2;312
15;0;SIN CORREGIMIENTO;0;SIN VEREDA;82;GIRARDOT;1;1
15;0;SIN CORREGIMIENTO;0;SIN VEREDA;130;CENTRO;1;145
15;0;SIN CORREGIMIENTO;0;SIN VEREDA;130;CENTRO;2;113
15;0;SIN CORREGIMIENTO;0;SIN VEREDA;131;ANTONIA SANTOS CENTRO;1;8
15;0;SIN CORREGIMIENTO;0;SIN VEREDA;131;ANTONIA SANTOS CENTRO;2;6
15;0;SIN CORREGIMIENTO;0;SIN VEREDA;139;MERCEDES;1;4
15;0;SIN CORREGIMIENTO;0;SIN VEREDA;139;MERCEDES;2;2
15;0;SIN CORREGIMIENTO;0;SIN VEREDA;141;GARC÷A ROVIRA;1;56
15;0;SIN CORREGIMIENTO;0;SIN VEREDA;141;GARC÷A ROVIRA;2;69
15;0;SIN CORREGIMIENTO;0;SIN VEREDA;142;ALFONSO L‡PEZ;1;15
15;0;SIN CORREGIMIENTO;0;SIN VEREDA;142;ALFONSO L‡PEZ;2;21
15;0;SIN CORREGIMIENTO;0;SIN VEREDA;143;LA JOYA;1;1
15;0;SIN CORREGIMIENTO;0;SIN VEREDA;144;CHORRERAS DE DON JUAN;1;3
15;0;SIN CORREGIMIENTO;0;SIN VEREDA;144;CHORRERAS DE DON JUAN;2;2
15;0;SIN CORREGIMIENTO;0;SIN VEREDA;274;BOL÷VAR;2;2
16;0;SIN CORREGIMIENTO;0;SIN VEREDA;203;SAN MART÷N;1;2
16;0;SIN CORREGIMIENTO;0;SIN VEREDA;203;SAN MART÷N;2;1
16;0;SIN CORREGIMIENTO;0;SIN VEREDA;205;GUAYACANES;1;95
16;0;SIN CORREGIMIENTO;0;SIN VEREDA;205;GUAYACANES;2;105
16;0;SIN CORREGIMIENTO;0;SIN VEREDA;207;LA PEDREGOSA;1;84
16;0;SIN CORREGIMIENTO;0;SIN VEREDA;207;LA PEDREGOSA;2;87
16;0;SIN CORREGIMIENTO;0;SIN VEREDA;215;PORTON DEL TEJAR;1;3
16;0;SIN CORREGIMIENTO;0;SIN VEREDA;215;PORTON DEL TEJAR;2;1
16;0;SIN CORREGIMIENTO;0;SIN VEREDA;216;ALTOS DEL CACIQUE;1;5
16;0;SIN CORREGIMIENTO;0;SIN VEREDA;216;ALTOS DEL CACIQUE;2;5
16;0;SIN CORREGIMIENTO;0;SIN VEREDA;217;HACIENDA SAN JUAN;1;5
16;0;SIN CORREGIMIENTO;0;SIN VEREDA;217;HACIENDA SAN JUAN;2;3
16;0;SIN CORREGIMIENTO;0;SIN VEREDA;218;SAN EXPEDITO;1;150
16;0;SIN CORREGIMIENTO;0;SIN VEREDA;218;SAN EXPEDITO;2;167
16;0;SIN CORREGIMIENTO;0;SIN VEREDA;219;SANTA BARBARA CASAS;1;14
16;0;SIN CORREGIMIENTO;0;SIN VEREDA;219;SANTA BARBARA CASAS;2;14
16;0;SIN CORREGIMIENTO;0;SIN VEREDA;315;LAGOS DEL CACIQUE;1;4
16;0;SIN CORREGIMIENTO;0;SIN VEREDA;315;LAGOS DEL CACIQUE;2;3
16;0;SIN CORREGIMIENTO;0;SIN VEREDA;341;BOSQUE DEL CACIQUE;1;17
16;0;SIN CORREGIMIENTO;0;SIN VEREDA;341;BOSQUE DEL CACIQUE;2;19
17;0;SIN CORREGIMIENTO;0;SIN VEREDA;110;MORRORRICO;2;2
17;0;SIN CORREGIMIENTO;0;SIN VEREDA;152;QUINTA ESTRELLA;2;2
17;0;SIN CORREGIMIENTO;0;SIN VEREDA;162;CIUDADELA REAL DE MINAS ;1;4
17;0;SIN CORREGIMIENTO;0;SIN VEREDA;162;CIUDADELA REAL DE MINAS ;2;4
17;0;SIN CORREGIMIENTO;0;SIN VEREDA;164;MUTIS;1;276
17;0;SIN CORREGIMIENTO;0;SIN VEREDA;164;MUTIS;2;377
17;0;SIN CORREGIMIENTO;0;SIN VEREDA;165;BRISAS DEL MUTIS;1;24
17;0;SIN CORREGIMIENTO;0;SIN VEREDA;165;BRISAS DEL MUTIS;2;34
17;0;SIN CORREGIMIENTO;0;SIN VEREDA;166;MONTERREDONDO;1;495
17;0;SIN CORREGIMIENTO;0;SIN VEREDA;166;MONTERREDONDO;2;691
17;0;SIN CORREGIMIENTO;0;SIN VEREDA;168;FUNDADORES I Y II;1;3
17;0;SIN CORREGIMIENTO;0;SIN VEREDA;168;FUNDADORES I Y II;2;9
17;0;SIN CORREGIMIENTO;0;SIN VEREDA;170;MANZANARES;1;16
17;0;SIN CORREGIMIENTO;0;SIN VEREDA;170;MANZANARES;2;16
17;0;SIN CORREGIMIENTO;0;SIN VEREDA;172;PRADOS DEL MUTIS;1;37
17;0;SIN CORREGIMIENTO;0;SIN VEREDA;172;PRADOS DEL MUTIS;2;45
17;0;SIN CORREGIMIENTO;0;SIN VEREDA;173;ESTORAQUES;1;1560
17;0;SIN CORREGIMIENTO;0;SIN VEREDA;173;ESTORAQUES;2;1699
17;0;SIN CORREGIMIENTO;0;SIN VEREDA;174;EL BUENO;1;4
17;0;SIN CORREGIMIENTO;0;SIN VEREDA;174;EL BUENO;2;4
17;0;SIN CORREGIMIENTO;0;SIN VEREDA;176;LOS HêROES;1;35
17;0;SIN CORREGIMIENTO;0;SIN VEREDA;176;LOS HêROES;2;55
17;0;SIN CORREGIMIENTO;0;SIN VEREDA;360;EL RETIRO MORRORRICO;1;2
17;0;SIN CORREGIMIENTO;0;SIN VEREDA;360;EL RETIRO MORRORRICO;2;3
17;0;SIN CORREGIMIENTO;0;SIN VEREDA;363;LA GRAN LADERA;1;252
17;0;SIN CORREGIMIENTO;0;SIN VEREDA;363;LA GRAN LADERA;2;342
99;0;SIN CORREGIMIENTO;0;SIN VEREDA;0;BARRIO_S4;1;24
99;0;SIN CORREGIMIENTO;0;SIN VEREDA;0;BARRIO_S4;2;28
99;0;SIN CORREGIMIENTO;246;EL PEDREGAL;0;BARRIO_S4;1;2
99;0;SIN CORREGIMIENTO;246;EL PEDREGAL;0;BARRIO_S4;2;1
99;0;SIN CORREGIMIENTO;255;LOS SANTOS;0;BARRIO_S4;1;17
99;0;SIN CORREGIMIENTO;255;LOS SANTOS;0;BARRIO_S4;2;22
99;0;SIN CORREGIMIENTO;261;VIJAGUAL;0;BARRIO_S4;1;3
99;0;SIN CORREGIMIENTO;261;VIJAGUAL;0;BARRIO_S4;2;6
99;0;SIN CORREGIMIENTO;267;LA SABANA;0;BARRIO_S4;1;2
99;0;SIN CORREGIMIENTO;267;LA SABANA;0;BARRIO_S4;2;2
99;0;SIN CORREGIMIENTO;269;ANGELINOS;0;BARRIO_S4;1;1
99;0;SIN CORREGIMIENTO;277;SANTA BARBARA;0;BARRIO_S4;1;7
99;0;SIN CORREGIMIENTO;277;SANTA BARBARA;0;BARRIO_S4;2;5
99;0;SIN CORREGIMIENTO;295;EL NOGAL;0;BARRIO_S4;1;34
99;0;SIN CORREGIMIENTO;295;EL NOGAL;0;BARRIO_S4;2;31
99;0;SIN CORREGIMIENTO;358;VILLA CARMELO;0;BARRIO_S4;1;8
99;0;SIN CORREGIMIENTO;358;VILLA CARMELO;0;BARRIO_S4;2;6
99;0;SIN CORREGIMIENTO;364;VILLA LUZ CAMPESTRE;0;BARRIO_S4;1;3
99;0;SIN CORREGIMIENTO;364;VILLA LUZ CAMPESTRE;0;BARRIO_S4;2;2
99;1;CORREGIMIENTO UNO;0;SIN VEREDA;0;BARRIO_S4;1;90
99;1;CORREGIMIENTO UNO;0;SIN VEREDA;0;BARRIO_S4;2;81
99;1;CORREGIMIENTO UNO;246;EL PEDREGAL;0;BARRIO_S4;1;3
99;1;CORREGIMIENTO UNO;246;EL PEDREGAL;0;BARRIO_S4;2;9
99;1;CORREGIMIENTO UNO;248;LA MALA•A;0;BARRIO_S4;1;1
99;1;CORREGIMIENTO UNO;250;RETIRO GRANDE;0;BARRIO_S4;1;3
99;1;CORREGIMIENTO UNO;250;RETIRO GRANDE;0;BARRIO_S4;2;1
99;1;CORREGIMIENTO UNO;255;LOS SANTOS;0;BARRIO_S4;1;4
99;1;CORREGIMIENTO UNO;255;LOS SANTOS;0;BARRIO_S4;2;1
99;1;CORREGIMIENTO UNO;261;VIJAGUAL;0;BARRIO_S4;1;110
99;1;CORREGIMIENTO UNO;261;VIJAGUAL;0;BARRIO_S4;2;101
99;1;CORREGIMIENTO UNO;262;SAN CAYETANO;0;BARRIO_S4;1;83
99;1;CORREGIMIENTO UNO;262;SAN CAYETANO;0;BARRIO_S4;2;62
99;1;CORREGIMIENTO UNO;263;EL ABURRIDO;0;BARRIO_S4;1;116
99;1;CORREGIMIENTO UNO;263;EL ABURRIDO;0;BARRIO_S4;2;97
99;1;CORREGIMIENTO UNO;264;SAN PEDRO ALTO;0;BARRIO_S4;1;39
99;1;CORREGIMIENTO UNO;264;SAN PEDRO ALTO;0;BARRIO_S4;2;30
99;1;CORREGIMIENTO UNO;265;SANTA RITA;0;BARRIO_S4;1;47
99;1;CORREGIMIENTO UNO;265;SANTA RITA;0;BARRIO_S4;2;49
99;1;CORREGIMIENTO UNO;266;SAN IGNACIO;0;BARRIO_S4;1;92
99;1;CORREGIMIENTO UNO;266;SAN IGNACIO;0;BARRIO_S4;2;95
99;1;CORREGIMIENTO UNO;267;LA SABANA;0;BARRIO_S4;1;170
99;1;CORREGIMIENTO UNO;267;LA SABANA;0;BARRIO_S4;2;140
99;1;CORREGIMIENTO UNO;268;LA ESMERALDA;0;BARRIO_S4;1;111
99;1;CORREGIMIENTO UNO;268;LA ESMERALDA;0;BARRIO_S4;2;108
99;1;CORREGIMIENTO UNO;269;ANGELINOS;0;BARRIO_S4;1;217
99;1;CORREGIMIENTO UNO;269;ANGELINOS;0;BARRIO_S4;2;210
99;1;CORREGIMIENTO UNO;275;SAN PEDRO BAJO;0;BARRIO_S4;1;172
99;1;CORREGIMIENTO UNO;275;SAN PEDRO BAJO;0;BARRIO_S4;2;155
99;1;CORREGIMIENTO UNO;277;SANTA BARBARA;0;BARRIO_S4;1;2
99;1;CORREGIMIENTO UNO;277;SANTA BARBARA;0;BARRIO_S4;2;4
99;1;CORREGIMIENTO UNO;282;CAPILLA BAJA;0;BARRIO_S4;1;5
99;1;CORREGIMIENTO UNO;282;CAPILLA BAJA;0;BARRIO_S4;2;3
99;1;CORREGIMIENTO UNO;295;EL NOGAL;0;BARRIO_S4;1;364
99;1;CORREGIMIENTO UNO;295;EL NOGAL;0;BARRIO_S4;2;404
99;1;CORREGIMIENTO UNO;355;EL PEDREGAL;0;BARRIO_S4;1;2
99;1;CORREGIMIENTO UNO;355;EL PEDREGAL;0;BARRIO_S4;2;2
99;1;CORREGIMIENTO UNO;358;VILLA CARMELO;0;BARRIO_S4;1;411
99;1;CORREGIMIENTO UNO;358;VILLA CARMELO;0;BARRIO_S4;2;431
99;1;CORREGIMIENTO UNO;364;VILLA LUZ CAMPESTRE;0;BARRIO_S4;1;203
99;1;CORREGIMIENTO UNO;364;VILLA LUZ CAMPESTRE;0;BARRIO_S4;2;234
99;1;CORREGIMIENTO UNO;999;SIN VEREDA;0;BARRIO_S4;1;2
99;1;CORREGIMIENTO UNO;999;SIN VEREDA;0;BARRIO_S4;2;3
99;2;CORREGIMIENTO DOS;0;SIN VEREDA;0;BARRIO_S4;1;92
99;2;CORREGIMIENTO DOS;0;SIN VEREDA;0;BARRIO_S4;2;91
99;2;CORREGIMIENTO DOS;246;EL PEDREGAL;0;BARRIO_S4;1;6
99;2;CORREGIMIENTO DOS;246;EL PEDREGAL;0;BARRIO_S4;2;5
99;2;CORREGIMIENTO DOS;251;SAN JOSE;0;BARRIO_S4;1;2
99;2;CORREGIMIENTO DOS;251;SAN JOSE;0;BARRIO_S4;2;1
99;2;CORREGIMIENTO DOS;253;ROSA BLANCA;0;BARRIO_S4;1;100
99;2;CORREGIMIENTO DOS;253;ROSA BLANCA;0;BARRIO_S4;2;94
99;2;CORREGIMIENTO DOS;254;CUCHILLA ALTA;0;BARRIO_S4;1;44
99;2;CORREGIMIENTO DOS;254;CUCHILLA ALTA;0;BARRIO_S4;2;38
99;2;CORREGIMIENTO DOS;255;LOS SANTOS;0;BARRIO_S4;1;121
99;2;CORREGIMIENTO DOS;255;LOS SANTOS;0;BARRIO_S4;2;121
99;2;CORREGIMIENTO DOS;256;CAPILLA ALTA;0;BARRIO_S4;1;91
99;2;CORREGIMIENTO DOS;256;CAPILLA ALTA;0;BARRIO_S4;2;103
99;2;CORREGIMIENTO DOS;258;BOLARQU÷ BAJO;0;BARRIO_S4;1;70
99;2;CORREGIMIENTO DOS;258;BOLARQU÷ BAJO;0;BARRIO_S4;2;58
99;2;CORREGIMIENTO DOS;259;MONSERRATE;0;BARRIO_S4;1;78
99;2;CORREGIMIENTO DOS;259;MONSERRATE;0;BARRIO_S4;2;72
99;2;CORREGIMIENTO DOS;260;MAGUEYES;0;BARRIO_S4;1;95
99;2;CORREGIMIENTO DOS;260;MAGUEYES;0;BARRIO_S4;2;84
99;2;CORREGIMIENTO DOS;265;SANTA RITA;0;BARRIO_S4;1;45
99;2;CORREGIMIENTO DOS;265;SANTA RITA;0;BARRIO_S4;2;39
99;2;CORREGIMIENTO DOS;267;LA SABANA;0;BARRIO_S4;1;2
99;2;CORREGIMIENTO DOS;267;LA SABANA;0;BARRIO_S4;2;2
99;2;CORREGIMIENTO DOS;269;ANGELINOS;0;BARRIO_S4;1;14
99;2;CORREGIMIENTO DOS;269;ANGELINOS;0;BARRIO_S4;2;8
99;2;CORREGIMIENTO DOS;282;CAPILLA BAJA;0;BARRIO_S4;1;167
99;2;CORREGIMIENTO DOS;282;CAPILLA BAJA;0;BARRIO_S4;2;142
99;2;CORREGIMIENTO DOS;283;BOLARQU÷ ALTO;0;BARRIO_S4;1;74
99;2;CORREGIMIENTO DOS;283;BOLARQU÷ ALTO;0;BARRIO_S4;2;57
99;2;CORREGIMIENTO DOS;295;EL NOGAL;0;BARRIO_S4;1;6
99;2;CORREGIMIENTO DOS;295;EL NOGAL;0;BARRIO_S4;2;7
99;2;CORREGIMIENTO DOS;358;VILLA CARMELO;0;BARRIO_S4;1;4
99;2;CORREGIMIENTO DOS;358;VILLA CARMELO;0;BARRIO_S4;2;3
99;2;CORREGIMIENTO DOS;364;VILLA LUZ CAMPESTRE;0;BARRIO_S4;1;5
99;2;CORREGIMIENTO DOS;364;VILLA LUZ CAMPESTRE;0;BARRIO_S4;2;4
99;2;CORREGIMIENTO DOS;527;RETIRO GRANDE PARTE BAJA;0;BARRIO_S4;1;17
99;2;CORREGIMIENTO DOS;527;RETIRO GRANDE PARTE BAJA;0;BARRIO_S4;2;9
99;3;CORREGIMIENTO TRES;0;SIN VEREDA;0;BARRIO_S4;1;1
99;3;CORREGIMIENTO TRES;246;EL PEDREGAL;0;BARRIO_S4;1;89
99;3;CORREGIMIENTO TRES;246;EL PEDREGAL;0;BARRIO_S4;2;96
99;3;CORREGIMIENTO TRES;248;LA MALA•A;0;BARRIO_S4;1;187
99;3;CORREGIMIENTO TRES;248;LA MALA•A;0;BARRIO_S4;2;208
99;3;CORREGIMIENTO TRES;249;EL GUALILO ALTO;0;BARRIO_S4;1;112
99;3;CORREGIMIENTO TRES;249;EL GUALILO ALTO;0;BARRIO_S4;2;102
99;3;CORREGIMIENTO TRES;250;RETIRO GRANDE;0;BARRIO_S4;1;70
99;3;CORREGIMIENTO TRES;250;RETIRO GRANDE;0;BARRIO_S4;2;58
99;3;CORREGIMIENTO TRES;251;SAN JOSE;0;BARRIO_S4;1;119
99;3;CORREGIMIENTO TRES;251;SAN JOSE;0;BARRIO_S4;2;122
99;3;CORREGIMIENTO TRES;252;RETIRO CHIQUITO;0;BARRIO_S4;1;149
99;3;CORREGIMIENTO TRES;252;RETIRO CHIQUITO;0;BARRIO_S4;2;159
99;3;CORREGIMIENTO TRES;254;CUCHILLA ALTA;0;BARRIO_S4;1;2
99;3;CORREGIMIENTO TRES;254;CUCHILLA ALTA;0;BARRIO_S4;2;1
99;3;CORREGIMIENTO TRES;255;LOS SANTOS;0;BARRIO_S4;1;2
99;3;CORREGIMIENTO TRES;255;LOS SANTOS;0;BARRIO_S4;2;2
99;3;CORREGIMIENTO TRES;259;MONSERRATE;0;BARRIO_S4;1;5
99;3;CORREGIMIENTO TRES;259;MONSERRATE;0;BARRIO_S4;2;2
99;3;CORREGIMIENTO TRES;276;EL GUALILO BAJO;0;BARRIO_S4;1;157
99;3;CORREGIMIENTO TRES;276;EL GUALILO BAJO;0;BARRIO_S4;2;166
99;3;CORREGIMIENTO TRES;277;SANTA BARBARA;0;BARRIO_S4;1;437
99;3;CORREGIMIENTO TRES;277;SANTA BARBARA;0;BARRIO_S4;2;476
99;3;CORREGIMIENTO TRES;355;EL PEDREGAL;0;BARRIO_S4;1;283
99;3;CORREGIMIENTO TRES;355;EL PEDREGAL;0;BARRIO_S4;2;286
99;3;CORREGIMIENTO TRES;527;RETIRO GRANDE PARTE BAJA;0;BARRIO_S4;1;5
99;3;CORREGIMIENTO TRES;527;RETIRO GRANDE PARTE BAJA;0;BARRIO_S4;2;3
